Date,EWATR_20
2012-05-10,16.666987263714468
2012-05-09,17.938249080947568
2012-05-08,18.737012142099942
2012-05-07,17.929329209689413
2012-05-03,18.99662702123567
2012-05-02,19.386798286628906
2012-04-30,21.372777053642476
2012-04-26,23.240437796131157
2012-04-24,23.844694406250227
2012-04-23,19.562030659539715
2012-04-19,20.658033886859688
2012-04-18,22.42098482231859
2012-04-17,23.349509540457397
2012-04-12,20.683142123663444
2012-04-11,22.75715708404907
2012-04-10,23.53475256658055
2012-04-09,19.36788441569429
2012-04-05,21.34239856471474
2012-04-04,21.547914203105766
2012-04-03,23.012957803432688
2012-04-02,22.66484809853086
2012-03-29,24.39693737206043
2012-03-28,25.93240446385627
2012-03-27,26.66213124952535
2012-03-26,21.73288190737012
2012-03-22,23.73213263446171
2012-03-21,24.790251859141883
2012-03-20,25.72290994957788
2012-03-19,24.377953102165023
2012-03-15,24.81457974449818
2012-03-14,26.20243024391904
2012-03-13,23.23531763801578
2012-03-12,20.56956159991218
2012-03-08,20.69477861042924
2012-03-07,22.33317635889546
2012-03-06,22.151405449305518
2012-03-05,24.169448128179777
2012-03-01,25.618863720619757
2012-02-29,24.599796743842884
2012-02-28,27.00188061161582
2012-02-27,26.833657518101695
2012-02-23,25.540358309480823
2012-02-22,27.739343394689335
2012-02-21,27.04980059413031
2012-02-20,24.713990130354553
2012-02-16,26.4880943546024
2012-02-15,27.83420954982371
2012-02-14,30.596757923489374
2012-02-13,21.84062717859351
2012-02-09,23.220693197392837
2012-02-08,22.186029323434184
2012-02-07,22.491927146953575
2012-02-06,23.484761583475013
2012-02-02,22.370525960682905
2012-02-01,24.164265535491626
2012-01-31,23.24681980238548
2012-01-30,23.171748202636586
2012-01-26,16.64666906607202
2012-01-24,13.155792125658548
2012-01-19,13.098507086254186
2012-01-18,13.390981516386205
2012-01-17,13.41003220232159
2012-01-16,13.20477243414492
2012-01-12,14.240011637739121
2012-01-11,14.806328652237973
2012-01-10,13.649100089315652
2012-01-09,14.998479046085722
2012-01-05,15.593055787778953
2012-01-04,16.98074587070305
2012-01-03,18.17240333077705
2012-01-02,19.29055104980621
2011-12-29,19.201135370838447
2011-12-28,19.885465409874072
2011-12-27,18.71130387407134
2011-12-21,20.283020071342012
2011-12-20,19.118074815693802
2011-12-19,17.279977427872097
2011-12-15,18.99892242027969
2011-12-14,20.476703727677553
2011-12-13,21.817409383222557
2011-12-12,21.927663002509146
2011-12-08,23.543206476457478
2011-12-07,24.89722821082142
2011-12-06,26.569568022486834
2011-12-05,27.278996235380184
2011-12-01,28.172574786472836
2011-11-30,29.506530027154188
2011-11-29,25.32511213527568
2011-11-24,26.108808149515227
2011-11-23,26.450787954727353
2011-11-22,22.823502476277596
2011-11-21,16.331239579043658
2011-11-17,16.515580587364045
2011-11-16,17.909852228139208
2011-11-15,19.69088930478544
2011-11-14,14.221509231604962
2011-11-10,15.061668098089696
2011-11-02,16.369212108414928
2011-11-01,15.979655488248087
2011-10-31,15.190145539642632
2011-10-27,15.811213491183953
2011-10-26,16.532393858676997
2011-10-25,17.8284353174851
2011-10-24,19.01353377195722
2011-10-20,20.852853116373762
2011-10-19,21.419469233886794
2011-10-18,22.32783441640119
2011-10-17,21.571816986548683
2011-10-13,20.693060879869595
2011-10-12,21.96285676196113
2011-10-11,21.498946947430724
2011-10-10,23.505151889265534
2011-10-05,23.474115246030326
2011-10-04,24.319811587717727
2011-10-03,26.79452859695117
2011-09-28,22.18553160715656
2011-09-26,22.830324407909874
2011-09-22,21.96193750347934
2011-09-21,23.388457240687696
2011-09-20,24.719873792339044
2011-09-19,27.006176296795786
2011-09-15,26.30051064382693
2011-09-14,27.3047749221245
2011-09-13,28.08738280866392
2011-09-12,27.07658099904959
2011-09-08,29.027800051581117
2011-09-07,32.0002000570107
2011-09-06,35.21601058932762
2011-09-05,36.98085380925684
2011-08-25,40.701996315494405
2011-08-24,44.14220645396749
2011-08-23,48.3434913438588
2011-08-22,49.80806938005446
2011-08-18,54.547866156902295
2011-08-17,57.78237838394465
2011-08-16,62.35210242435988
2011-08-11,56.39127110060828
2011-08-10,51.66298384804072
2011-08-08,48.14750846362394
2011-08-03,51.33671988084751
2011-08-02,53.464795657778836
2011-08-01,56.87266888491346
2011-07-28,62.12031824122014
2011-07-27,66.56772016134857
2011-07-26,71.03590123096421
2011-07-25,74.98915399211833
2011-07-21,79.03432809655185
2011-07-20,83.38531000145205
2011-07-19,87.33639526476279
2011-07-18,91.70338424000096
2011-07-14,98.64689837052738
2011-07-13,104.43288767268817
2011-07-12,110.89213900665536
2011-07-11,114.58815363893487
2011-07-07,118.67322244303327
2011-07-06,120.20619322651045
2011-07-05,121.90052935561681
2011-07-04,124.0584798141028
2011-06-30,127.68884611032415
2011-06-29,129.43188254298985
2011-06-28,131.35839649488352
2011-06-27,130.90454349434495
2011-06-23,130.40291649374967
2011-06-22,128.5316445457233
2011-06-21,124.64444923474682
2011-06-20,120.34807546998334
2011-06-15,114.29839920366581
2011-06-14,107.61191490931485
2011-06-13,101.57001121555852
2011-06-09,96.10790713298574
2011-06-08,92.2308447259316
2011-06-07,88.76040732866126
2011-06-06,85.36887125799402
2011-06-02,79.1771734956776
2011-06-01,72.33371807416997
2011-05-31,65.19726734513523
2011-05-26,60.92329548672842
2011-05-25,57.589958169541944
2011-05-24,52.78153271370425
2011-05-23,47.466957209883645
2011-05-19,43.32558428460825
2011-05-18,40.117751051409115
2011-05-17,36.576461688399554
2011-05-16,34.581352392441616
2011-05-12,35.60781053901442
2011-05-11,37.13179059575278
2011-05-10,40.59408434267412
2011-05-09,44.47977743137667
2011-05-05,47.742911897837374
2011-05-04,49.51374472918869
2011-05-03,51.470981016471704
2011-05-02,53.666873755047675
2011-04-28,57.8833867818948
2011-04-27,62.54374328525215
2011-04-26,67.65466363106816
2011-04-21,72.36778611854902
2011-04-20,77.01281623629103
2011-04-19,81.1531126822164
2011-04-18,79.72080875402865
2011-04-14,81.53984125445272
2011-04-13,83.73245612334249
2011-04-12,87.63166203106276
2011-04-11,87.74552119222727
2011-04-07,85.87031289667226
2011-04-06,83.79771425421671
2011-04-05,82.13115785992373
2011-04-04,80.87970079254728
2011-03-31,80.71966929702594
2011-03-30,20.879634486186568
2011-03-24,21.6774907478904
2011-01-20,22.251963458194652
2011-01-18,17.319538559057236
2011-01-17,10.19212156527379
2011-01-13,9.836555414249986
2011-01-12,10.442508615749967
2011-01-11,10.664877943723631
2011-01-10,10.981180885168216
2011-01-06,11.437094662554335
2011-01-05,12.272578311244265
2011-01-04,10.064428659796294
2011-01-03,10.772263255564333
2010-12-30,9.695659387729
2010-12-29,9.64362353380573
2010-12-28,9.162952326837909
2010-12-27,10.03589467703136
2010-12-23,10.165988853560982
2010-12-22,10.239250838146345
2010-12-21,10.662329873740694
2010-12-20,11.19625933413446
2010-12-16,11.608497158780196
2010-12-15,11.628338964967579
2010-12-14,12.09553254022732
2010-12-13,13.221378070777577
2010-12-09,12.965733657175207
2010-12-08,11.73054772635154
2010-12-02,12.477973802809586
2010-12-01,13.119865782052715
2010-11-30,12.533535864374048
2010-11-29,13.657065955360778
2010-11-25,15.082020266451398
2010-11-24,15.487496083972594
2010-11-23,15.307232513864442
2010-11-22,12.057467515323852
2010-11-11,12.736148306410584
2010-11-10,12.752584970243285
2010-11-04,12.761278125005727
2010-11-03,12.689833717111611
2010-11-02,13.564553055754928
2010-11-01,11.648190219518606
2010-10-28,12.467999716310047
2010-10-27,10.42147337065849
2010-10-26,10.26373372546464
2010-10-25,11.287284643934605
2010-10-21,10.768051448559298
2010-10-20,9.606793706302387
2010-10-19,10.398035149071067
2010-10-18,11.340986217394331
2010-10-14,11.871616345541106
2010-10-13,11.931786487177016
2010-10-12,12.583553485827228
2010-10-11,13.876559115914308
2010-10-05,13.109881128115806
2010-10-04,10.328815983706946
2010-09-30,9.771849245149793
2010-09-29,10.416254428849761
2010-09-28,10.884281210833967
2010-09-27,11.28262660144808
2010-09-23,11.32500834896892
2010-09-22,11.943430280439353
2010-09-21,11.776422941538211
2010-09-20,11.202362198542254
2010-09-16,12.108926640494078
2010-09-15,12.769866286861882
2010-09-14,13.775115369689447
2010-09-13,11.55460119807782
2010-09-08,11.665611850507066
2010-09-07,11.279886782139396
2010-09-06,12.014611706575128
2010-09-02,12.651939254635664
2010-09-01,11.567932860386808
2010-08-31,11.610873161480171
2010-08-30,11.428859810057016
2010-08-26,11.806634526905132
2010-08-24,12.864175003421462
2010-08-23,12.244614477465827
2010-08-19,13.114573896146439
2010-08-18,13.709792201003953
2010-08-17,13.07187559058332
2010-08-16,12.975230915907877
2010-08-12,13.407360486003455
2010-08-11,12.4544510634775
2010-08-10,13.299130122790913
2010-08-09,12.923249083084704
2010-08-05,13.153064776040988
2010-08-04,14.303913699834775
2010-08-03,15.675904615606857
2010-08-02,16.871262996197036
2010-07-29,15.57034331158622
2010-07-27,15.739853133858448
2010-07-26,15.522995569001447
2010-07-22,16.4096266815279
2010-07-21,17.296955805899255
2010-07-20,16.94610904862548
2010-07-19,18.198331053743956
2010-07-15,18.89920800676964
2010-07-14,20.464387796955922
2010-07-13,20.19327072295126
2010-07-12,22.148351851682957
2010-07-08,23.690283625544318
2010-07-07,22.971366112443718
2010-07-06,21.731509913753584
2010-07-05,18.551668852043427
2010-06-30,19.045528731205906
2010-06-29,17.544005439753903
2010-06-28,18.268637591306938
2010-06-24,19.765336285128726
2010-06-23,21.798529578300187
2010-06-22,19.741532691805478
2010-06-21,19.96169402778499
2010-06-17,20.09766182018343
2010-06-16,20.23846832757116
2010-06-15,22.29409657257867
2010-06-14,23.442948843376435
2010-06-10,25.171680300573957
2010-06-09,27.62869927958175
2010-06-08,28.039088677432456
2010-06-07,30.032676959267462
2010-06-03,32.26874821813772
2010-06-02,35.39598487267855
2010-06-01,34.98819380664471
2010-05-31,36.61747736523889
2010-05-27,36.56036971947455
2010-05-26,33.70988232152449
2010-05-25,29.155133092211273
2010-05-24,27.42830499665455
2010-05-20,28.786021312091872
2010-05-19,23.603497239680493
2010-05-18,22.830181159646855
2010-05-17,18.36388443960968
2010-05-13,19.98955648588438
2010-05-12,21.92529927387219
2010-05-11,19.865857092174526
2010-05-10,18.824368365035003
2010-05-06,20.299565035038693
2010-05-05,19.28583503872697
2010-05-04,20.85802820069824
2010-05-03,20.60624169550858
2010-04-29,21.787951347667388
2010-04-28,21.274051489527128
2010-04-27,22.22079375158262
2010-04-26,20.446140462275537
2010-04-22,20.07520787935717
2010-04-21,21.824177129815816
2010-04-20,22.35303788032275
2010-04-19,21.098620815093568
2010-04-15,20.738475637734997
2010-04-14,19.52778886275973
2010-04-13,19.93492453252393
2010-04-12,20.35123237805276
2010-04-08,21.592414733637266
2010-04-07,22.413721547704352
2010-04-06,20.733060657989032
2010-04-01,19.676540727251012
2010-03-31,21.404597645909014
2010-03-30,23.01034476653101
2010-03-29,22.929328426165856
2010-03-25,23.439784049972793
2010-03-24,25.80607710786466
2010-03-23,22.53724311921882
2010-03-22,23.961163447557645
2010-03-18,23.65918065256372
2010-03-17,25.16435756335991
2010-03-16,25.29113204371358
2010-03-15,15.449145943051859
2010-03-11,16.578529726531
2010-03-10,16.215217066165845
2010-03-09,15.69997675734121
2010-03-08,16.45576378442976
2010-03-04,17.12373891963288
2010-03-03,17.04729038485738
2010-03-02,18.444899899052896
2010-03-01,19.391731467374246
2010-02-25,19.79717688499259
2010-02-24,20.606353399202323
2010-02-23,19.333337967539407
2010-02-22,17.10737354306987
2010-02-18,16.402886547603543
2010-02-17,16.524243026298652
2010-02-16,16.87837387117221
2010-02-15,17.086623752348224
2010-02-11,17.943110463121716
2010-02-10,18.55817472239767
2010-02-09,19.509561535281634
2010-02-08,18.361094328469168
2010-02-04,19.62331478409749
2010-02-03,19.825768971897222
2010-02-02,20.40637623209691
2010-02-01,22.20599478284396
2010-01-28,22.02031002314332
2010-01-27,23.188763709790003
2010-01-26,19.850738837136337
2010-01-21,21.711869241045417
2010-01-20,22.503644950629138
2010-01-19,23.18823915595852
2010-01-18,22.344895909217307
2010-01-13,24.655937583871747
2010-01-12,26.046036276910872
2010-01-11,26.189829569217274
2010-01-06,25.501390576503322
2010-01-04,23.198379058240505
2009-12-31,25.287682117002674
2009-12-30,25.97164865563454
2009-12-29,23.346559040438166
2009-12-24,25.68409157101062
2009-12-23,28.08557489427488
2009-12-22,30.239845935777513
2009-12-21,30.66193498164883
2009-12-17,33.47055971655923
2009-12-16,34.91061863409178
2009-12-14,32.668578490311965
2009-12-10,34.800007805081634
2009-12-09,31.500008626669167
2009-12-08,31.492641113686982
2009-12-03,31.121340178285614
2009-12-02,31.326744407578854
2009-12-01,29.831664871534525
2009-11-30,21.172892752748695
2009-11-25,22.497407779353825
2009-11-24,22.891871756127912
2009-11-23,24.93627930940453
2009-11-19,27.108519236710276
2009-11-18,25.83152126162715
2009-11-17,22.488523499693173
2009-11-16,24.840999657555603
2009-11-12,23.429525937298298
2009-11-11,25.631581299119173
2009-11-10,26.49701090955276
2009-11-09,26.820906794768835
2009-11-05,25.466265404744497
2009-11-04,26.754293342086022
2009-11-03,20.121061062305607
2009-11-02,20.002225384653563
2009-10-29,21.3287754251434
2009-10-28,19.428646522526932
2009-10-27,19.029556682792922
2009-10-26,19.05687843887639
2009-10-22,20.15023406402129
2009-10-21,19.967100807602495
2009-10-20,21.961532471560652
2009-10-19,22.558535889619673
2009-10-15,24.56048703589543
2009-10-14,22.098433039673893
2009-10-13,21.571952307007997
2009-10-12,21.539526234061483
2009-10-08,21.225792153436377
2009-10-07,18.736928169587586
2009-10-05,18.373446924281012
2009-10-01,19.269599232100077
2009-09-29,21.28218862495273
2009-09-28,19.19715584863195
2009-09-24,20.03580383269847
2009-09-23,17.4585200256141
2009-09-17,17.350995817784
2009-09-16,16.960574324919165
2009-09-15,17.885897938068545
2009-09-14,19.622308247338932
2009-09-10,20.714130168111453
2009-09-08,22.882985975281063
2009-09-07,22.23908976215275
2009-09-03,21.49267815816884
2009-09-02,22.91401270113398
2009-09-01,22.250224564411237
2009-08-31,23.11340609750716
2009-08-27,24.596922528823704
2009-08-26,26.232388058173548
2009-08-25,27.25158680113919
2009-08-24,26.077016990732805
2009-08-20,25.419860884494135
2009-08-19,24.90089887233561
2009-08-18,26.0346777010025
2009-08-17,23.81938061689751
2009-08-13,23.315104892360416
2009-08-12,23.91248435471413
2009-08-11,24.410640602578795
2009-08-10,24.39281329758707
2009-08-06,25.797319960490956
2009-08-05,26.721248377384743
2009-08-04,27.517169259214707
2009-08-03,26.34634497071098
2009-07-30,25.30069707289109
2009-07-29,27.049191501616487
2009-07-28,29.21436955441822
2009-07-27,31.84325056014645
2009-07-22,34.756224303319776
2009-07-21,38.05687949314293
2009-07-20,38.402866808210604
2009-07-16,37.633694893285394
2009-07-15,39.73303119784175
2009-07-14,39.99124500814088
2009-07-13,38.38400764057676
2009-07-09,39.649692655374324
2009-07-08,38.1928181980453
2009-07-07,40.50258853468165
2009-07-06,38.22917680149023
2009-07-02,32.6111954121734
2009-06-30,31.754479139770602
2009-06-29,32.81705589132542
2009-06-25,33.010430195675454
2009-06-24,34.59573863732552
2009-06-23,31.506869020201886
2009-06-22,26.761276285486282
2009-06-18,26.668779052379588
2009-06-17,27.930755794735326
2009-06-16,28.17083535207588
2009-06-15,28.30460749439967
2009-06-11,30.010355651704906
2009-06-10,28.691445720305424
2009-06-09,28.930545269811248
2009-06-08,29.840076350844015
2009-06-04,30.108505440406546
2009-06-03,32.772558644659874
2009-06-02,35.629670080939874
2009-06-01,27.18121429998619
2009-05-28,25.465552647353157
2009-05-27,25.567189768127175
2009-05-26,26.243736059508972
2009-05-25,27.44097143419414
2009-05-21,25.721073690425104
2009-05-20,26.698028815733007
2009-05-19,25.860979217389104
2009-05-18,25.016871766587947
2009-05-14,23.456542478860346
2009-05-13,21.76144168716144
2009-05-12,19.083698706862638
2009-05-11,15.88514067600607
2009-05-07,14.663576536638288
2009-05-06,14.180795119442317
2009-05-05,14.736668289909945
2009-05-04,15.616317583584689
2009-04-30,16.129614171330445
2009-04-29,14.86431039989156
2009-04-28,14.534237810406461
2009-04-27,15.57152600097558
2009-04-23,16.110634001078267
2009-04-22,16.374911264349674
2009-04-21,13.440691397439114
2009-04-16,12.741816807695871
2009-04-14,11.730429103242816
2009-04-13,12.661000587794705
2009-04-09,13.296895386509924
2009-04-08,14.616568585089917
2009-04-07,13.471996857204644
2009-04-06,11.13325968427881
2009-04-02,10.137813335255537
2009-04-01,11.059688423177183
2009-03-31,11.509129309827394
2009-03-30,12.131142921388182
2009-03-26,12.241789544692208
2009-03-25,13.456714759922962
2009-03-23,11.376368945178008
2009-03-19,11.709670939407268
2009-03-18,11.508583669871202
2009-03-17,11.83159247722606
2009-03-16,11.749654843249868
2009-03-12,12.909618510960378
2009-03-11,13.952736248956207
2009-03-10,14.796182169898982
2009-03-05,16.29156976673046
2009-03-04,16.06541921585998
2009-03-03,17.738621238582073
2009-03-02,19.31742347422229
2009-02-26,20.185573313614118
2009-02-25,21.067212609784004
2009-02-24,21.53849814765599
2009-02-23,23.481497952672395
2009-02-19,24.393234579269496
2009-02-18,24.536732956034708
2009-02-17,23.75849431982783
2009-02-16,23.876230564020222
2009-02-12,25.383202202338147
2009-02-11,27.76669717100532
2009-02-10,27.809507399532205
2009-02-09,30.063139757377712
2009-02-05,28.008733416049033
2009-02-04,29.926494828264723
2009-02-03,22.986125862818916
2009-01-29,24.813086479957736
2009-01-28,26.40814821469012
2009-01-27,24.8132164478154
2009-01-26,25.316712916006498
2009-01-22,26.947945854533508
2009-01-21,22.981413839221236
2009-01-20,19.915246874928748
2009-01-19,19.288430756500183
2009-01-15,19.28931820455284
2009-01-14,20.367141173453142
2009-01-13,19.88789287592189
2009-01-12,21.582407915492617
2009-01-08,23.17108243291289
2009-01-06,25.470143741640545
2009-01-05,23.02384308286586
2008-12-31,23.534773933693863
2008-12-30,21.82369750566164
2008-12-24,22.594613032573395
2008-12-23,23.72983545705481
2008-12-22,24.2919233999027
2008-12-18,26.29738902094509
2008-12-17,28.185535233676163
2008-12-16,30.11769683722103
2008-12-15,33.246928083244306
2008-12-11,35.62765735516477
2008-12-10,38.77583181360317
2008-12-04,42.340656215035075
2008-12-03,46.27862002714402
2008-12-01,49.694264240527616
2008-11-27,53.852607844793674
2008-11-26,56.33814551266669
2008-11-25,57.48216082978953
2008-11-24,58.103440917135806
2008-11-20,58.253276803150094
2008-11-19,61.33256909821853
2008-11-18,55.42126058224154
2008-11-17,53.94455116984592
2008-11-13,54.97239866140865
2008-11-12,53.09896694155693
2008-11-11,57.988331882773444
2008-11-10,58.7828931335917
2008-11-06,62.24003977923292
2008-11-05,68.25899133494165
2008-11-04,71.11677989651444
2008-11-03,67.84696725404227
2008-10-29,74.07191117552043
2008-10-28,74.00579656241732
2008-10-27,70.49377514793494
2008-10-23,71.25311990034913
2008-10-22,59.55029041617534
2008-10-20,63.41032098629905
2008-10-16,65.22930214275159
2008-10-15,67.85870236830439
2008-10-14,64.49119735444171
2008-10-13,70.41132339175137
2008-10-09,74.93988374877782
2008-10-08,72.62408203812286
2008-10-07,52.515038042135764
2008-09-29,54.97556836236055
2008-09-25,59.56562818997742
2008-09-24,60.260957473132926
2008-09-23,60.809479312410105
2008-09-22,60.1462666084533
2008-09-18,53.16692625144841
2008-09-17,52.83186585686404
2008-09-16,48.229956999691865
2008-09-15,35.667847210185734
2008-09-11,38.120252179678985
2008-09-10,39.46869977753994
2008-09-09,42.84856291201786
2008-09-08,44.178937955388164
2008-09-04,48.795668266481634
2008-09-03,50.07521229453235
2008-09-02,49.18628727290418
2008-09-01,50.41326488057828
2008-08-28,51.85887171011286
2008-08-27,53.279805574335256
2008-08-26,56.4997851084758
2008-08-25,57.60081511989431
2008-08-21,59.07774302725158
2008-08-20,58.758558082751726
2008-08-19,57.5057747230414
2008-08-18,60.11375100967733
2008-08-14,55.587830063327566
2008-08-13,50.38654901736204
2008-08-12,47.34302786129487
2008-08-11,39.129662373010135
2008-08-07,42.30436367543228
2008-08-06,44.38377037810934
2008-08-05,46.75364094422613
2008-08-04,48.555076833092
2008-07-31,49.21140071025961
2008-07-30,51.21891657449743
2008-07-29,45.42406568760243
2008-07-28,42.94765154945529
2008-07-24,44.673720133608505
2008-07-22,46.30253277925152
2008-07-21,50.211220440225354
2008-07-17,50.26398048656486
2008-07-16,42.91176790620326
2008-07-15,45.87616452790886
2008-07-14,47.29260289926768
2008-07-10,52.26024530971692
2008-07-09,55.036060605476614
2008-07-08,59.9893301428952
2008-07-07,47.762943842147344
2008-07-03,46.87272740447867
2008-07-02,43.72669871021329
2008-06-30,39.51687752181471
2008-06-26,39.32602252411101
2008-06-25,34.9171827898069
2008-06-24,38.55372834662869
2008-06-23,40.743594488379074
2008-06-19,36.19134127662947
2008-06-18,36.727271937327316
2008-06-17,37.15645845704597
2008-06-16,37.85924355778765
2008-06-12,40.87284814281793
2008-06-11,43.80788478943032
2008-06-10,45.40029371463348
2008-06-09,44.66453515827912
2008-06-05,47.0860651749401
2008-06-04,45.93091414072328
2008-06-03,48.60995773448362
2008-06-02,50.485742759166115
2008-05-29,54.004241996973086
2008-05-28,58.49100431244393
2008-05-27,57.24058371375378
2008-05-26,53.43222410467527
2008-05-22,56.595616115693716
2008-05-21,61.00462833839831
2008-05-20,59.8314313213876
2008-05-19,54.81684514469158
2008-05-15,44.77019726518545
2008-05-14,45.81021802994183
2008-05-13,39.7744515067778
2008-05-12,27.20228850749125
2008-05-08,26.060424139858732
2008-05-07,26.595205628264914
2008-05-06,26.06838516808228
2008-05-05,25.522952027880418
2008-04-30,27.9169469781836
2008-04-29,28.890309817992392
2008-04-24,31.167184535675826
2008-04-23,31.12899343416805
2008-04-22,33.14888747986994
2008-04-21,30.957191425119433
2008-04-17,29.35900104881623
2008-04-16,30.2220537907969
2008-04-15,32.42437524245971
2008-04-14,30.35852000482387
2008-04-10,33.4299431632264
2008-04-09,35.36783191725023
2008-04-08,35.9402352769608
2008-04-07,35.51499688506193
2008-04-03,36.03657550454215
2008-04-02,39.48253082080973
2008-04-01,41.46174459142125
2008-03-31,40.381928232623515
2008-03-27,42.21265752026812
2008-03-26,44.00662146977007
2008-03-25,44.64100267711428
2008-03-24,48.62110822207369
2008-03-19,50.892803824397234
2008-03-18,54.526783174333794
2008-03-17,49.48328666636892
2008-03-13,49.707843157565655
2008-03-12,44.37393191099361
2008-03-11,47.46066158583507
2008-03-10,48.73020491065985
2008-03-06,51.6839106907293
2008-03-05,51.18748023712189
2008-03-04,48.584057104187345
2008-03-03,53.362378904628116
2008-02-28,54.274208263009996
2008-02-27,55.46833544858996
2008-02-26,56.58079181159942
2008-02-25,52.76613831808355
2008-02-21,52.06046866735552
2008-02-20,44.466833790235015
2008-02-14,44.260184715522925
2008-02-13,43.60336205399902
2008-02-12,46.84582121757789
2008-02-11,44.630644503638685
2008-02-07,48.001238661916474
2008-02-06,45.382421678960306
2008-02-05,50.0300450135877
2008-02-04,50.0879444887022
2008-01-31,52.51930706646035
2008-01-30,54.21502359977198
2008-01-29,56.2366050313269
2008-01-28,60.46151082409816
2008-01-24,63.67535406874005
2008-01-23,58.605391339133725
2008-01-22,55.52595884851621
2008-01-21,36.20974399046531
2008-01-17,36.50340125261955
2008-01-16,33.91639085815845
2008-01-15,36.95601094849092
2008-01-14,39.268222627279464
2008-01-10,41.759614482782524
2008-01-08,36.60799495465439
2008-01-03,39.02146810777592
2008-01-02,36.62372790859442
2007-12-31,37.76622558318331
2007-12-27,38.1437230129921
2007-12-26,39.1788517512018
2007-12-24,35.239783514486206
2007-12-17,34.326076516011064
2007-12-13,33.47092667559115
2007-12-12,34.31207685196917
2007-12-11,31.50703231007118
2007-12-10,28.225667290078643
2007-12-06,28.562053320613217
2007-12-05,28.440164196467258
2007-12-04,27.1317604276743
2007-12-03,27.14457731479794
2007-11-29,25.360848611092443
2007-11-28,25.46093793857587
2007-11-27,27.868405090004895
2007-11-26,28.979816152110633
2007-11-22,28.755586273385425
2007-11-21,27.78354272321549
2007-11-20,30.421810378290825
2007-11-19,25.22831673390041
2007-11-15,26.5934027058899
2007-11-14,25.399024043351993
2007-11-13,24.443131837389043
2007-11-12,23.899250978166826
2007-11-08,21.58864581797382
2007-11-07,22.723240114602646
2007-11-06,22.22252854771876
2007-11-05,22.153321026425985
2007-11-01,19.5684074502603
2007-10-31,20.066134550287682
2007-10-30,19.319411871370612
2007-10-29,17.914086805199087
2007-10-25,17.72714857416741
2007-10-24,17.094216845132376
2007-10-23,16.56623967093582
2007-10-22,17.227949109981722
2007-10-18,18.314049016295602
2007-10-17,19.602896281168803
2007-10-16,18.79583273181815
2007-10-11,19.219604598325326
2007-10-10,20.218510345517462
2007-10-09,20.916248276624547
2007-10-08,19.900063884690272
2007-10-04,21.96954429360501
2007-10-03,22.970548956089743
2007-10-02,23.537975161993934
2007-10-01,23.37355149483536
2007-09-27,23.002346389028595
2007-09-26,22.71417232471579
2007-09-25,24.440927306264825
2007-09-24,23.433656496397944
2007-09-20,23.543515074966162
2007-09-19,23.424937714436275
2007-09-18,25.873878526482212
2007-09-17,24.457444687164557
2007-09-13,25.504544127918745
2007-09-12,25.795548772962846
2007-09-11,23.849817064853653
2007-09-10,25.75821886115401
2007-09-06,26.318031372854424
2007-09-05,28.568350464733832
2007-09-04,27.432387355758433
2007-09-03,22.720007077417236
2007-08-30,23.233692032934822
2007-08-29,23.739343825875345
2007-08-28,25.305590544388572
2007-08-27,23.771442180639987
2007-08-23,25.93475188386522
2007-08-22,26.769988924272084
2007-08-21,26.62472460051124
2007-08-20,25.648379821617674
2007-08-16,23.983998750209004
2007-08-14,23.248630197599446
2007-08-13,18.103222849978323
2007-08-09,18.651983149976054
2007-08-08,20.282718218394603
2007-08-07,20.514583294015047
2007-08-06,22.50769732496396
2007-08-02,24.854823359170737
2007-08-01,24.15533108118871
2007-07-31,23.91273435289278
2007-07-30,18.115127442670943
2007-07-26,18.820930331373162
2007-07-25,20.064186155728258
2007-07-24,20.883574172120685
2007-07-19,22.90395040076496
2007-07-18,24.226471495582356
2007-07-17,22.45031060038051
2007-07-13,24.81350118989425
2007-07-12,27.115974999356798
2007-07-11,26.262919736131174
2007-07-10,26.377963918881814
2007-07-09,24.416696962974616
2007-07-04,26.037401906445627
2007-07-03,25.138181054492545
2007-07-02,22.933779060228613
2007-06-28,24.68049264551582
2007-06-27,25.876333976622732
2007-06-26,26.9738428162672
2007-06-25,24.78898416534796
2007-06-21,25.27308776170037
2007-06-20,24.701833841879377
2007-06-19,23.436763719971967
2007-06-18,24.116423058916382
2007-06-15,20.443414959854977
2007-06-14,20.23535337668181
2007-06-13,19.0443379426483
2007-06-12,19.49742614713762
2007-06-11,20.563471004731063
2007-06-07,17.983836373650153
2007-06-06,19.152661255087
2007-06-05,19.940309808254046
2007-06-04,18.49192136701765
2007-05-31,17.873176247756362
2007-05-30,18.961931642257014
2007-05-29,16.720029709863038
2007-05-28,16.613717047743357
2007-05-24,16.48779252645319
2007-05-23,16.077033845027177
2007-05-22,17.2914584602932
2007-05-21,17.56950671927147
2007-05-17,18.349454794984222
2007-05-16,16.02518687866674
2007-05-15,15.892048655368505
2007-05-14,15.885948513828318
2007-05-10,16.605522041599702
2007-05-09,16.082945414399653
2007-05-08,16.959044931704902
2007-05-07,14.844207556094872
2007-05-03,16.22043993042065
2007-05-02,15.69522308099124
2007-04-30,15.857878142148202
2007-04-26,13.54081268342697
2007-04-24,14.080898229050877
2007-04-23,13.278887516319411
2007-04-19,12.116665149616173
2007-04-18,13.106840428523133
2007-04-17,14.393876263104504
2007-04-16,14.772179027641801
2007-04-12,14.987145241077778
2007-04-11,14.72579210855967
2007-04-10,13.487454435776453
2007-04-05,13.815607534279248
2007-04-04,13.737250432624439
2007-04-03,15.120118899216495
2007-04-02,16.226447204397164
2007-03-29,17.28607322591267
2007-03-28,18.00671251285084
2007-03-27,19.097945408940365
2007-03-26,19.32825545198669
2007-03-22,20.04701918377476
2007-03-21,22.12670541364579
2007-03-20,22.429516509819035
2007-03-19,23.828412984536794
2007-03-15,23.278772246066964
2007-03-14,23.703906166705615
2007-03-13,23.498001552674644
2007-03-12,25.800949084535148
2007-03-08,26.269470040802016
2007-03-07,25.23994057141278
2007-03-06,25.954671157877254
2007-03-05,21.352004963969566
2007-03-01,23.008005486492642
2007-02-28,17.587795537702394
2007-02-27,18.94756348903948
2007-02-26,18.69362280367525
2007-02-22,20.39295151985162
2007-02-21,20.58063062720446
2007-02-20,20.779644377436504
2007-02-19,21.46381746979822
2007-02-15,21.229482466619075
2007-02-14,19.832585884157925
2007-02-13,20.004437029858778
2007-02-12,21.190167243528094
2007-02-08,22.031237479688965
2007-02-07,21.75557826702464
2007-02-06,20.07827071618512
2007-02-05,22.16440447578358
2007-02-01,22.46592073639236
2007-01-31,24.13075449811786
2007-01-30,23.564518129498715
2007-01-29,19.504993722077515
2007-01-25,17.57288779808571
2007-01-24,16.98477072419996
2007-01-23,18.711588695168384
2007-01-22,20.232808557817712
2007-01-18,20.426788406009017
2007-01-17,21.618029290852107
2007-01-16,23.81571658462599
2007-01-15,26.191055172481352
2007-01-11,27.5922188748478
2007-01-10,27.652452440621254
2007-01-09,28.108500065949787
2007-01-08,29.625184283418154
2007-01-04,31.54994052377799
2007-01-03,31.397302684175674
2006-12-28,30.71491349303626
2006-12-27,30.31964122914531
2006-12-26,32.42802451642377
2006-12-25,32.90044814973153
2006-12-21,36.06049532338752
2006-12-20,37.51212641005989
2006-12-19,38.84919234796094
2006-12-18,38.08384417406205
2006-12-14,40.95793303448966
2006-12-13,44.94718914338331
2006-12-12,48.307945895318404
2006-12-11,52.58772967377296
2006-12-07,57.04854332364379
2006-12-06,59.23260051560627
2006-12-05,63.47287425409111
2006-12-04,68.25949259662701
2006-11-30,73.59101813311405
2006-11-29,77.95533583133655
2006-11-28,83.80326591884565
2006-11-27,89.21624127872413
2006-11-23,96.57479299227404
2006-11-22,104.38056067567129
2006-11-21,112.23640916784723
2006-11-20,68.72866276446274
2006-11-17,15.928522002827243
2006-11-16,15.855734845230122
2006-11-15,15.967917460517507
2006-11-14,15.901382456361464
2006-11-13,15.146791135978441
2006-11-09,15.723295466081474
2006-11-08,16.845747620405845
2006-11-07,17.74108947518544
2006-11-06,15.524362051520729
2006-11-02,15.92482121483872
2006-11-01,17.010591869032304
2006-10-31,16.684338381562007
2006-10-30,14.00374242172642
2006-10-19,15.200978466118663
2006-10-18,15.977923567815346
2006-10-17,17.642968153901187
2006-10-16,17.71485953852236
2006-10-12,16.633265805735263
2006-10-11,18.098872732654762
2006-10-10,17.388227757144747
2006-10-09,17.51014646842314
2006-10-04,17.52700399141506
2006-10-03,15.019320201037708
2006-10-02,15.303459169568024
2006-09-28,16.593296976890954
2006-09-27,16.806275606037403
2006-09-26,17.198515143514985
2006-09-25,18.479411474411325
2006-09-21,19.745665313823064
2006-09-20,20.737840610015
2006-09-19,15.99340277949022
2006-09-18,16.26849780891028
2006-09-14,15.092550209848197
2006-09-13,16.0412397056217
2006-09-12,16.51505441147662
2006-09-11,17.46716540215834
2006-09-07,17.95528807606975
2006-09-06,17.766371031445512
2006-09-05,18.833357455808187
2006-09-04,20.206342451156424
2006-08-31,20.077536393383433
2006-08-30,20.970961276897462
2006-08-29,22.098430884991956
2006-08-28,21.68037097814899
2006-08-24,19.100410028480454
2006-08-23,21.09519003147841
2006-08-22,23.311525824265587
2006-08-21,20.553791700504068
2006-08-17,21.003664511083443
2006-08-16,22.66194498593433
2006-08-15,24.945307616032704
2006-08-14,25.404813680878235
2006-08-10,27.759004594654893
2006-08-09,27.645215604618553
2006-08-08,27.84681724720998
2006-08-07,29.28858748375839
2006-08-03,32.364228271522414
2006-08-02,33.458357563261636
2006-08-01,32.67397414886814
2006-07-31,31.740708269801633
2006-07-27,30.613414403464958
2006-07-26,29.887458024882324
2006-07-25,30.39350623802782
2006-07-24,28.86650689466234
2006-07-20,31.800876041468904
2006-07-19,34.88307351951826
2006-07-18,36.284449679467556
2006-07-17,34.42281280362204
2006-07-13,32.05889836189805
2006-07-12,30.710361347360994
2006-07-11,31.50934675234635
2006-07-10,33.53033062101439
2006-07-06,34.34615489691065
2006-07-05,29.59417120184861
2006-07-04,29.151452380990573
2006-07-03,30.1579210526738
2006-06-29,31.679807479271037
2006-06-28,32.50820826656273
2006-06-27,34.89328282093776
2006-06-26,34.32941785472069
2006-06-22,37.50093552363865
2006-06-21,38.10840242086377
2006-06-20,41.807181623059954
2006-06-19,40.45951653075046
2006-06-15,42.48472879714525
2006-06-14,40.317858144213155
2006-06-13,40.712369527814545
2006-06-12,34.898934741268704
2006-06-08,34.89776997719174
2006-06-07,36.603851027422465
2006-06-06,39.27267745136167
2006-06-05,42.909801393610266
2006-06-01,44.39399101399028
2006-05-31,43.54072691019979
2006-05-29,45.83238237443135
2006-05-25,45.40210683489779
2006-05-24,45.63496018593966
2006-05-23,39.09548231077542
2006-05-22,28.091848869804394
2006-05-18,30.45941190873116
2006-05-16,30.51724474122919
2006-05-15,27.830638924516506
2006-05-11,30.760179863939296
2006-05-10,33.77914616540655
2006-05-09,32.45800365650199
2006-05-08,28.877793515081166
2006-05-04,29.881771779826536
2006-05-03,32.90616880928195
2006-05-02,31.508923420785283
2006-04-27,33.08038904402585
2006-04-26,32.15832473287066
2006-04-20,30.039201020541263
2006-04-19,31.49385375954558
2006-04-18,31.62478573423459
2006-04-17,26.35581581152241
2006-04-13,24.96379642326162
2006-04-12,27.416827625710226
2006-04-11,27.602809481048183
2006-04-06,26.454684163263806
2006-04-05,25.5404403909758
2006-04-04,27.178381484762724
2006-04-03,27.57505322000087
2006-03-30,29.18190092736939
2006-03-29,31.713679972355678
2006-03-28,32.48354102207737
2006-03-27,34.53654534019077
2006-03-23,37.38881327073721
2006-03-22,39.68026729923583
2006-03-21,42.08240069915538
2006-03-20,42.707916562224376
2006-03-16,45.96138146351113
2006-03-15,44.49100056493337
2006-03-14,41.69426378229478
2006-03-13,36.2589231277995
2006-03-09,38.31354661493631
2006-03-08,39.80865678492963
2006-03-07,40.449568025448514
2006-03-06,37.81478571233782
2006-03-02,37.75107894521548
2006-03-01,41.10066620260656
2006-02-28,43.73231527656515
2006-02-27,47.19361162146676
2006-02-23,46.884518107936934
2006-02-22,50.514467382456644
2006-02-21,50.71704289639948
2006-02-20,47.48199478023102
2006-02-16,40.57799423078164
2006-02-15,38.54936204454814
2006-02-14,40.61140015450057
2006-02-13,36.64102122339538
2006-02-09,34.58954977322646
2006-02-08,29.956870801987147
2006-02-07,31.36917299167001
2006-02-06,32.008033306582625
2006-02-02,33.35519470727553
2006-02-01,31.674688886988772
2006-01-30,34.492024559303346
2006-01-26,30.40381661817739
2006-01-25,31.193692051669736
2006-01-24,29.52987016237181
2006-01-23,32.16354070577935
2006-01-19,31.714439727440297
2006-01-18,33.61911759348661
2006-01-17,35.59376155069571
2006-01-16,21.8425785560321
2006-01-05,22.9175868250881
2006-01-04,23.933122280360536
2006-01-03,23.49134567829326
2006-01-02,19.40096101285041
2005-12-29,19.434746382624144
2005-12-28,17.563667054479314
2005-12-27,18.75984253389816
2005-12-26,17.179825958519018
2005-12-22,18.581912901521008
2005-12-21,19.149482680628473
2005-12-20,18.517849278589356
2005-12-19,19.42183341317768
2005-12-15,17.20623693035425
2005-12-14,18.90057765986521
2005-12-13,20.403796360903662
2005-12-12,22.07261703047245
2005-12-08,24.354997770522193
2005-12-07,19.479734377945576
2005-12-06,20.66707483878197
2005-12-05,21.64255640075901
2005-12-02,18.29545707452311
2005-12-01,18.371820977104495
2005-11-30,17.779381079957624
2005-11-29,19.455105404163678
2005-11-28,20.983011236180904
2005-11-24,21.833854524199957
2005-11-23,20.30794447411577
2005-11-22,19.27509652402266
2005-11-21,19.167211947603974
2005-11-17,20.31533952103595
2005-11-16,21.715901575881865
2005-11-15,22.702838583869415
2005-11-14,18.711558434803003
2005-11-10,20.24540669109807
2005-11-09,22.291238974371552
2005-11-08,21.61768518220013
2005-11-07,23.44375730664225
2005-11-04,20.152573865236167
2005-11-01,19.058107956313663
2005-10-31,15.48738247803089
2005-10-27,16.05763326519204
2005-10-26,17.64580518784383
2005-10-25,16.67799520761685
2005-10-24,16.75883680841864
2005-10-20,16.607135419831145
2005-10-19,15.161570727181799
2005-10-18,14.791209751095689
2005-10-17,15.649231830158406
2005-10-13,16.01757202280665
2005-10-12,14.612053288365257
2005-10-11,15.415427318719493
2005-10-10,15.15178808911101
2005-10-05,16.634081572175333
2005-10-04,16.530300685035883
2005-10-03,17.094542862408073
2005-09-29,18.06238947950365
2005-09-28,19.305798898398773
2005-09-27,18.520093519282856
2005-09-26,14.942208626575791
2005-09-22,12.244546376741672
2005-09-21,12.175551258503944
2005-09-20,12.846661917293813
2005-09-19,12.490521066482659
2005-09-15,12.170575915586099
2005-09-14,13.142215485647812
2005-09-13,14.04139606308441
2005-09-12,14.625753543409083
2005-09-08,15.304253916399505
2005-09-07,15.091017486546829
2005-09-06,16.580598274604384
2005-09-05,15.291187566668013
2005-09-01,14.478680994738308
2005-08-31,15.190121099447602
2005-08-30,15.466975952021015
2005-08-29,13.317183946970584
2005-08-25,13.52004541507274
2005-08-24,12.62531335350145
2005-08-23,12.624820022291088
2005-08-22,11.369537919374366
2005-08-18,10.996857700361133
2005-08-17,10.77757956355705
2005-08-16,10.628903728141996
2005-08-15,10.227735699525383
2005-08-11,10.167497352107006
2005-08-10,10.615654968118285
2005-08-09,11.590987070025482
2005-08-08,11.599512024765009
2005-08-04,11.34998697474027
2005-08-03,11.786827708923452
2005-08-02,12.372809573020655
2005-08-01,13.560473738601761
2005-07-28,13.659470974244062
2005-07-27,14.123625813638174
2005-07-26,13.888218004547467
2005-07-25,11.509083057657726
2005-07-21,11.94477601109537
2005-07-20,12.263173485947505
2005-07-19,12.111928589731448
2005-07-18,13.04265791496634
2005-07-14,13.990306116541745
2005-07-13,15.46086465512509
2005-07-12,16.954639881980363
2005-07-11,17.119338816925655
2005-07-07,16.059269218707296
2005-07-06,17.6391922943607
2005-07-05,16.599107272714463
2005-07-04,17.222171196158108
2005-06-30,18.640294479964226
2005-06-29,18.402430741013106
2005-06-28,19.63110766111975
2005-06-27,20.940697941237612
2005-06-23,19.97656088242053
2005-06-22,20.504619922675342
2005-06-21,22.532474651378006
2005-06-20,16.163261456786223
2005-06-16,15.39939424171108
2005-06-15,15.93301468820699
2005-06-14,16.18491097117615
2005-06-13,14.943322652352588
2005-06-10,14.701567142073912
2005-06-09,14.434363683344849
2005-06-08,15.38955986053903
2005-06-07,16.720039845858928
2005-06-06,15.410570355949332
2005-06-02,14.972735656575583
2005-06-01,15.237234146741429
2005-05-31,15.903258793766835
2005-05-30,15.53833866679491
2005-05-26,16.72553221066806
2005-05-25,18.471377706527846
2005-05-24,18.01047009668868
2005-05-17,18.781045896340117
2005-05-16,16.46220862227064
2005-05-12,16.99717795093072
2005-05-11,18.03688089313394
2005-05-10,18.36181572399014
2005-05-09,19.935691063357513
2005-05-05,19.016290122658297
2005-05-04,18.153794346096035
2005-05-03,19.907877961474565
2005-04-28,21.7760756416298
2005-04-27,17.523030972327668
2005-04-20,18.31387633783582
2005-04-19,18.25849489971328
2005-04-18,19.139389099683115
2005-04-14,19.896166899649778
2005-04-13,20.033658152244502
2005-04-12,20.191937957743928
2005-04-07,21.233194584874873
2005-04-06,21.457741383282766
2005-04-05,23.096451002575677
2005-04-04,23.43607742389942
2005-03-31,25.78513820536253
2005-03-29,27.354100121716467
2005-03-28,27.65979487137085
2005-03-24,28.745036436778292
2005-03-23,27.072935009070733
2005-03-22,26.370086062657126
2005-03-21,27.859568806094714
2005-03-17,23.288997101473107
2005-03-16,23.104681006891333
2005-03-15,24.34727900761674
2005-03-10,22.69330837683956
2005-03-08,19.615761890191088
2005-03-03,18.351105247053322
2005-03-01,13.995432115164196
2005-02-24,12.7865302325499
2005-02-23,12.231428151765684
2005-02-22,12.578946904583116
2005-02-21,13.901993947170812
2005-02-17,14.796940678451941
2005-02-16,15.010302855131094
2005-02-15,16.319808418829112
2005-02-14,14.969261936600587
2005-02-09,15.896552666769061
2005-02-08,14.542505579060542
2005-02-07,15.586979850540585
2005-02-03,17.161398782176448
2005-02-02,15.863651285563442
2005-02-01,16.84403563141223
2005-01-31,13.532881487350362
2005-01-27,12.64265848601882
2005-01-26,13.325043589810265
2005-01-25,7.319258704527124
2005-01-18,7.058128041845773
2005-01-17,6.944246783092686
2005-01-13,7.297325391839294
2005-01-12,7.746517538348697
2005-01-11,7.7977299108064555
2005-01-10,8.234333059312412
2005-01-06,9.006368118187392
2005-01-05,9.512301604312377
2005-01-04,9.035701773187366
2005-01-03,6.3805124861544575
2004-12-30,6.501619063644399
2004-12-29,6.500736859817494
2004-12-28,7.1513407397982665
2004-12-27,7.894639765040198
2004-12-22,8.065654477149694
2004-12-20,7.912565474744401
2004-12-16,8.013888156296439
2004-12-14,7.519560593801324
2004-12-13,5.670040656306735
2004-12-09,6.103729146444267
2004-12-08,5.969384846069968
2004-12-07,6.246162198287868
2004-12-06,6.738389798107626
2004-12-02,6.641378197908444
2004-12-01,6.5194180082146005
2004-11-30,6.021462009079295
2004-11-29,6.292142220561345
2004-11-25,6.356578243778346
2004-11-24,6.565691743123446
2004-11-23,7.209448768715382
2004-11-22,6.452548639106489
2004-11-18,6.103343232696648
2004-11-17,6.579484625612069
2004-11-16,6.861535638834406
2004-11-11,6.854328863974862
2004-11-10,6.628468744393269
2004-11-09,6.527254928013621
2004-11-08,5.1353870256992655
2004-11-04,5.295954081036041
2004-11-03,5.533422931671417
2004-11-02,5.814835871847342
2004-11-01,5.853239647831268
2004-10-28,6.082001716024027
2004-10-27,6.68431768613183
2004-10-26,7.286877442566754
2004-10-25,6.594969804942189
2004-10-21,7.1039139949361045
2004-10-20,7.6148523101925365
2004-10-19,8.213257816528586
2004-10-18,7.373600744584221
2004-10-14,8.015032401908854
2004-10-13,7.2302989705308365
2004-10-11,6.128225177955154
2004-10-07,6.35014361773991
2004-10-05,6.474369261712549
2004-10-04,6.395881815577025
2004-09-30,7.004922006690406
2004-09-29,7.1317559021315065
2004-09-28,7.844572312882201
2004-09-27,8.007158872132964
2004-09-23,7.438438753410109
2004-09-22,7.639327043242755
2004-09-21,7.9655719951630495
2004-09-20,8.020895363074944
2004-09-16,8.817831717082852
2004-09-15,7.410235055723146
2004-09-14,7.460786114220312
2004-09-13,6.5482372841382395
2004-09-09,6.005946471942272
2004-09-08,5.477098732146713
2004-09-07,5.739951230267418
2004-09-06,4.918893465032413
2004-09-02,5.17561909293056
2004-09-01,5.322526365870622
2004-08-31,5.501739667541212
2004-08-30,4.732449106229755
2004-08-26,5.007443748990781
2004-08-25,4.298753617305599
2004-08-24,4.587043471758814
2004-08-23,3.9667322582597397
2004-08-19,3.523230390708127
2004-08-18,3.582517800256359
2004-08-17,3.544888095020193
2004-08-16,3.765402631338103
2004-08-12,3.9417608030578997
2004-08-11,4.186156677063994
2004-08-10,4.272067906228624
2004-08-09,3.518601370042157
2004-08-05,3.150033093204491
2004-08-04,3.2258260503839162
2004-08-03,3.3906498451611617
2004-08-02,3.1591393025465555
2004-07-29,3.4022065975514537
2004-07-28,3.668754660451606
2004-07-27,3.7359919931307255
2004-07-26,3.854517466091853
2004-07-22,4.254992988838369
2004-07-21,4.641834356084509
2004-07-20,5.037816919882879
2004-07-19,4.944955543028449
2004-07-15,4.405477179136702
2004-07-14,4.121843197993194
2004-07-13,4.2957214293608965
2004-07-12,3.170007895609411
2004-07-08,3.455271884620936
2004-07-07,3.3895110303705036
2004-07-06,3.664196401988454
2004-07-05,3.990953917987244
2004-06-30,4.197370119880629
2004-06-29,4.633935395657531
2004-06-28,4.324875963621476
2004-06-24,4.09486290716058
2004-06-23,3.493269528966951
2004-06-22,3.6641400057003137
2004-06-21,3.6424705326161355
2004-06-17,4.0153621676283695
2004-06-16,4.2611897642208225
2004-06-15,4.312893949928279
2004-06-14,4.753198576236519
2004-06-10,5.1440615842614195
2004-06-09,5.158173329973149
2004-06-08,4.934823154180852
2004-06-07,5.382699275673579
2004-06-03,5.6735097257444815
2004-06-02,5.484405486349173
2004-06-01,5.8080271164911945
2004-05-31,5.992029970858694
2004-05-27,6.479612073054345
2004-05-26,6.4627291333758565
2004-05-25,7.000911147415418
2004-05-24,6.879954426090727
2004-05-20,7.099949628837123
2004-05-19,7.319944326609454
2004-05-18,7.848359518884126
2004-05-17,6.795555257714044
2004-05-13,6.727718969052371
2004-05-12,7.314847281584202
2004-05-11,5.85325225859306
2004-05-10,5.920963022655496
2004-05-06,6.403169656619241
2004-05-05,6.437187515210735
2004-05-04,6.858996727338186
2004-05-03,7.313627961794829
2004-04-29,7.837167747246925
2004-04-28,8.343185404851868
2004-04-27,9.181415447467854
2004-04-26,9.986827599832894
2004-04-22,10.319125241920563
2004-04-21,11.303243688438515
2004-04-20,12.178321971432043
2004-04-19,12.991829547372253
2004-04-15,13.946758973411441
2004-04-14,15.092733602191599
2004-04-13,15.546705560317022
2004-04-08,10.016885092981981
2004-04-07,4.211294050137984
2004-04-06,4.387219739626197
2004-04-05,3.7195586595868466
2004-04-01,3.7626700974380873
2004-03-31,3.9597932655894663
2004-03-30,3.799771504072566
2004-03-29,3.9397474518696876
2004-03-25,3.72077349943492
2004-03-24,3.3524338677964876
2004-03-23,3.5474269065119075
2004-03-22,3.673471844039474
2004-03-18,3.7896267749909924
2004-03-17,3.9180085407795127
2004-03-16,4.317798913493145
2004-03-15,4.763883009650313
2004-03-10,5.191660168560868
2004-03-09,5.685519133672539
2004-03-08,5.59031062142754
2004-03-04,5.93981700263044
2004-03-03,6.020850371328386
2004-03-02,6.208308305152426
2004-03-01,6.609182863589526
2004-02-26,6.878570533441059
2004-02-25,7.3478937474874915
2004-02-24,7.069777299854596
2004-02-23,7.078174910365605
2004-02-19,6.868509111456715
2004-02-18,6.535720596873203
2004-02-17,6.544743817596705
2004-02-16,5.525243166817409
2004-02-12,5.799479289640299
2004-02-11,6.0278455306550685
2004-02-10,6.000250323355606
2004-02-09,5.90869772581409
2004-02-05,4.919086960110316
2004-02-04,5.416885587490356
2004-02-03,5.982873544068291
2004-01-29,6.394754969759697
2004-01-28,6.01104496657651
2004-01-27,5.5258918051635115
2004-01-26,4.826511995180728
2004-01-22,4.644039573620811
2004-01-21,4.272885844528269
2004-01-20,4.703715933425975
2004-01-19,3.2914755053655504
2004-01-15,3.632683453298759
2004-01-14,3.65401855364599
2004-01-13,4.008125769819256
2004-01-12,3.7058232192739156
2004-01-08,3.8664361897237947
2004-01-07,4.273429472852615
2004-01-06,3.5906325752581543
2004-01-05,2.6622781094958463
2003-12-31,2.7383073841796257
2003-12-30,2.6054976351459023
2003-12-29,2.197655280950732
2003-12-24,2.0153032052613287
2003-12-23,2.165335121604635
2003-12-22,2.1574756607209116
2003-12-18,2.363525730270488
2003-12-17,2.4544231755621184
2003-12-16,2.5275203519370795
2003-12-15,2.1556803889830816
2003-12-11,2.1225941141391926
2003-12-10,2.244972441943326
2003-12-09,2.4781274358320884
2003-12-08,2.6810882185512486
2003-12-04,2.8864659257671677
2003-12-03,2.757672865321605
2003-12-02,2.798480535355458
2003-12-01,2.860425854866555
2003-11-24,3.0215233132735566
2003-11-20,3.0353678725655113
2003-11-19,3.1527750170460838
2003-11-18,2.9025408083140833
2003-11-17,3.097545103926097
2003-11-13,3.259391956970943
2003-11-12,3.4214332155994724
2003-11-11,3.4994788172415157
2003-11-10,3.7552134295827346
2003-11-06,3.9526043169072334
2003-11-05,3.7128784555290455
2003-11-04,3.6237077666373714
2003-11-03,3.26094016312551
2003-10-30,3.597881232928189
2003-10-29,3.971342415341687
2003-10-28,3.456746880114495
2003-10-27,3.421667604337077
2003-10-23,3.2576326153199253
2003-10-22,3.577383416932546
2003-10-21,3.942371145030707
2003-10-20,3.8931470550339426
2003-10-16,4.124004639774353
2003-10-15,3.9338998650137635
2003-10-14,3.802731429752048
2003-10-13,4.080913685515425
2003-10-09,4.015746705043359
2003-10-08,3.9689832003110777
2003-10-07,2.4667709056069795
2003-10-02,2.626431000934037
2003-10-01,2.4302658431376187
2003-09-30,2.638714879257363
2003-09-29,2.4817374981265594
2003-09-25,2.316657234771465
2003-09-24,2.3752527331684625
2003-09-23,2.603174073501993
2003-09-22,2.399297660186417
2003-09-18,2.2992237296797216
2003-09-17,1.935984122277587
2003-09-16,2.0871403456752278
2003-09-15,2.143681434693678
2003-09-11,2.314595269924593
2003-09-10,2.239289508864027
2003-09-09,2.2244778782181354
2003-09-08,1.834422918030576
2003-09-04,1.7338358567706404
2003-09-03,1.8773975259044036
2003-09-02,1.9487025286311899
2003-09-01,1.8685659526976273
2003-08-28,2.049467631928959
2003-08-27,1.9357273826583237
2003-08-26,1.9131723703065708
2003-08-25,2.0503484092862085
2003-08-21,2.1461745576321265
2003-08-20,1.9920876689618228
2003-08-19,1.9449390025367577
2003-08-18,2.0444062659616793
2003-08-14,2.216449030799754
2003-08-13,2.3634436656207756
2003-08-12,2.6006482620019207
2003-08-11,2.165979658002133
2003-08-07,2.2708196220023495
2003-08-06,2.4793269506341677
2003-08-05,2.627677155964075
2003-08-04,2.8137484355392393
2003-07-31,3.079406165596005
2003-07-30,3.118291025132435
2003-07-29,3.3939006067253232
2003-07-28,3.3501006705911527
2003-07-24,3.208006004337585
2003-07-22,2.9077961100573364
2003-07-21,2.8401957005896925
2003-07-17,2.956005774335975
2003-07-16,2.482953750581874
2003-07-15,2.4390541453799566
2003-07-14,2.5831651080515257
2003-07-10,2.846656172056945
2003-07-09,2.9694620849050497
2003-07-08,2.6841423043687445
2003-07-07,2.308788862723349
2003-07-03,2.266556111431066
2003-07-02,2.285140965265912
2003-06-30,2.30147159318864
2003-06-26,2.081626497734814
2003-06-25,2.1902187606542727
2003-06-24,2.3365575775652534
2003-06-23,2.1519846909931712
2003-06-19,2.2732462374135047
2003-06-18,2.2904300518780945
2003-06-17,2.146264794181043
2003-06-16,2.2395558251474696
2003-06-12,2.0626669646366813
2003-06-11,2.0492634872300104
2003-06-10,2.0986596437805334
2003-06-09,1.910097501020591
2003-06-05,2.070107764285918
2003-06-04,2.263803318421276
2003-06-03,2.286308930886666
2003-06-02,2.5101309236115816
2003-05-29,2.6648815471496468
2003-05-28,2.8401322363232935
2003-05-27,2.7548829980415372
2003-05-26,2.9048706820459054
2003-05-22,2.62012022752442
2003-05-21,2.7527644620006733
2003-05-20,2.997265984316539
2003-05-19,2.7348729300340686
2003-05-15,2.5722279753008155
2003-05-14,2.4819361832272224
2003-05-12,2.6179294656721996
2003-05-08,2.5977115146903196
2003-05-07,2.1816811478156093
2003-05-06,2.379752847585666
2003-05-05,2.36814788417363
2003-04-30,2.381637135139274
2003-04-29,2.4133884125223513
2003-04-24,2.300060876998387
2003-04-23,2.286383074577158
2003-04-22,2.1796865561116006
2003-04-21,2.1270219830707098
2003-04-17,2.245655876025521
2003-04-16,2.430461757712417
2003-04-15,2.6515629953663518
2003-04-14,2.184359100141754
2003-04-10,2.364817952788264
2003-04-09,2.4463777372923
2003-04-08,2.3554701306914954
2003-04-07,2.191835407606393
2003-04-03,2.3509759768281113
2003-04-02,2.383710290178443
2003-04-01,2.248311373355113
2003-03-31,2.2470809916030205
2003-03-27,2.1383526749296573
2003-03-26,2.2581792722906737
2003-03-25,2.431671827268638
2003-03-24,2.3202688617179676
2003-03-20,2.019244531372496
2003-03-19,2.056007113622236
2003-03-18,2.1987447045298474
2003-03-17,1.7049283576382541
2003-03-13,1.868605026863336
2003-03-12,2.041089766533159
2003-03-11,2.1917307945892794
2003-03-10,1.8782287729671028
2003-03-06,1.9938318017004728
2003-03-05,2.057393043984723
2003-03-03,2.2550133644041725
2003-02-27,2.209225297499343
2003-02-26,2.3154595393413864
2003-02-25,2.474981596114157
2003-02-24,2.603927027284068
2003-02-20,2.750656188050808
2003-02-19,2.8612515762666897
2003-02-18,3.1508570053474045
2003-02-17,3.359368269068176
2003-02-06,3.22772282370693
2003-02-05,2.943272594623443
2003-02-04,2.8857223414259217
2003-02-03,2.198956272102338
2003-01-30,1.295688511271008
2003-01-29,0.8362873019311172
2003-01-28,0.8706333337133411
2003-01-27,0.9043842109463172
2003-01-23,0.9353720226248754
2003-01-22,0.9138322355327584
2003-01-21,0.9794987866414737
2003-01-20,1.0520776062879365
2003-01-16,1.1196647227393015
2003-01-15,1.2269978514486992
2003-01-14,1.3245765726538181
2003-01-13,1.4155846329331756
2003-01-09,1.3782777521892893
2003-01-08,1.4033596208407948
2003-01-06,0.9742395809292977
2003-01-02,1.0188963789218601
2002-12-31,1.068253892492587
2002-12-30,1.0975437759128632
2002-12-26,1.0151799628510598
2002-12-24,1.000988379993279
2002-12-23,0.95582926209784
2002-12-19,0.840653394950237
2002-12-18,0.9196695417871008
2002-12-17,0.8027926514489038
2002-12-16,0.8241392463382597
2002-12-12,0.8972065354264981
2002-12-11,0.8884914338924433
2002-12-10,0.967280005881123
2002-12-09,0.9396252696580814
2002-12-04,0.9111647717273492
2002-12-03,0.7881294845407621
2002-12-02,0.7026694302818927
2002-11-28,0.6955820018905149
2002-11-27,0.651959054721094
2002-11-26,0.6184810604812062
2002-11-25,0.5741106457950212
2002-11-21,0.6082275558787077
2002-11-20,0.6711988775501516
2002-11-19,0.6934303383449005
2002-11-18,0.6085282686969953
2002-11-14,0.6178470338229847
2002-11-13,0.6607783005412018
2002-11-12,0.7282286479665934
2002-11-11,0.6785685056472945
2002-11-07,0.651049400978583
2002-11-06,0.6974756537131789
2002-11-05,0.7582625646303551
2002-11-04,0.8265007293282859
2002-10-31,0.8503429113628518
2002-10-30,0.9082737441378936
2002-10-29,0.8870394014155653
2002-10-28,0.7898856541961449
2002-10-24,0.8225051967431175
2002-10-23,0.9006636385055586
2002-10-22,0.8049440215061376
2002-10-21,0.815990760612054
2002-10-17,0.8903055775185846
2002-10-16,0.9566535330468576
2002-10-15,0.8920907470517847
2002-10-14,0.5807318783203912
2002-10-10,0.5839668128804372
2002-10-09,0.6170159510783798
2002-10-08,0.6703860511918921
2002-10-07,0.6799003723699818
2002-10-03,0.6925214641983947
2002-10-02,0.7233131972719122
2002-10-01,0.7373461654057943
2002-09-30,0.646540498606402
2002-09-26,0.6714394984597107
2002-09-25,0.6631699719817856
2002-09-24,0.6592931269272438
2002-09-23,0.684481877130104
2002-09-19,0.6186378641964245
2002-09-18,0.5563892183223601
2002-09-17,0.5675880834089195
2002-09-16,0.6273341974519637
2002-09-12,0.598632534025845
2002-09-11,0.6248043797127857
2002-09-10,0.6874153670509765
2002-09-09,0.7260906688458109
2002-09-05,0.7814686339874704
2002-09-04,0.7268863849335246
2002-09-03,0.7170849517686272
2002-09-02,0.7515149466916421
2002-08-29,0.8085165200276005
2002-08-28,0.7820445747673537
2002-08-27,0.8338387405323301
2002-08-26,0.7952954500620443
2002-08-22,0.8758528658580519
2002-08-21,0.8922584306852124
2002-08-20,0.9335487918099716
2002-08-19,0.9560276120004921
2002-08-15,1.0345568343163296
2002-08-14,1.113983869507525
2002-08-13,1.2259821715609416
2002-08-12,1.30029608435682
2002-08-08,1.4298009353417431
2002-08-07,1.5697799811671873
2002-08-06,1.7055462949742624
2002-08-05,1.7271827470768164
2002-08-01,1.691096720453318
2002-07-31,1.7217384805010383
2002-07-30,1.7513951626590365
2002-07-29,1.719963074517887
2002-07-25,1.7746960297302916
2002-07-24,1.593085085491375
2002-07-22,1.5176203576483673
2002-07-18,1.539475132137675
2002-07-17,1.413104093415324
2002-07-16,1.3544834716695657
2002-07-15,0.7528501528979359
2002-07-11,0.5468343795187673
2002-07-10,0.5170274720996979
2002-07-09,0.5503987849522929
2002-07-08,0.5051776044209534
2002-07-04,0.49203840488631734
2002-07-03,0.5385687632954081
2002-07-02,0.5731549489054473
2002-07-01,0.5850659961586484
2002-06-27,0.5182308378595559
2002-06-26,0.5643603997395169
2002-06-25,0.5932404418173647
2002-06-24,0.6188446988507691
2002-06-20,0.6681967724140103
2002-06-19,0.7374806431944335
2002-06-18,0.7940575530043691
2002-06-17,0.8334320322679792
2002-06-13,0.8495827725067072
2002-06-12,0.9358546432968898
2002-06-11,1.0227867110123505
2002-06-10,1.0072905753294443
2002-06-06,1.0849001095746509
2002-06-05,1.1801527526877773
2002-06-04,1.2443793582338658
2002-06-03,1.1364192906795378
2002-05-30,1.1539371107510654
2002-05-29,1.1985620697774912
2002-05-28,1.2710422876488072
2002-05-27,1.1711520021381525
2002-05-23,1.191273265521114
2002-05-22,1.1777230829443839
2002-05-21,1.2859044600964267
2002-05-20,1.4096838769486806
2002-05-16,1.446492706101179
2002-05-15,1.5134919383223495
2002-05-14,1.655964773935232
2002-05-13,1.5976452764547262
2002-05-09,1.6416079371341763
2002-05-08,1.8017771936746154
2002-05-07,1.7840695298508877
2002-05-02,1.7802873750983443
2002-04-30,1.9150544672139596
2002-04-29,2.105060200604901
2002-04-24,2.218224432247525
2002-04-23,2.3527743724841006
2002-04-22,2.578329569587686
2002-04-18,2.0044695242811295
2002-04-17,1.2354663163107278
2002-04-16,1.2991996127644891
2002-04-15,1.3759574667396932
2002-04-11,1.5144793053438772
2002-04-10,1.6517929164327023
2002-04-09,1.7393500655308762
2002-04-08,1.7403342829551771
2002-04-04,1.8393168390557268
2002-04-03,1.7508238747458087
2002-04-02,1.7793316510348514
2002-04-01,1.217156035354309
2002-03-28,1.274751407496872
2002-03-27,1.2910410293386474
2002-03-26,1.3206242955848218
2002-03-25,1.1985847477516434
2002-03-21,1.2668568264623474
2002-03-20,1.38757859766891
2002-03-19,1.5294289763709041
2002-03-18,1.568316237041529
2002-03-14,1.663928472519576
2002-03-13,1.6769735748900494
2002-03-12,1.7124444775100633
2002-03-11,1.5990175804058633
2002-03-07,1.6125983783433198
2002-03-06,1.7160297865899854
2002-03-05,1.6261381851784116
2002-03-04,1.6857316783550802
2002-02-28,1.8463350129187763
2002-02-27,1.9564755405944416
2002-02-26,1.9792624396043939
2002-02-25,2.186553222720647
2002-02-20,2.313558825112292
2002-02-19,2.4013018593346365
2002-02-18,2.3298599497909094
2002-02-14,2.2656346813478416
2002-02-13,2.469385700437084
2002-02-12,2.59037366890414
2002-02-11,2.465149844578263
2002-02-07,2.1877971966391425
2002-02-06,2.0359863752327367
2002-02-05,2.0471428357835446
2002-02-04,1.9278947132344493
2002-01-31,2.018199419890702
2002-01-30,2.170641464089718
2002-01-29,1.6570247760991668
2002-01-24,1.4861852788464502
2002-01-23,1.3710468871460724
2002-01-22,1.356420243687765
2002-01-21,1.4328855324970038
2002-01-17,1.5552945359177428
2002-01-16,1.691641329172243
2002-01-15,1.5918141006640596
2002-01-10,1.7477945323129065
2002-01-09,1.6296676409774224
2002-01-08,1.582264234764527
2002-01-07,1.4288183647397323
2002-01-02,1.3265887189228645
2001-12-31,1.291492794598959
2001-12-27,1.3632288782409532
2001-12-26,1.4162003391084204
2001-12-24,1.4484319537514105
2001-12-20,1.4335300541462925
2001-12-19,1.4896911124774717
2001-12-13,1.592816492738247
2001-12-12,1.6889024393422785
2001-12-11,1.5298395382204084
2001-12-05,1.6371910685593878
2001-12-04,1.5526848652498557
2001-12-03,1.588756956328784
2001-11-29,1.4549418991002334
2001-11-28,1.4744094674265757
2001-11-27,1.518031516629367
2001-11-26,1.6104558868008807
2001-11-22,1.735767032779925
2001-11-21,1.6016372467567603
2001-11-20,1.7365464306258878
2001-11-19,1.691972370691774
2001-11-15,1.6763905149751153
2001-11-14,1.680221095498813
2001-11-13,1.7234022634460586
2001-11-12,1.8184972385456384
2001-11-08,2.0088653689188645
2001-11-07,2.066640670910332
2001-11-06,2.2610238994272183
2001-11-05,2.1990264151563967
2001-11-01,2.2189239325412817
2001-10-30,2.2756527675456204
2001-10-29,2.1583530588662136
2001-10-25,2.1318639071679115
2001-10-24,2.2215337921329574
2001-10-23,2.4248531386732726
2001-10-22,2.4148376795862503
2001-10-18,2.485873224805855
2001-10-17,2.2938598800485828
2001-10-16,2.517424077948438
2001-10-15,2.5297845072061707
2001-10-11,2.6666039290173447
2001-10-10,2.775720132071802
2001-10-09,2.900532777553041
2001-10-08,3.1437467541375685
2001-10-04,3.4367727282573113
2001-10-03,3.666959331231765
2001-10-02,3.727691892414053
2001-10-01,3.932712091615523
2001-09-27,3.8487870486276816
2001-09-26,4.112869895851657
2001-09-25,3.6794877796255254
2001-09-20,3.9099601774808432
2001-09-19,3.677324406689353
2001-09-18,3.512832238972442
2001-09-13,3.674183000969539
2001-09-12,3.4325180537031716
2001-09-06,3.683309427777183
2001-09-05,3.5226051570168826
2001-09-04,3.569195173544971
2001-09-03,2.912268349707605
2001-08-30,2.494612386518933
2001-08-29,2.756150532468295
2001-08-28,2.5336400622017994
2001-08-23,2.5477074371704003
2001-08-22,2.6727292726620195
2001-08-21,2.929858669784336
2001-08-16,2.989843792919528
2001-08-15,2.662458929016318
2001-08-14,2.513244079439084
2001-08-13,1.9599013509589898
2001-08-09,1.968312019480989
2001-08-08,2.1544501267947727
2001-08-07,2.169655403299487
2001-08-06,2.1443559720678573
2001-08-02,2.3195513375486825
2001-08-01,2.379504109922228
2001-07-31,2.227872963598247
2001-07-30,2.3434385387138525
2001-07-26,2.2406425954205806
2001-07-25,2.419657605464856
2001-07-24,2.385937353408524
2001-07-19,2.4349833906094136
2001-07-18,2.630244800147242
2001-07-17,2.331323200162738
2001-07-16,1.7756730107061827
2001-07-12,1.920480696043666
2001-07-11,1.837373400890364
2001-07-10,1.765517969405141
2001-07-09,1.8113619661846372
2001-07-05,1.8904526994672364
2001-07-04,1.9452371941479976
2001-07-03,1.9036832145846254
2001-07-02,1.7724919740145884
2001-06-28,1.9085437607529643
2001-06-27,1.827337840832217
2001-06-26,1.815478666182983
2001-06-25,2.0034237889390893
2001-06-21,1.9300999772484744
2001-06-20,2.0869526064325306
2001-06-19,2.0697897228991127
2001-06-18,1.9697675884674302
2001-06-14,2.159216808306099
2001-06-13,2.299134367075158
2001-06-12,2.4495695636093844
2001-06-11,2.6968926755682645
2001-06-07,2.8555129572070355
2001-06-06,2.9834616895446198
2001-06-05,2.41224713054932
2001-05-31,2.392483670607141
2001-05-30,2.37169247803948
2001-05-29,2.264502212569941
2001-05-28,2.2270813928404602
2001-05-24,2.2836162762973453
2001-05-23,2.510312726433908
2001-05-22,2.5787666976374757
2001-05-17,2.7270579289677404
2001-05-16,2.9351692899117126
2001-05-15,2.9725555309550584
2001-05-14,2.80545611316086
2001-05-10,2.8565567566514716
2001-05-09,2.9277732573516198
2001-05-08,3.222275705493896
2001-05-07,2.9593573587037767
2001-05-03,3.0045528701462825
2001-05-02,2.8397689617406225
2001-04-30,3.0176393787659537
2001-04-26,3.222654050214996
2001-04-24,3.5155650028692005
2001-04-23,3.3393086873817546
2001-04-19,3.3192359176324686
2001-04-18,3.259155487909572
2001-04-17,2.976961328742165
2001-04-12,3.2524309422939703
2001-04-11,2.9800552520091337
2001-04-10,3.1116400153785264
2001-04-09,2.9054968591025885
2001-04-05,3.1787070547975915
2001-04-04,3.1606762184605053
2001-04-03,3.086010557245821
2001-04-02,3.046643247482231
2001-03-29,2.963132010375094
2001-03-28,2.9066195904145773
2001-03-27,3.0946848104582165
2001-03-22,3.1351779484011826
2001-03-21,3.0420387850749933
2001-03-20,2.8675165519249877
2001-03-19,2.884097241601298
2001-03-15,3.044528530190907
2001-03-14,3.2365841649478417
2001-03-13,3.082540392837095
2001-03-12,2.9849130657673166
2001-03-08,3.268588125321763
2001-03-07,3.049492138513525
2001-03-05,3.370491310988633
2001-03-01,3.570543027934802
2001-02-28,3.7653370308753042
2001-02-27,3.561688297283238
2001-02-26,2.8208133812077993
2001-02-22,2.7819516318612463
2001-02-21,2.7842623299519045
2001-02-20,2.603658364683684
2001-02-19,2.5556224030714336
2001-02-15,2.5277931823421174
2001-02-14,2.732824043641283
2001-02-13,2.8457528903403566
2001-02-12,2.7389900366919715
2001-02-08,2.9325679352911287
2001-02-07,3.1265224547954547
2001-02-06,3.3356300816160305
2001-02-05,3.4120121954703477
2001-02-01,3.585908216046175
2001-01-31,3.920214344051039
2001-01-30,3.727605327635359
2001-01-29,3.1547216779127574
2001-01-25,2.855218696640416
2001-01-24,2.8989259278657293
2001-01-23,3.054602341325284
2001-01-22,3.042455219359529
2001-01-18,3.1858715582394845
2001-01-17,3.2801738275278427
2001-01-16,3.3780868620044675
2001-01-15,3.7189381106365063
2001-01-11,3.5083000170192933
2001-01-10,3.6365421240739595
2001-01-09,3.787757084502793
2001-01-08,4.034889409187303
2001-01-04,4.22277250489123
2001-01-03,4.256748558037678
2001-01-02,4.149037879936384
2000-12-26,4.139462919929687
2000-12-21,4.134143227290701
2000-12-20,3.7461583038476114
2000-12-19,3.7004907568841956
2000-12-18,3.5700160997141173
2000-12-14,3.7142283207366513
2000-12-13,3.9283576176562924
2000-12-12,4.053447893199059
2000-12-11,4.149600303009476
2000-12-07,4.361137177010475
2000-12-06,4.381256879853675
2000-12-05,4.820336551417216
2000-12-04,5.076161451566398
2000-11-30,5.396810025415496
2000-11-29,5.921737396511867
2000-11-28,5.909288701407857
2000-11-27,6.008161196292904
2000-11-23,6.056388690639519
2000-11-22,6.180219079127889
2000-11-21,5.768663192720295
2000-11-20,5.551680370901374
2000-11-16,5.257120409943621
2000-11-15,4.950501505727164
2000-11-14,5.127396401066868
2000-11-13,3.912385495916004
2000-11-09,3.93158396917033
2000-11-08,4.224382281714566
2000-11-07,4.560633048210827
2000-11-06,4.489120737496175
2000-11-02,4.79955449933787
2000-11-01,5.012139183478702
2000-10-31,5.036574887002779
2000-10-30,5.144635401424125
2000-10-26,5.463018075258243
2000-10-25,5.381230504232794
2000-10-24,5.3571495046783495
2000-10-23,4.875796820960274
2000-10-19,5.321670170535041
2000-10-18,5.305003872696634
2000-10-17,5.1602674382436415
2000-10-16,4.453979800164024
2000-10-12,4.295451358076023
2000-10-11,4.081288343136665
2000-10-10,3.9898450108352557
2000-10-09,3.566670801449494
2000-10-04,3.487372991075751
2000-10-03,3.320780674346889
2000-10-02,3.332441797962347
2000-09-28,3.230593566168915
2000-09-27,3.401182362607747
2000-09-26,3.5076226113033004
2000-09-25,3.7652670967036537
2000-09-21,3.851084685830349
2000-09-20,3.895409389601958
2000-09-19,4.238084062191639
2000-09-18,3.884198174001283
2000-09-14,4.110955876527744
2000-09-13,4.022635442478029
2000-09-12,4.408176015370452
2000-09-11,4.37008928014629
2000-09-07,4.476414467530109
2000-09-06,4.732879148322756
2000-09-05,4.787919058672516
2000-09-04,5.09296317011173
2000-08-31,5.091169819597174
2000-08-30,4.821819274291603
2000-08-24,4.915694987374936
2000-08-23,4.938399722888082
2000-08-22,4.978231272665769
2000-08-21,4.81909772242006
2000-08-17,4.7484764300432225
2000-08-16,4.313579212153035
2000-08-15,4.612903339748089
2000-08-14,4.070051059721575
2000-08-11,4.498477487060688
2000-08-10,4.792001433067073
2000-08-09,4.756422636547818
2000-08-08,4.525519756184426
2000-08-07,4.268206046309111
2000-08-03,4.345911945920588
2000-08-02,4.016007940228029
2000-08-01,4.398745618146769
2000-07-31,4.562824104267491
2000-07-27,4.207331904716707
2000-07-26,4.321787894686886
2000-07-25,4.478818199390777
2000-07-24,4.506062220379289
2000-07-20,4.474068769892892
2000-07-19,4.498707587776353
2000-07-18,4.840676807542286
2000-07-17,5.10180068202042
2000-07-13,4.968306016969937
2000-07-12,4.841811913493092
2000-07-11,5.2567394833344725
2000-07-10,5.432185744738098
2000-07-06,5.762942138921059
2000-07-05,5.571672890386442
2000-07-04,5.5739542472692305
2000-07-03,5.468054694350198
2000-06-29,5.86890255691338
2000-06-28,5.464576510272679
2000-06-27,5.81663719556454
2000-06-26,5.0447042687818495
2000-06-22,5.310462612864151
2000-06-21,5.6820902563235265
2000-06-20,5.642310283304944
2000-06-19,5.022553471021256
2000-06-14,5.43966436270771
2000-06-13,5.166997453519038
2000-06-12,4.71826034336314
2000-06-08,5.153866695296097
2000-06-07,5.3690105579588545
2000-06-06,5.525748511428208
2000-06-05,5.413722038946964
2000-06-01,5.665692779888751
2000-05-31,6.255765704087572
2000-05-30,6.270056830833631
2000-05-29,5.7890101814476935
2000-05-25,5.76995862160008
2000-05-24,5.631006897557979
2000-05-23,5.950060255195659
2000-05-22,5.565856071532042
2000-05-18,5.195946184324896
2000-05-17,5.594466835306468
2000-05-16,5.421252817970307
2000-05-15,4.888753114598758
2000-05-11,5.251779758240739
2000-05-10,5.517230259108183
2000-05-09,5.5190439705932555
2000-05-08,5.981048599076757
2000-05-04,5.911685293716416
2000-05-03,5.9350205877918345
2000-05-02,6.389233281243606
2000-04-27,6.152310468742935
2000-04-26,5.5388694654527155
2000-04-24,5.152434672342471
2000-04-20,4.780059374694317
2000-04-19,5.036907729925295
2000-04-18,5.427108543601637
2000-04-17,4.181541021875482
2000-04-13,4.245913761020276
2000-04-12,3.7875888937592497
2000-04-11,4.166282461523387
2000-04-10,3.0469437732626963
2000-04-06,3.3676746967640327
2000-04-05,3.305324664844453
2000-04-04,3.4490430506175596
2000-04-03,3.452100213840465
2000-03-30,3.4881107626657757
2000-03-29,3.8542276850516477
2000-03-28,4.225199020320238
2000-03-27,3.7457462856171073
2000-03-23,4.105298526208378
2000-03-22,4.474277318440835
2000-03-21,4.90630650985566
2000-03-20,5.32802298457731
2000-03-14,5.76255171979597
2000-03-13,5.900715058721856
2000-03-09,6.3692113806925725
2000-03-08,6.364917841818097
2000-03-07,5.854909193588432
2000-03-06,5.830162792913539
2000-03-02,6.210179929009698
2000-03-01,6.52072518469493
2000-02-29,6.594485730452286
2000-02-28,5.579168438920947
2000-02-24,4.893817748281044
2000-02-23,4.779482774415901
2000-02-22,4.472059908564939
2000-02-21,4.560697793677038
2000-02-17,4.411297561432514
2000-02-16,4.607223620530679
2000-02-15,4.789036633218119
2000-02-14,4.554198384083186
2000-02-10,4.353587687670886
2000-02-09,3.8255442863730833
2000-02-08,4.0019173691492
2000-02-07,4.3768560395859515
2000-02-03,4.634419833226583
2000-02-02,4.85277981567148
2000-02-01,5.124651375215848
2000-01-31,4.630404151554353
2000-01-27,4.718867746454815
2000-01-26,5.119801193450062
2000-01-25,5.21030658223428
2000-01-24,5.24718095931157
2000-01-20,5.75320000766015
2000-01-19,5.414589482150702
2000-01-18,5.651914690798136
2000-01-17,5.359484658250576
2000-01-13,5.588904095961168
2000-01-12,6.169841369220245
2000-01-11,5.686666776506589
2000-01-06,6.06315801613886
2000-01-05,5.966648333627158
2000-01-04,6.271558684535275
2000-01-03,5.313828019749514
1999-12-30,5.342652021828414
1999-12-29,5.8976680241261485
1999-12-28,6.126896237192068
1999-12-27,5.238148472685965
1999-12-23,5.783216732968703
1999-12-22,5.389871125912779
1999-12-21,5.85617334969308
1999-12-20,5.2947179128186725
1999-12-16,5.529951377325895
1999-12-15,5.726788364412834
1999-12-14,5.183292402772081
1999-12-13,5.71311265569546
1999-12-09,5.046071882610777
1999-12-08,4.200395238675065
1999-12-07,3.2678052637987616
1999-12-06,2.452837396830211
1999-12-02,2.367872912286024
1999-12-01,2.342385850421393
1999-11-30,2.4910580452025854
1999-11-29,1.816432576276544
1999-11-25,1.8634254790424958
1999-11-24,1.8111544768364414
1999-11-23,1.7681181059771165
1999-11-22,1.7289726434483932
1999-11-18,1.8267592374955854
1999-11-17,1.920102315126694
1999-11-16,2.0443236114558188
1999-11-15,2.0153050442406486
1999-11-11,2.0979687331080834
1999-11-10,2.0893338629089278
1999-11-09,2.2408426905835537
1999-11-08,2.2619840264344577
1999-11-04,2.426403397638092
1999-11-03,2.6439195447578894
1999-11-02,2.726437391574508
1999-11-01,2.8544834327928785
1999-10-28,2.8423237941395065
1999-10-27,2.9994105093120953
1999-10-26,2.7961905629239
1999-10-25,2.937894832705371
1999-10-21,3.0808311308848793
1999-10-20,3.3777607236096046
1999-10-19,3.228051326094819
1999-10-18,3.5110040972626866
1999-10-14,3.5605834759219204
1999-10-13,3.2343291049663363
1999-10-12,3.2168900633838478
1999-10-11,1.9923521753189872
1999-10-07,1.7831260885104576
1999-10-05,1.8855604136168274
1999-10-04,1.491408878208073
1999-09-30,1.4662940232826052
1999-09-29,1.5859039204702496
1999-09-28,1.7096832805197528
1999-09-27,1.8675446784691965
1999-09-23,1.9083388551501688
1999-09-22,1.9323745241133439
1999-09-21,1.9726244740200105
1999-09-20,1.9697428397063275
1999-09-16,2.0139262965175186
1999-09-15,2.1574974856246225
1999-09-14,1.973023536743001
1999-09-13,1.1554470669264738
1999-09-09,1.0539151792345232
1999-09-08,1.1111694086276318
1999-09-07,1.2270819779568571
1999-09-06,1.2867748177417868
1999-09-02,1.3801195353988194
1999-09-01,1.4843426443881702
1999-08-31,1.5363787122185029
1999-08-30,1.6959975240309728
1999-08-26,1.625049894981601
1999-08-25,1.6224235681375554
1999-08-24,1.5153102595204513
1999-08-23,1.6295534447331357
1999-08-19,1.4674011757576806
1999-08-18,1.083969720574277
1999-08-17,1.1885981122136773
1999-08-16,1.0916084398151216
1999-08-12,1.1538830124272395
1999-08-11,1.1837654347880011
1999-08-10,1.2788986384498986
1999-08-09,1.410361653023569
1999-08-05,1.4461891954470973
1999-08-04,1.485788058125734
1999-08-03,1.4937657484547557
1999-08-02,1.5699516167131529
1999-07-29,1.6467886289987506
1999-07-28,1.7643453267880955
1999-07-27,1.8311185190815797
1999-07-26,1.9070257316164814
1999-07-22,1.947765282312955
1999-07-21,1.9517405751880061
1999-07-20,1.8866606357341127
1999-07-19,2.0757828079166476
1999-07-15,2.1584967876973513
1999-07-14,2.213075396928653
1999-07-13,2.31445175450009
1999-07-12,1.8949203602369402
1999-07-09,2.094385661314513
1999-07-08,2.144320994084461
1999-07-07,2.2584600460933575
1999-07-06,2.340403208840031
1999-07-05,2.228866704507405
1999-06-30,2.06769477866608
1999-06-29,2.111662650104617
1999-06-28,2.114995560641947
1999-06-24,2.0818371986042568
1999-06-23,1.9062411142468103
1999-06-22,1.9626875473254275
1999-06-21,1.7271809733596781
1999-06-17,1.7321473916080645
1999-06-16,1.6713208012510183
1999-06-15,1.7440914119090183
1999-06-14,1.670837876320494
1999-06-10,1.6193471264594907
1999-06-09,1.3898047187183833
1999-06-08,0.8834683733203196
1999-06-07,0.9080439915645662
1999-06-03,0.9909959906766252
1999-06-02,1.0626797791689013
1999-06-01,1.134540808555102
1999-05-31,1.1844924726135373
1999-05-27,1.0102285223623273
1999-05-26,1.0113052089267829
1999-05-25,1.040916283550653
1999-05-24,1.1357495765559862
1999-05-20,1.1753021635618746
1999-05-19,1.2811234439368129
1999-05-18,1.4149259117196362
1999-05-17,1.5564970603216979
1999-05-13,1.7045493824608264
1999-05-12,1.6071335279830192
1999-05-11,1.58788442566544
1999-05-10,1.6171354178407493
1999-05-06,1.368412830245037
1999-05-05,1.388245759744514
1999-05-04,1.396482155507094
1999-05-03,1.2150592245078404
1999-04-29,1.1903286165612985
1999-04-28,1.1429947867256471
1999-04-27,1.1696258169072897
1999-04-26,1.2569548502659544
1999-04-22,1.0471606239781601
1999-04-21,1.0237038475548104
1999-04-20,1.0998831999289997
1999-04-19,1.1735551157109962
1999-04-15,1.1560346015753142
1999-04-14,1.2335119280569244
1999-04-13,1.2886184467997608
1999-04-08,1.3695256517260532
1999-04-07,1.4642125624340558
1999-04-06,1.5362349374271174
1999-04-01,1.6737333518931277
1999-03-31,1.6604421257766135
1999-03-25,1.302593928489941
1999-03-24,1.39023539464678
1999-03-23,1.4144706993464384
1999-03-22,1.4044149834881696
1999-03-18,1.4217218238553444
1999-03-17,1.5545346474190622
1999-03-16,1.6318540839894906
1999-03-15,1.7783650401989097
1999-03-11,1.9339824128514254
1999-03-10,2.0975595089410497
1999-03-09,2.237302615145373
1999-03-08,2.011755522002781
1999-03-04,2.0277297874767566
1999-03-03,2.165385554579576
1999-03-02,2.348057718219531
1999-03-01,2.442590109611061
1999-02-25,2.6702311737806435
1999-02-24,2.9144660341786035
1999-02-23,3.14546245882898
1999-02-22,3.389195349232026
1999-02-18,3.6049001228353994
1999-02-17,3.9148896094496557
1999-02-15,3.538562199918046
1999-02-11,3.778410852540993
1999-02-10,4.049822521229514
1999-02-09,4.125593312937885
1999-02-08,4.52933997745766
1999-02-04,4.779796817190048
1999-02-03,5.16188069268374
1999-02-02,4.826289186650446
1999-02-01,3.8553722589294392
1999-01-28,3.569621970395697
1999-01-27,3.2927400725426135
1999-01-26,3.6140811328102562
1999-01-25,2.899773883632391
1999-01-21,2.5429079766463247
1999-01-14,2.6832140794512034
1999-01-13,2.544605035182909
1999-01-12,2.32193188099164
1999-01-11,2.0958194474118157
1999-01-07,2.20801096819201
1999-01-06,1.604643701685906
1999-01-05,1.125132512389683
1999-01-04,0.9288306715885959
1998-12-31,0.87502337386108
1998-12-30,0.8723942553201435
1998-12-29,0.8947515453538402
1998-12-28,0.8626201290752982
1998-12-24,0.890264353188491
1998-12-23,0.9113448114188526
1998-12-22,0.9504337389366304
1998-12-21,0.8620583430352209
1998-12-17,0.7728013265126147
1998-12-16,0.6625698871981538
1998-12-15,0.6744193490084847
1998-12-14,0.6359371752199019
1998-12-10,0.6228779305062083
1998-12-09,0.6779177126647602
1998-12-08,0.7355932613663083
1998-12-07,0.703550446773286
1998-12-03,0.7249768095915268
1998-12-02,0.7307638421801069
1998-12-01,0.7424231939885387
1998-11-30,0.6826782670399636
1998-11-26,0.7155917688336494
1998-11-25,0.7098645866056144
1998-11-24,0.7509029641430481
1998-11-23,0.8288927498423173
1998-11-19,0.9056183024572957
1998-11-18,0.904104439558068
1998-11-17,0.895062801616811
1998-11-16,0.9861220438922677
1998-11-12,1.0520296274598733
1998-11-11,1.1596116935082839
1998-11-09,1.0311497665091565
1998-11-05,1.0586392156153852
1998-11-04,1.0227065014696388
1998-11-03,0.9398335016243373
1998-11-02,0.9240265017953228
1998-10-29,1.0170819230369395
1998-10-28,0.9094063359882001
1998-10-27,0.9851333187238004
1998-10-26,1.0151473522736754
1998-10-22,0.9841102314603837
1998-10-21,0.8971744663509561
1998-10-20,0.9000349364931616
1998-10-19,0.8663544034924449
1998-10-15,0.901760130175863
1998-10-14,0.9661559333522675
1998-10-13,1.052067084231456
1998-10-12,0.9996530930979298
1998-10-08,1.016458681845083
1998-10-07,1.028717490460357
1998-10-05,1.0264772262982882
1998-10-01,1.087159039592846
1998-09-30,1.1405442016552525
1998-09-29,1.1869172755136952
1998-09-28,1.187645409778294
1998-09-24,1.2516080844917943
1998-09-23,1.3823036723330366
1998-09-22,1.4225461641575667
1998-09-21,1.5028141814373082
1998-09-17,1.6125840952728165
1998-09-16,1.6360140000383776
1998-09-15,1.7903312632003106
1998-09-14,1.9166819224845564
1998-09-10,2.082648440640828
1998-09-09,2.1376640659714417
1998-09-08,2.0016287044947507
1998-09-03,1.8018001470731477
1998-09-02,1.9262001625545313
1998-09-01,1.5036949165076399
1998-08-31,1.4472417498242314
1998-08-27,1.5774777234899422
1998-08-26,1.416159589120461
1998-08-25,1.5652290195541938
1998-08-24,1.487884705823055
1998-08-20,1.597135727488641
1998-08-19,1.7273605409084967
1998-08-18,1.6123458610041286
1998-08-17,1.455750688478251
1998-08-13,1.3005665504233292
1998-08-12,1.4037840820468381
1998-08-11,1.4747087222622928
1998-08-10,1.224678061447795
1998-08-06,1.1883283837054583
1998-08-05,1.2449945293586608
1998-08-04,1.3644676377122025
1998-08-03,1.5007273890503299
1998-07-31,1.6450144826345756
1998-07-30,1.7044896913329477
1998-07-29,1.8691728167364172
1998-07-28,1.9332962711297252
1998-07-27,1.7883800891433803
1998-07-23,1.9766306248426835
1998-07-22,1.6583812169313872
1998-07-21,1.5413687134504765
1998-07-20,1.3594075253926279
1998-07-16,1.4256609491181718
1998-07-15,1.5662568384990285
1998-07-14,1.6984944004462945
1998-07-13,1.7562306531248542
1998-07-09,1.8253075639800997
1998-07-08,1.8195504654516896
1998-07-07,2.0026610407623955
1998-07-02,1.9313622029479103
1998-06-30,2.0809792769424282
1998-06-29,2.064240253462683
1998-06-26,2.2815287011955974
1998-06-25,2.1511633013214517
1998-06-24,2.181812069881603
1998-06-23,2.2135817614480877
1998-06-22,1.7202745784426257
1998-06-18,1.8897771656471172
1998-06-17,1.9487010778204996
1998-06-16,1.8801432965384506
1998-06-15,1.8927899593319666
1998-06-11,2.06150469189323
1998-06-10,2.1700841331451457
1998-06-09,2.363777199792005
1998-06-08,2.0515432208227438
1998-06-04,1.8222319809093466
1998-06-03,1.8793090315313858
1998-06-02,1.646604719061002
1998-06-01,1.3157210052779476
1998-05-28,1.4373758479387875
1998-05-27,1.3823627793007671
1998-05-26,1.4268220192271597
1998-05-25,1.3706980212510733
1998-05-21,1.339192549803816
1998-05-20,1.3180549234673733
1998-05-19,1.3841659680428866
1998-05-18,1.5151308067842444
1998-05-14,1.0640919443404795
1998-05-13,1.1192595174289488
1998-05-12,1.1802342034740991
1998-05-11,1.2381535933134784
1998-05-07,1.2895381820833183
1998-05-06,1.2958053591447185
1998-05-05,1.4122059232652153
1998-05-04,0.9703328625562891
1998-04-30,1.0229994796674746
1998-04-29,1.0864731091061544
1998-04-28,1.195575541643643
1998-04-23,1.1045834933956054
1998-04-22,1.1955922821740892
1998-04-21,1.2888125224029405
1998-04-16,1.284476998445357
1998-04-15,1.3681061561764463
1998-04-14,1.3963278568265962
1998-04-13,1.3833097364925497
1998-04-09,1.31313181401808
1998-04-02,1.423987794441031
1998-04-01,1.5370391412242952
1998-03-31,1.6967274718794862
1998-03-30,1.7384882583931212
1998-03-26,1.8625396540134496
1998-03-25,1.9933333018043444
1998-03-24,2.169473649362691
1998-03-23,1.7388919282429693
1998-03-19,1.7282489733211794
1998-03-18,1.790169917881305
1998-03-17,1.8375562250267024
1998-03-16,1.8404568802926708
1998-03-13,1.9531365519024275
1998-03-12,2.0145193468395246
1998-03-11,1.9876266465068448
1998-03-10,2.145271556665459
1998-03-09,2.3142475099986632
1998-03-05,2.382063037366948
1998-03-04,2.1159644097213666
1998-03-03,1.9113290844288788
1998-03-02,1.6651531985792873
1998-02-26,1.7446430089560516
1998-02-25,1.6293422730566913
1998-02-24,1.73558882811529
1998-02-23,1.8382823889695319
1998-02-19,1.7496805351768503
1998-02-18,1.919120591511257
1998-02-17,2.0548174958808634
1998-02-16,2.257429863868323
1998-02-12,2.4055803758544596
1998-02-11,2.640904625944401
1998-02-10,2.5641577444648638
1998-02-09,2.485648033355902
1998-02-05,2.4178215105512604
1998-02-04,2.4365395642934975
1998-02-03,2.457227939482286
1998-02-02,1.959041406796211
1998-01-27,1.9484141864589697
1998-01-26,1.8419314692441204
1998-01-22,1.9473979396908667
1998-01-21,1.9429135122899044
1998-01-20,2.028483355688842
1998-01-19,2.0904289720771416
1998-01-15,2.0967899165063173
1998-01-14,2.023820434033302
1998-01-13,2.014748900773654
1998-01-12,1.8963014166445664
1998-01-08,2.029596302607153
1998-01-07,2.1653432818289575
1998-01-06,2.3701162588635816
1998-01-05,2.5606548124281687
1998-01-01,2.6617763716311376
1997-12-31,2.82406862127652
1997-12-30,2.977128476147732
1997-12-29,2.9620893683738085
1997-12-25,3.206519828202632
1997-12-24,3.432469283802909
1997-12-23,3.547466050519001
1997-12-22,3.813515108468372
1997-12-18,4.200200909359781
1997-12-17,4.453906268239762
1997-12-16,4.645896401738685
1997-12-15,4.544411812448024
1997-12-11,3.7290867400741297
1997-12-10,3.1910958706082515
1997-12-09,2.76805333067228
1997-12-08,2.4752168391640974
1997-12-04,2.6694501906550556
1997-12-03,2.5620238949345358
1997-12-02,2.426447462822385
1997-12-01,2.302915616803686
1997-11-27,2.4705909448882806
1997-11-26,2.5706531496133587
1997-11-25,2.7180903232568685
1997-11-24,2.3978893046523235
1997-11-20,2.2745092314578317
1997-11-19,2.063404940032337
1997-11-18,1.6837633547725874
1997-11-17,1.7978437079065415
1997-11-14,1.9249851508440747
1997-11-13,2.0665625351434467
1997-11-12,1.9598849072638111
1997-11-11,2.0430306869757895
1997-11-10,1.7875602329732443
1997-11-06,1.9336192048651613
1997-11-05,2.0855791211667563
1997-11-04,2.2282716602369392
1997-11-03,2.4091423613145126
1997-10-30,2.403788925663411
1997-10-29,2.0652403915227167
1997-10-28,1.2910551695777435
1997-10-27,1.306955713743817
1997-10-24,1.3329510520326397
1997-10-23,1.4385248469834395
1997-10-22,1.5362643045606386
1997-10-21,1.6306079155670232
1997-10-20,1.6790929593109187
1997-10-16,1.8211027445015435
1997-10-15,1.9612188228701262
1997-10-14,1.847662909488032
1997-10-13,1.5653116368025644
1997-10-09,1.645870756465991
1997-10-08,1.6285939939887266
1997-10-07,1.6105512565138544
1997-10-02,1.6548198098311027
1997-10-01,1.7900640003396453
1997-09-30,1.9574391582701294
1997-09-29,2.106643280193299
1997-09-25,2.2494478360031196
1997-09-24,2.4051791871613446
1997-09-23,2.6162506805467456
1997-09-22,2.5053296995516643
1997-09-18,2.547995983714995
1997-09-17,2.523574508316576
1997-09-16,2.709213930244638
1997-09-15,2.783868028165126
1997-09-11,3.0390120311298743
1997-09-10,3.261013297564597
1997-09-09,3.313751539413503
1997-09-08,3.1667780172464997
1997-09-04,3.3348599137987636
1997-09-03,3.406950431040741
1997-09-02,3.573997844834504
1997-09-01,3.641787091659188
1997-08-28,3.8430278381496334
1997-08-27,4.0022939263759065
1997-08-26,3.8520090765207446
1997-08-25,1.9164310845755648
1997-08-21,1.3886869882150972
1997-08-20,1.2790750922377383
1997-08-19,1.2105566808943415
1997-08-18,1.3032468578305898
1997-08-15,1.37622021128644
1997-08-14,1.372664444053431
1997-08-13,1.3466291223748441
1997-08-12,1.4862742931511395
1997-08-11,1.5321979029565216
1997-08-08,1.627166103267735
1997-08-07,1.6605520088748646
1997-08-06,1.7690311677037982
1997-08-05,1.7457712906199867
1997-08-04,1.6969051106852506
1997-07-30,1.8460530170731746
1997-07-29,1.9909007030808803
1997-07-28,2.044679724457813
1997-07-24,2.0420144322954785
1997-07-22,2.1095948988528996
1997-07-21,1.299025940837415
1997-07-16,1.2747128819781923
1997-07-15,1.1994195011337965
1997-07-14,1.1140952380952438
1997-07-10,1.2240000000000009
1997-07-09,
1997-07-08,
1997-07-07,
1997-07-03,
1997-07-02,
