Date,MMAX_10,MMAX_20
2012-05-10,668.5,741.72
2012-05-09,668.5,741.72
2012-05-08,658.15,764.25
2012-05-07,652.59,812.81
2012-05-03,652.59,832.19
2012-05-02,652.59,832.19
2012-04-30,652.59,832.19
2012-04-26,652.59,832.19
2012-04-24,652.59,832.19
2012-04-23,645.25,832.19
2012-04-19,652.88,832.19
2012-04-18,679.2,832.19
2012-04-17,685.41,832.19
2012-04-12,685.41,832.19
2012-04-11,685.41,832.19
2012-04-10,730.09,832.19
2012-04-09,732.83,832.19
2012-04-05,732.83,832.19
2012-04-04,732.83,832.19
2012-04-03,741.72,832.19
2012-04-02,741.72,832.19
2012-03-29,741.72,832.19
2012-03-28,764.25,832.19
2012-03-27,812.81,832.19
2012-03-26,832.19,832.19
2012-03-22,832.19,832.19
2012-03-21,832.19,832.19
2012-03-20,832.19,832.19
2012-03-19,832.19,832.19
2012-03-15,832.19,832.19
2012-03-14,832.19,832.19
2012-03-13,832.19,832.19
2012-03-12,832.19,832.19
2012-03-08,832.19,832.19
2012-03-07,827.06,827.06
2012-03-06,805.98,805.98
2012-03-05,805.98,805.98
2012-03-01,795.58,795.58
2012-02-29,760.28,760.28
2012-02-28,758.5,758.5
2012-02-27,729.9,729.9
2012-02-23,729.72,729.72
2012-02-22,729.72,729.72
2012-02-21,729.72,729.72
2012-02-20,702.04,702.04
2012-02-16,702.04,702.04
2012-02-15,702.04,702.04
2012-02-14,700.45,700.45
2012-02-13,586.67,586.67
2012-02-09,577.94,577.94
2012-02-08,572.74,572.74
2012-02-07,572.74,572.74
2012-02-06,572.74,572.74
2012-02-02,572.74,572.74
2012-02-01,567.41,567.41
2012-01-31,534.53,534.53
2012-01-30,510.57,510.57
2012-01-26,425.41,448.77
2012-01-24,389.3,448.77
2012-01-19,389.3,448.77
2012-01-18,378.98,448.77
2012-01-17,365.77,448.77
2012-01-16,350.41,449.92
2012-01-12,347.04,464.5
2012-01-11,341.86,464.5
2012-01-10,345.64,464.5
2012-01-09,376.99,531.89
2012-01-05,413.57,538.13
2012-01-04,413.57,538.13
2012-01-03,413.57,555.56
2012-01-02,413.57,555.56
2011-12-29,420.69,555.56
2011-12-28,427.27,555.56
2011-12-27,437.95,555.56
2011-12-21,437.95,555.56
2011-12-20,448.77,555.56
2011-12-19,448.77,555.56
2011-12-15,448.77,555.56
2011-12-14,448.77,555.56
2011-12-13,448.77,555.56
2011-12-12,448.77,555.56
2011-12-08,448.77,555.56
2011-12-07,449.92,555.56
2011-12-06,464.5,555.56
2011-12-05,464.5,555.56
2011-12-01,464.5,555.56
2011-11-30,531.89,555.56
2011-11-29,538.13,555.56
2011-11-24,538.13,580.9
2011-11-23,555.56,589.31
2011-11-22,555.56,589.31
2011-11-21,555.56,589.31
2011-11-17,555.56,609.28
2011-11-16,555.56,626.04
2011-11-15,555.56,645.91
2011-11-14,555.56,683.6
2011-11-10,555.56,683.6
2011-11-02,555.56,683.6
2011-11-01,555.56,683.6
2011-10-31,532.08,683.6
2011-10-27,531.75,683.6
2011-10-26,531.75,683.6
2011-10-25,527.53,683.6
2011-10-24,520.96,684.96
2011-10-20,519.42,684.96
2011-10-19,516.74,684.96
2011-10-18,533.76,760.97
2011-10-17,549.82,760.97
2011-10-13,580.9,760.97
2011-10-12,589.31,760.97
2011-10-11,589.31,760.97
2011-10-10,589.31,782.06
2011-10-05,609.28,782.06
2011-10-04,626.04,782.06
2011-10-03,645.91,782.06
2011-09-28,683.6,785.09
2011-09-26,683.6,794.45
2011-09-22,683.6,797.53
2011-09-21,683.6,798.67
2011-09-20,683.6,806.82
2011-09-19,683.6,806.82
2011-09-15,683.6,806.82
2011-09-14,683.6,806.82
2011-09-13,684.96,806.82
2011-09-12,684.96,836.75
2011-09-08,684.96,836.75
2011-09-07,760.97,865.08
2011-09-06,760.97,865.08
2011-09-05,760.97,865.08
2011-08-25,760.97,865.08
2011-08-24,760.97,872.1
2011-08-23,782.06,872.1
2011-08-22,782.06,896.64
2011-08-18,782.06,896.64
2011-08-17,782.06,909.15
2011-08-16,785.09,926.43
2011-08-11,794.45,926.43
2011-08-10,797.53,938.79
2011-08-08,798.67,938.79
2011-08-03,806.82,938.79
2011-08-02,806.82,938.79
2011-08-01,806.82,938.79
2011-07-28,806.82,938.79
2011-07-27,806.82,938.79
2011-07-26,836.75,938.79
2011-07-25,836.75,938.79
2011-07-21,865.08,938.79
2011-07-20,865.08,938.79
2011-07-19,865.08,938.79
2011-07-18,865.08,938.79
2011-07-14,872.1,938.79
2011-07-13,872.1,938.79
2011-07-12,896.64,938.79
2011-07-11,896.64,938.79
2011-07-07,909.15,938.79
2011-07-06,926.43,938.79
2011-07-05,926.43,938.79
2011-07-04,938.79,938.79
2011-06-30,938.79,938.79
2011-06-29,938.79,938.79
2011-06-28,938.79,938.79
2011-06-27,938.79,938.79
2011-06-23,938.79,938.79
2011-06-22,938.79,938.79
2011-06-21,938.79,938.79
2011-06-20,938.79,938.79
2011-06-15,938.79,938.79
2011-06-14,925.98,925.98
2011-06-13,914.43,914.43
2011-06-09,905.16,905.16
2011-06-08,905.16,905.16
2011-06-07,905.16,905.16
2011-06-06,905.16,905.16
2011-06-02,905.16,905.16
2011-06-01,901.1,901.1
2011-05-31,866.77,866.77
2011-05-26,864.24,866.53
2011-05-25,864.24,866.53
2011-05-24,864.24,866.53
2011-05-23,847.78,1410.17
2011-05-19,834.77,1410.17
2011-05-18,834.73,1413.09
2011-05-17,816.5,1482.2
2011-05-16,791.89,1567.23
2011-05-12,791.89,1567.23
2011-05-11,791.89,1567.23
2011-05-10,791.89,1567.23
2011-05-09,791.89,1567.23
2011-05-05,791.89,1567.23
2011-05-04,823.41,1567.23
2011-05-03,823.41,1567.23
2011-05-02,823.41,1567.23
2011-04-28,823.41,1567.23
2011-04-27,847.52,1567.23
2011-04-26,866.53,1567.23
2011-04-21,866.53,1567.23
2011-04-20,866.53,1567.23
2011-04-19,866.53,1567.23
2011-04-18,866.53,1567.23
2011-04-14,1410.17,1567.23
2011-04-13,1410.17,1567.23
2011-04-12,1413.09,1567.23
2011-04-11,1482.2,1567.23
2011-04-07,1567.23,1567.23
2011-04-06,1567.23,1567.23
2011-04-05,1567.23,1567.23
2011-04-04,1567.23,1567.23
2011-03-31,1567.23,1567.23
2011-03-30,1567.23,1567.23
2011-03-24,1567.23,1567.23
2011-01-20,1567.23,1567.23
2011-01-18,1567.23,1567.23
2011-01-17,1567.23,1567.23
2011-01-13,1557.91,1557.91
2011-01-12,1557.91,1557.91
2011-01-11,1557.91,1557.91
2011-01-10,1550.25,1550.25
2011-01-06,1543.6,1543.6
2011-01-05,1540.1,1540.1
2011-01-04,1506.85,1506.85
2011-01-03,1503.51,1503.51
2010-12-30,1482.51,1484.93
2010-12-29,1477.72,1484.93
2010-12-28,1477.72,1484.93
2010-12-27,1477.72,1484.93
2010-12-23,1477.72,1484.93
2010-12-22,1477.72,1484.93
2010-12-21,1477.72,1484.93
2010-12-20,1477.72,1484.93
2010-12-16,1477.72,1484.93
2010-12-15,1477.72,1484.93
2010-12-14,1470.53,1484.93
2010-12-13,1484.93,1484.93
2010-12-09,1484.93,1484.93
2010-12-08,1484.93,1484.93
2010-12-02,1484.93,1484.93
2010-12-01,1484.93,1484.93
2010-11-30,1484.93,1484.93
2010-11-29,1484.93,1484.93
2010-11-25,1484.93,1484.93
2010-11-24,1484.93,1484.93
2010-11-23,1484.93,1484.93
2010-11-22,1473.03,1484.66
2010-11-11,1473.03,1484.66
2010-11-10,1473.03,1484.66
2010-11-04,1478.07,1484.66
2010-11-03,1478.07,1484.66
2010-11-02,1478.07,1484.66
2010-11-01,1480.84,1484.66
2010-10-28,1480.84,1484.66
2010-10-27,1480.84,1484.66
2010-10-26,1480.84,1484.66
2010-10-25,1484.66,1484.66
2010-10-21,1484.66,1484.66
2010-10-20,1484.66,1484.66
2010-10-19,1484.66,1484.66
2010-10-18,1484.66,1484.66
2010-10-14,1484.66,1484.66
2010-10-13,1484.66,1484.66
2010-10-12,1484.66,1484.66
2010-10-11,1484.66,1484.66
2010-10-05,1484.66,1484.66
2010-10-04,1460.75,1460.75
2010-09-30,1460.75,1460.75
2010-09-29,1458.23,1458.23
2010-09-28,1458.23,1458.23
2010-09-27,1458.23,1458.23
2010-09-23,1447.35,1447.35
2010-09-22,1441.9,1441.9
2010-09-21,1428.37,1428.37
2010-09-20,1422.78,1422.78
2010-09-16,1422.78,1422.78
2010-09-15,1422.78,1422.78
2010-09-14,1422.78,1422.78
2010-09-13,1400.47,1408.99
2010-09-08,1400.47,1408.99
2010-09-07,1400.47,1408.99
2010-09-06,1400.47,1408.99
2010-09-02,1400.47,1408.99
2010-09-01,1400.47,1408.99
2010-08-31,1400.47,1408.99
2010-08-30,1408.99,1408.99
2010-08-26,1408.99,1408.99
2010-08-24,1408.99,1408.99
2010-08-23,1408.99,1408.99
2010-08-19,1408.99,1408.99
2010-08-18,1408.99,1408.99
2010-08-17,1408.99,1408.99
2010-08-16,1408.99,1431.72
2010-08-12,1408.99,1431.72
2010-08-11,1408.99,1431.72
2010-08-10,1404.56,1431.72
2010-08-09,1387.69,1431.72
2010-08-05,1380.44,1431.72
2010-08-04,1380.44,1431.72
2010-08-03,1380.44,1431.72
2010-08-02,1376.12,1431.72
2010-07-29,1346.89,1431.72
2010-07-27,1332.93,1431.72
2010-07-26,1325.73,1431.72
2010-07-22,1325.73,1431.91
2010-07-21,1325.73,1431.91
2010-07-20,1328.95,1431.91
2010-07-19,1342.81,1431.91
2010-07-15,1376.12,1431.91
2010-07-14,1386.78,1434.14
2010-07-13,1390.83,1448.67
2010-07-12,1390.83,1526.69
2010-07-08,1431.72,1526.69
2010-07-07,1431.72,1561.0
2010-07-06,1431.72,1563.92
2010-07-05,1431.72,1563.92
2010-06-30,1431.72,1603.81
2010-06-29,1431.72,1603.81
2010-06-28,1431.72,1603.81
2010-06-24,1431.72,1603.81
2010-06-23,1431.72,1603.81
2010-06-22,1431.72,1626.77
2010-06-21,1414.07,1626.77
2010-06-17,1403.99,1644.06
2010-06-16,1431.91,1656.34
2010-06-15,1431.91,1656.34
2010-06-14,1431.91,1656.34
2010-06-10,1431.91,1656.34
2010-06-09,1431.91,1656.34
2010-06-08,1434.14,1662.16
2010-06-07,1448.67,1686.68
2010-06-03,1526.69,1686.68
2010-06-02,1526.69,1686.68
2010-06-01,1561.0,1686.68
2010-05-31,1563.92,1686.68
2010-05-27,1563.92,1686.68
2010-05-26,1603.81,1686.68
2010-05-25,1603.81,1686.68
2010-05-24,1603.81,1686.68
2010-05-20,1603.81,1686.68
2010-05-19,1603.81,1686.68
2010-05-18,1626.77,1686.68
2010-05-17,1626.77,1686.68
2010-05-13,1644.06,1686.68
2010-05-12,1656.34,1686.68
2010-05-11,1656.34,1686.68
2010-05-10,1656.34,1686.68
2010-05-06,1656.34,1686.68
2010-05-05,1656.34,1686.68
2010-05-04,1662.16,1686.68
2010-05-03,1686.68,1686.68
2010-04-29,1686.68,1686.68
2010-04-28,1686.68,1686.68
2010-04-27,1686.68,1686.68
2010-04-26,1686.68,1686.68
2010-04-22,1686.68,1686.68
2010-04-21,1686.68,1686.68
2010-04-20,1686.68,1686.68
2010-04-19,1686.68,1686.68
2010-04-15,1686.68,1686.68
2010-04-14,1670.1,1670.1
2010-04-13,1670.1,1670.1
2010-04-12,1654.12,1654.12
2010-04-08,1645.56,1645.56
2010-04-07,1631.77,1631.77
2010-04-06,1593.39,1630.32
2010-04-01,1565.51,1630.32
2010-03-31,1565.51,1630.32
2010-03-30,1565.51,1630.32
2010-03-29,1541.73,1630.32
2010-03-25,1538.2,1630.32
2010-03-24,1539.28,1630.32
2010-03-23,1547.8,1630.32
2010-03-22,1557.91,1630.32
2010-03-18,1557.91,1630.32
2010-03-17,1557.91,1630.32
2010-03-16,1557.91,1630.32
2010-03-15,1557.91,1630.32
2010-03-11,1557.91,1630.32
2010-03-10,1557.91,1630.32
2010-03-09,1591.27,1630.32
2010-03-08,1615.07,1630.32
2010-03-04,1630.32,1630.32
2010-03-03,1630.32,1630.32
2010-03-02,1630.32,1630.32
2010-03-01,1630.32,1630.32
2010-02-25,1630.32,1630.32
2010-02-24,1630.32,1630.32
2010-02-23,1630.32,1630.32
2010-02-22,1630.32,1630.32
2010-02-18,1630.32,1630.32
2010-02-17,1630.32,1630.32
2010-02-16,1617.16,1617.16
2010-02-15,1614.93,1614.93
2010-02-11,1614.93,1614.93
2010-02-10,1614.93,1614.93
2010-02-09,1614.93,1614.93
2010-02-08,1590.88,1590.88
2010-02-04,1590.88,1590.88
2010-02-03,1577.74,1577.74
2010-02-02,1577.74,1577.74
2010-02-01,1577.74,1577.74
2010-01-28,1577.74,1577.74
2010-01-27,1577.74,1577.74
2010-01-26,1577.74,1577.74
2010-01-21,1577.74,1577.74
2010-01-20,1563.55,1563.55
2010-01-19,1547.55,1601.56
2010-01-18,1516.74,1601.7
2010-01-13,1516.74,1639.95
2010-01-12,1505.29,1639.95
2010-01-11,1485.78,1639.95
2010-01-06,1485.78,1639.95
2010-01-04,1500.7,1639.95
2009-12-31,1500.7,1639.95
2009-12-30,1500.7,1712.84
2009-12-29,1500.7,1734.09
2009-12-24,1528.87,1741.49
2009-12-23,1528.87,1780.87
2009-12-22,1528.87,1804.09
2009-12-21,1528.87,1804.09
2009-12-17,1531.24,1804.09
2009-12-16,1531.24,1804.09
2009-12-14,1531.24,1804.09
2009-12-10,1531.24,1804.09
2009-12-09,1531.24,1804.09
2009-12-08,1543.97,1804.09
2009-12-03,1601.56,1804.09
2009-12-02,1601.7,1804.09
2009-12-01,1639.95,1804.09
2009-11-30,1639.95,1804.35
2009-11-25,1639.95,1826.54
2009-11-24,1639.95,1826.54
2009-11-23,1639.95,1826.54
2009-11-19,1639.95,1857.92
2009-11-18,1712.84,1857.92
2009-11-17,1734.09,1857.92
2009-11-16,1741.49,1857.92
2009-11-12,1780.87,1857.92
2009-11-11,1804.09,1857.92
2009-11-10,1804.09,1857.92
2009-11-09,1804.09,1857.92
2009-11-05,1804.09,1857.92
2009-11-04,1804.09,1857.92
2009-11-03,1804.09,1857.92
2009-11-02,1804.09,1857.92
2009-10-29,1804.09,1857.92
2009-10-28,1804.09,1857.92
2009-10-27,1804.09,1857.92
2009-10-26,1798.54,1857.92
2009-10-22,1804.35,1857.92
2009-10-21,1826.54,1857.92
2009-10-20,1826.54,1857.92
2009-10-19,1826.54,1857.92
2009-10-15,1857.92,1857.92
2009-10-14,1857.92,1857.92
2009-10-13,1857.92,1857.92
2009-10-12,1857.92,1857.92
2009-10-08,1857.92,1857.92
2009-10-07,1857.92,1857.92
2009-10-05,1857.92,1857.92
2009-10-01,1857.92,1857.92
2009-09-29,1857.92,1857.92
2009-09-28,1857.92,1857.92
2009-09-24,1846.69,1846.69
2009-09-23,1802.17,1802.17
2009-09-17,1783.69,1783.69
2009-09-16,1762.63,1762.63
2009-09-15,1755.85,1755.85
2009-09-14,1755.85,1755.85
2009-09-10,1749.15,1749.15
2009-09-08,1749.04,1749.04
2009-09-07,1720.04,1720.04
2009-09-03,1711.94,1711.94
2009-09-02,1711.94,1711.94
2009-09-01,1711.94,1711.94
2009-08-31,1706.91,1706.91
2009-08-27,1706.91,1706.91
2009-08-26,1697.85,1706.66
2009-08-25,1706.66,1706.66
2009-08-24,1706.66,1706.66
2009-08-20,1706.66,1706.66
2009-08-19,1706.66,1706.66
2009-08-18,1706.66,1706.66
2009-08-17,1706.66,1706.66
2009-08-13,1706.66,1706.66
2009-08-12,1706.66,1712.79
2009-08-11,1706.66,1727.47
2009-08-10,1706.66,1727.47
2009-08-06,1697.75,1727.47
2009-08-05,1697.75,1727.47
2009-08-04,1697.75,1727.47
2009-08-03,1659.11,1727.47
2009-07-30,1622.83,1727.47
2009-07-29,1614.14,1727.47
2009-07-28,1607.66,1727.47
2009-07-27,1607.59,1727.47
2009-07-22,1607.59,1727.47
2009-07-21,1649.7,1727.47
2009-07-20,1649.7,1727.47
2009-07-16,1649.7,1727.47
2009-07-15,1649.7,1727.47
2009-07-14,1649.7,1727.47
2009-07-13,1649.7,1727.47
2009-07-09,1649.7,1727.47
2009-07-08,1685.15,1727.47
2009-07-07,1712.79,1727.47
2009-07-06,1727.47,1727.47
2009-07-02,1727.47,1727.47
2009-06-30,1727.47,1727.47
2009-06-29,1727.47,1727.47
2009-06-25,1727.47,1727.47
2009-06-24,1727.47,1727.47
2009-06-23,1727.47,1727.47
2009-06-22,1727.47,1727.47
2009-06-18,1727.47,1727.47
2009-06-17,1727.47,1727.47
2009-06-16,1701.82,1701.82
2009-06-15,1691.19,1691.19
2009-06-11,1691.19,1691.19
2009-06-10,1691.19,1691.19
2009-06-09,1691.19,1691.19
2009-06-08,1691.19,1691.19
2009-06-04,1674.33,1674.33
2009-06-03,1674.33,1674.33
2009-06-02,1674.33,1674.33
2009-06-01,1652.63,1663.5
2009-05-28,1663.5,1663.5
2009-05-27,1663.5,1663.5
2009-05-26,1663.5,1663.5
2009-05-25,1663.5,1663.5
2009-05-21,1663.5,1663.5
2009-05-20,1663.5,1663.5
2009-05-19,1663.5,1663.5
2009-05-18,1663.5,1663.5
2009-05-14,1663.5,1663.5
2009-05-13,1663.5,1663.5
2009-05-12,1616.3,1616.3
2009-05-11,1566.83,1566.83
2009-05-07,1539.34,1539.34
2009-05-06,1520.09,1520.09
2009-05-05,1517.57,1517.57
2009-05-04,1517.57,1517.57
2009-04-30,1511.81,1511.81
2009-04-29,1511.81,1511.81
2009-04-28,1511.81,1511.81
2009-04-27,1511.81,1511.81
2009-04-23,1511.81,1511.81
2009-04-22,1498.21,1498.21
2009-04-21,1465.74,1465.74
2009-04-16,1465.74,1465.74
2009-04-14,1465.74,1465.74
2009-04-13,1465.74,1465.74
2009-04-09,1465.74,1465.74
2009-04-08,1464.98,1464.98
2009-04-07,1439.49,1439.49
2009-04-06,1403.8,1403.8
2009-04-02,1396.98,1396.98
2009-04-01,1396.98,1396.98
2009-03-31,1396.98,1396.98
2009-03-30,1396.98,1440.33
2009-03-26,1385.9,1445.96
2009-03-25,1385.2,1445.96
2009-03-23,1351.98,1445.96
2009-03-19,1343.77,1445.96
2009-03-18,1336.59,1445.96
2009-03-17,1336.59,1489.22
2009-03-16,1336.59,1541.33
2009-03-12,1336.59,1567.2
2009-03-11,1336.59,1586.48
2009-03-10,1331.24,1620.45
2009-03-05,1331.24,1620.45
2009-03-04,1341.0,1620.45
2009-03-03,1341.0,1623.15
2009-03-02,1341.0,1623.15
2009-02-26,1341.0,1623.15
2009-02-25,1341.0,1623.15
2009-02-24,1341.0,1623.15
2009-02-23,1341.0,1623.15
2009-02-19,1344.47,1623.15
2009-02-18,1440.33,1623.15
2009-02-17,1445.96,1623.15
2009-02-16,1445.96,1623.15
2009-02-12,1445.96,1623.15
2009-02-11,1445.96,1623.15
2009-02-10,1445.96,1623.15
2009-02-09,1489.22,1623.15
2009-02-05,1541.33,1623.15
2009-02-04,1567.2,1623.15
2009-02-03,1586.48,1623.15
2009-01-29,1620.45,1623.15
2009-01-28,1620.45,1623.15
2009-01-27,1620.45,1623.15
2009-01-26,1623.15,1623.15
2009-01-22,1623.15,1623.15
2009-01-21,1623.15,1623.15
2009-01-20,1623.15,1713.64
2009-01-19,1623.15,1783.09
2009-01-15,1623.15,1827.27
2009-01-14,1623.15,1900.04
2009-01-13,1623.15,1906.69
2009-01-12,1623.15,1906.69
2009-01-08,1623.15,1906.69
2009-01-06,1621.82,1906.69
2009-01-05,1573.11,1906.69
2008-12-31,1565.09,1906.69
2008-12-30,1565.09,1906.69
2008-12-24,1565.09,1906.69
2008-12-23,1565.09,1906.69
2008-12-22,1565.09,1906.69
2008-12-18,1565.09,2003.51
2008-12-17,1556.73,2026.39
2008-12-16,1547.29,2072.52
2008-12-15,1547.29,2112.77
2008-12-11,1567.15,2112.77
2008-12-10,1596.15,2112.77
2008-12-04,1713.64,2112.77
2008-12-03,1783.09,2112.77
2008-12-01,1827.27,2354.38
2008-11-27,1900.04,2354.38
2008-11-26,1906.69,2354.38
2008-11-25,1906.69,2389.57
2008-11-24,1906.69,2444.62
2008-11-20,1906.69,2444.62
2008-11-19,1906.69,2503.96
2008-11-18,1906.69,2503.96
2008-11-17,1906.69,2544.16
2008-11-13,1906.69,2711.73
2008-11-12,1906.69,2724.1
2008-11-11,1906.69,2749.41
2008-11-10,2003.51,2749.41
2008-11-06,2026.39,2749.41
2008-11-05,2072.52,2749.41
2008-11-04,2112.77,2749.41
2008-11-03,2112.77,2749.41
2008-10-29,2112.77,2749.41
2008-10-28,2112.77,2749.41
2008-10-27,2112.77,2749.41
2008-10-23,2354.38,2749.41
2008-10-22,2354.38,2749.41
2008-10-20,2354.38,2749.41
2008-10-16,2389.57,2749.41
2008-10-15,2444.62,2749.41
2008-10-14,2444.62,2749.41
2008-10-13,2503.96,2749.41
2008-10-09,2503.96,2749.41
2008-10-08,2544.16,2771.73
2008-10-07,2711.73,2897.1
2008-09-29,2724.1,2897.1
2008-09-25,2749.41,2897.1
2008-09-24,2749.41,2897.1
2008-09-23,2749.41,2917.09
2008-09-22,2749.41,2959.41
2008-09-18,2749.41,2989.55
2008-09-17,2749.41,3095.82
2008-09-16,2749.41,3095.82
2008-09-15,2749.41,3095.82
2008-09-11,2749.41,3095.82
2008-09-10,2749.41,3095.82
2008-09-09,2742.05,3095.82
2008-09-08,2733.4,3190.17
2008-09-04,2733.4,3190.17
2008-09-03,2733.4,3207.84
2008-09-02,2733.4,3207.94
2008-09-01,2719.41,3207.94
2008-08-28,2719.41,3207.94
2008-08-27,2771.73,3350.21
2008-08-26,2897.1,3406.43
2008-08-25,2897.1,3406.43
2008-08-21,2897.1,3413.39
2008-08-20,2897.1,3454.72
2008-08-19,2917.09,3535.93
2008-08-18,2959.41,3535.93
2008-08-14,2989.55,3535.93
2008-08-13,3095.82,3601.8
2008-08-12,3095.82,3632.9
2008-08-11,3095.82,3665.55
2008-08-07,3095.82,3665.55
2008-08-06,3095.82,3665.55
2008-08-05,3095.82,3665.55
2008-08-04,3190.17,3665.55
2008-07-31,3190.17,3693.92
2008-07-30,3207.84,3715.58
2008-07-29,3207.94,3715.58
2008-07-28,3207.94,3715.58
2008-07-24,3207.94,3715.58
2008-07-22,3350.21,3715.58
2008-07-21,3406.43,3715.58
2008-07-17,3406.43,3715.58
2008-07-16,3413.39,3715.58
2008-07-15,3454.72,3715.58
2008-07-14,3535.93,3715.58
2008-07-10,3535.93,3715.58
2008-07-09,3535.93,3715.58
2008-07-08,3601.8,3715.58
2008-07-07,3632.9,3715.58
2008-07-03,3665.55,3715.58
2008-07-02,3665.55,3798.54
2008-06-30,3665.55,3836.59
2008-06-26,3665.55,3857.57
2008-06-25,3665.55,3889.17
2008-06-24,3693.92,3889.17
2008-06-23,3715.58,3889.17
2008-06-19,3715.58,3889.17
2008-06-18,3715.58,3889.17
2008-06-17,3715.58,3889.17
2008-06-16,3715.58,3889.17
2008-06-12,3715.58,3889.17
2008-06-11,3715.58,3889.17
2008-06-10,3715.58,3889.17
2008-06-09,3715.58,3889.17
2008-06-05,3715.58,3889.17
2008-06-04,3708.79,3889.17
2008-06-03,3708.79,3889.17
2008-06-02,3708.79,3889.17
2008-05-29,3703.11,3889.17
2008-05-28,3703.11,3889.17
2008-05-27,3798.54,3889.17
2008-05-26,3836.59,3889.17
2008-05-22,3857.57,3889.17
2008-05-21,3889.17,3889.17
2008-05-20,3889.17,3889.17
2008-05-19,3889.17,3889.17
2008-05-15,3889.17,3889.17
2008-05-14,3889.17,3889.17
2008-05-13,3889.17,3889.17
2008-05-12,3889.17,3889.17
2008-05-08,3889.17,3889.17
2008-05-07,3889.17,3889.17
2008-05-06,3889.17,3889.17
2008-05-05,3872.68,3872.68
2008-04-30,3872.68,3872.68
2008-04-29,3872.68,3872.68
2008-04-24,3872.68,3872.68
2008-04-23,3872.68,3872.68
2008-04-22,3872.68,3872.68
2008-04-21,3852.68,3852.68
2008-04-17,3852.68,3852.68
2008-04-16,3852.68,3852.68
2008-04-15,3852.68,3852.68
2008-04-14,3852.68,3852.68
2008-04-10,3852.68,3852.68
2008-04-09,3852.68,3852.68
2008-04-08,3822.75,3850.02
2008-04-07,3816.63,3850.02
2008-04-03,3816.63,3850.02
2008-04-02,3816.63,3850.02
2008-04-01,3850.02,3850.02
2008-03-31,3850.02,3850.02
2008-03-27,3850.02,3850.02
2008-03-26,3850.02,3850.02
2008-03-25,3850.02,3850.02
2008-03-24,3850.02,3850.02
2008-03-19,3850.02,3850.02
2008-03-18,3850.02,3850.02
2008-03-17,3850.02,3850.02
2008-03-13,3850.02,3850.02
2008-03-12,3790.66,3790.66
2008-03-11,3790.66,3790.66
2008-03-10,3790.66,3790.66
2008-03-06,3790.66,3790.66
2008-03-05,3734.26,3734.26
2008-03-04,3661.53,3661.53
2008-03-03,3661.53,3661.53
2008-02-28,3659.76,3659.76
2008-02-27,3659.76,3659.76
2008-02-26,3614.86,3614.86
2008-02-25,3522.04,3614.08
2008-02-21,3462.57,3614.08
2008-02-20,3407.62,3614.08
2008-02-14,3407.62,3614.08
2008-02-13,3407.62,3614.08
2008-02-12,3407.62,3614.08
2008-02-11,3407.62,3614.08
2008-02-07,3407.62,3614.08
2008-02-06,3407.62,3614.08
2008-02-05,3553.0,3614.08
2008-02-04,3553.0,3614.08
2008-01-31,3614.08,3614.08
2008-01-30,3614.08,3614.08
2008-01-29,3614.08,3614.08
2008-01-28,3614.08,3614.08
2008-01-24,3614.08,3614.08
2008-01-23,3614.08,3614.08
2008-01-22,3614.08,3614.08
2008-01-21,3614.08,3614.08
2008-01-17,3614.08,3614.08
2008-01-16,3614.08,3614.08
2008-01-15,3609.04,3609.04
2008-01-14,3594.05,3594.05
2008-01-10,3578.45,3578.45
2008-01-08,3487.75,3487.75
2008-01-03,3474.07,3474.07
2008-01-02,3412.27,3412.27
2007-12-31,3386.5,3386.5
2007-12-27,3380.63,3380.63
2007-12-26,3380.63,3380.63
2007-12-24,3315.82,3315.82
2007-12-17,3315.82,3315.82
2007-12-13,3315.82,3315.82
2007-12-12,3315.82,3315.82
2007-12-11,3315.82,3315.82
2007-12-10,3315.82,3315.82
2007-12-06,3290.79,3290.79
2007-12-05,3278.08,3278.08
2007-12-04,3278.08,3278.08
2007-12-03,3278.08,3278.08
2007-11-29,3278.08,3278.08
2007-11-28,3278.08,3278.08
2007-11-27,3278.08,3278.08
2007-11-26,3278.08,3278.08
2007-11-22,3278.08,3278.08
2007-11-21,3242.81,3242.81
2007-11-20,3242.81,3242.81
2007-11-19,3203.12,3203.12
2007-11-15,3203.12,3203.12
2007-11-14,3203.12,3203.12
2007-11-13,3203.12,3203.12
2007-11-12,3203.12,3203.12
2007-11-08,3203.12,3203.12
2007-11-07,3203.12,3203.12
2007-11-06,3203.12,3203.12
2007-11-05,3203.12,3203.12
2007-11-01,3171.25,3171.25
2007-10-31,3171.25,3171.25
2007-10-30,3144.09,3144.09
2007-10-29,3111.42,3111.42
2007-10-25,3091.73,3091.73
2007-10-24,3067.99,3067.99
2007-10-23,3056.16,3056.16
2007-10-22,3056.16,3056.16
2007-10-18,3055.32,3055.32
2007-10-17,3055.32,3055.32
2007-10-16,3028.05,3028.05
2007-10-11,3013.28,3013.28
2007-10-10,3003.55,3003.55
2007-10-09,2989.96,2989.96
2007-10-08,2972.09,2972.09
2007-10-04,2972.09,2972.09
2007-10-03,2972.09,2972.09
2007-10-02,2954.51,2954.51
2007-10-01,2939.48,2939.48
2007-09-27,2939.48,2939.48
2007-09-26,2939.48,2939.48
2007-09-25,2939.48,2939.48
2007-09-24,2939.48,2939.48
2007-09-20,2939.48,2939.48
2007-09-19,2914.81,2914.81
2007-09-18,2914.65,2914.65
2007-09-17,2889.83,2889.83
2007-09-13,2889.83,2890.34
2007-09-12,2867.09,2898.02
2007-09-11,2828.53,2902.37
2007-09-10,2828.53,2902.37
2007-09-06,2808.09,2902.37
2007-09-05,2803.15,2902.37
2007-09-04,2763.79,2902.37
2007-09-03,2727.73,2902.37
2007-08-30,2758.7,2902.37
2007-08-29,2830.83,2902.37
2007-08-28,2830.83,2902.37
2007-08-27,2830.83,2902.37
2007-08-23,2830.83,2902.37
2007-08-22,2830.83,2902.37
2007-08-21,2830.83,2902.37
2007-08-20,2830.83,2902.37
2007-08-16,2830.83,2902.37
2007-08-14,2882.46,2902.37
2007-08-13,2882.46,2902.37
2007-08-09,2882.46,2902.37
2007-08-08,2890.34,2902.37
2007-08-07,2898.02,2902.37
2007-08-06,2902.37,2902.37
2007-08-02,2902.37,2902.37
2007-08-01,2902.37,2902.37
2007-07-31,2902.37,2902.37
2007-07-30,2902.37,2902.37
2007-07-26,2902.37,2902.37
2007-07-25,2902.37,2902.37
2007-07-24,2902.37,2902.37
2007-07-19,2902.37,2902.37
2007-07-18,2902.37,2902.37
2007-07-17,2893.55,2893.55
2007-07-13,2893.55,2893.55
2007-07-12,2893.55,2893.55
2007-07-11,2893.55,2893.55
2007-07-10,2868.38,2868.38
2007-07-09,2823.37,2823.37
2007-07-04,2814.35,2814.35
2007-07-03,2799.16,2799.16
2007-07-02,2799.16,2799.16
2007-06-28,2799.16,2799.16
2007-06-27,2799.16,2799.16
2007-06-26,2799.16,2799.16
2007-06-25,2799.16,2799.16
2007-06-21,2799.16,2799.16
2007-06-20,2799.16,2799.16
2007-06-19,2799.16,2799.16
2007-06-18,2789.62,2789.62
2007-06-15,2789.62,2789.62
2007-06-14,2789.62,2789.62
2007-06-13,2789.62,2789.62
2007-06-12,2789.62,2789.62
2007-06-11,2789.62,2789.62
2007-06-07,2789.62,2789.62
2007-06-06,2789.62,2789.62
2007-06-05,2777.95,2777.95
2007-06-04,2744.25,2744.25
2007-05-31,2719.88,2719.88
2007-05-30,2712.35,2712.35
2007-05-29,2672.09,2672.09
2007-05-28,2654.36,2654.36
2007-05-24,2653.61,2653.61
2007-05-23,2653.61,2653.61
2007-05-22,2653.61,2653.61
2007-05-21,2653.61,2653.61
2007-05-17,2653.61,2653.61
2007-05-16,2653.61,2653.61
2007-05-15,2653.61,2653.61
2007-05-14,2646.71,2646.71
2007-05-10,2646.71,2646.71
2007-05-09,2625.14,2625.14
2007-05-08,2617.38,2617.38
2007-05-07,2580.33,2580.33
2007-05-03,2578.56,2578.56
2007-05-02,2557.35,2557.35
2007-04-30,2546.7,2546.7
2007-04-26,2546.7,2546.7
2007-04-24,2546.7,2546.7
2007-04-23,2546.7,2546.7
2007-04-19,2546.7,2546.7
2007-04-18,2546.7,2546.7
2007-04-17,2546.7,2546.7
2007-04-16,2546.7,2546.7
2007-04-12,2546.7,2546.7
2007-04-11,2529.23,2535.39
2007-04-10,2507.26,2535.39
2007-04-05,2507.26,2535.39
2007-04-04,2507.26,2535.39
2007-04-03,2507.26,2535.39
2007-04-02,2507.26,2535.39
2007-03-29,2507.26,2535.39
2007-03-28,2507.26,2535.39
2007-03-27,2507.26,2535.39
2007-03-26,2506.53,2535.39
2007-03-22,2506.53,2535.39
2007-03-21,2506.53,2535.39
2007-03-20,2506.53,2535.39
2007-03-19,2506.53,2535.39
2007-03-15,2535.39,2535.39
2007-03-14,2535.39,2535.39
2007-03-13,2535.39,2535.39
2007-03-12,2535.39,2535.39
2007-03-08,2535.39,2535.39
2007-03-07,2535.39,2535.39
2007-03-06,2535.39,2535.39
2007-03-05,2535.39,2535.39
2007-03-01,2535.39,2535.39
2007-02-28,2535.39,2535.39
2007-02-27,2530.72,2530.72
2007-02-26,2511.91,2511.91
2007-02-22,2511.91,2511.91
2007-02-21,2493.3,2493.3
2007-02-20,2474.61,2474.61
2007-02-19,2460.33,2460.33
2007-02-15,2436.64,2438.88
2007-02-14,2402.14,2438.88
2007-02-13,2383.94,2438.88
2007-02-12,2375.2,2438.88
2007-02-08,2367.09,2438.88
2007-02-07,2367.67,2438.88
2007-02-06,2371.93,2438.88
2007-02-05,2390.32,2438.88
2007-02-01,2399.43,2438.88
2007-01-31,2400.17,2438.88
2007-01-30,2401.42,2438.88
2007-01-29,2401.42,2438.88
2007-01-25,2415.56,2438.88
2007-01-24,2438.88,2438.88
2007-01-23,2438.88,2438.88
2007-01-22,2438.88,2438.88
2007-01-18,2438.88,2438.88
2007-01-17,2438.88,2438.88
2007-01-16,2438.88,2438.88
2007-01-15,2438.88,2438.88
2007-01-11,2438.88,2438.88
2007-01-10,2438.88,2438.88
2007-01-09,2438.88,2438.88
2007-01-08,2425.18,2425.18
2007-01-04,2413.84,2413.84
2007-01-03,2380.84,2380.84
2006-12-28,2370.34,2370.34
2006-12-27,2370.34,2370.34
2006-12-26,2370.34,2370.34
2006-12-25,2370.34,2370.34
2006-12-21,2370.34,2370.34
2006-12-20,2370.34,2370.34
2006-12-19,2370.34,2370.34
2006-12-18,2324.22,2324.22
2006-12-14,2313.44,2317.07
2006-12-13,2317.07,2317.07
2006-12-12,2317.07,2317.07
2006-12-11,2317.07,2317.07
2006-12-07,2317.07,2317.07
2006-12-06,2317.07,2317.07
2006-12-05,2317.07,2317.07
2006-12-04,2317.07,2317.07
2006-11-30,2317.07,2317.07
2006-11-29,2317.07,2317.07
2006-11-28,2317.07,2317.07
2006-11-27,2284.69,2284.69
2006-11-23,2272.7,2272.7
2006-11-22,2272.7,2272.7
2006-11-21,2272.7,2272.7
2006-11-20,2272.7,2272.7
2006-11-17,2272.7,2272.7
2006-11-16,2272.7,2272.7
2006-11-15,2262.37,2262.37
2006-11-14,2262.37,2262.37
2006-11-13,2262.37,2262.37
2006-11-09,2262.37,2262.37
2006-11-08,2262.37,2262.37
2006-11-07,2262.37,2262.37
2006-11-06,2262.37,2262.37
2006-11-02,2262.37,2262.37
2006-11-01,2256.76,2256.76
2006-10-31,2236.65,2251.97
2006-10-30,2210.62,2251.97
2006-10-19,2251.97,2251.97
2006-10-18,2251.97,2251.97
2006-10-17,2251.97,2251.97
2006-10-16,2251.97,2251.97
2006-10-12,2251.97,2251.97
2006-10-11,2251.97,2251.97
2006-10-10,2251.97,2251.97
2006-10-09,2251.97,2251.97
2006-10-04,2251.97,2251.97
2006-10-03,2251.97,2251.97
2006-10-02,2239.65,2239.65
2006-09-28,2236.6,2236.6
2006-09-27,2222.03,2222.03
2006-09-26,2210.37,2210.37
2006-09-25,2210.37,2210.37
2006-09-21,2210.37,2210.37
2006-09-20,2200.05,2200.05
2006-09-19,2134.24,2134.24
2006-09-18,2120.86,2120.86
2006-09-14,2114.33,2114.33
2006-09-13,2114.33,2114.33
2006-09-12,2114.33,2114.33
2006-09-11,2114.33,2114.33
2006-09-07,2114.33,2114.33
2006-09-06,2114.33,2114.33
2006-09-05,2114.33,2114.33
2006-09-04,2114.33,2114.33
2006-08-31,2092.9,2092.9
2006-08-30,2081.31,2081.31
2006-08-29,2071.05,2071.05
2006-08-28,2044.98,2044.98
2006-08-24,1998.79,1998.79
2006-08-23,1998.64,1998.64
2006-08-22,1998.6,1998.6
2006-08-21,1980.95,1980.95
2006-08-17,1980.95,1980.95
2006-08-16,1980.95,1980.95
2006-08-15,1980.95,1980.95
2006-08-14,1980.95,1980.95
2006-08-10,1980.95,1980.95
2006-08-09,1980.95,1980.95
2006-08-08,1963.11,1963.11
2006-08-07,1963.11,1963.11
2006-08-03,1963.11,1963.11
2006-08-02,1963.11,1963.11
2006-08-01,1922.2,1922.2
2006-07-31,1880.66,1901.08
2006-07-27,1866.4,1901.08
2006-07-26,1866.4,1901.08
2006-07-25,1866.4,1901.08
2006-07-24,1866.4,1901.08
2006-07-20,1866.4,1901.08
2006-07-19,1866.4,1901.08
2006-07-18,1866.4,1901.08
2006-07-17,1866.4,1901.08
2006-07-13,1866.4,1901.08
2006-07-12,1866.4,2043.96
2006-07-11,1855.59,2043.96
2006-07-10,1855.59,2043.96
2006-07-06,1829.81,2064.49
2006-07-05,1750.32,2064.49
2006-07-04,1746.42,2066.57
2006-07-03,1746.42,2112.9
2006-06-29,1746.42,2179.37
2006-06-28,1770.23,2198.71
2006-06-27,1866.17,2199.86
2006-06-26,1901.08,2199.86
2006-06-22,1901.08,2199.86
2006-06-21,1901.08,2199.86
2006-06-20,1901.08,2199.86
2006-06-19,1901.08,2199.86
2006-06-15,1901.08,2199.86
2006-06-14,1901.08,2222.36
2006-06-13,1901.08,2261.94
2006-06-12,1901.08,2261.94
2006-06-08,1901.08,2285.93
2006-06-07,2043.96,2285.93
2006-06-06,2043.96,2285.93
2006-06-05,2043.96,2285.93
2006-06-01,2064.49,2285.93
2006-05-31,2064.49,2285.93
2006-05-29,2066.57,2285.93
2006-05-25,2112.9,2285.93
2006-05-24,2179.37,2285.93
2006-05-23,2198.71,2285.93
2006-05-22,2199.86,2285.93
2006-05-18,2199.86,2285.93
2006-05-16,2199.86,2285.93
2006-05-15,2199.86,2285.93
2006-05-11,2199.86,2285.93
2006-05-10,2199.86,2285.93
2006-05-09,2199.86,2285.93
2006-05-08,2222.36,2285.93
2006-05-04,2261.94,2285.93
2006-05-03,2261.94,2288.9
2006-05-02,2285.93,2354.38
2006-04-27,2285.93,2392.8
2006-04-26,2285.93,2392.8
2006-04-20,2285.93,2392.8
2006-04-19,2285.93,2392.8
2006-04-18,2285.93,2392.8
2006-04-17,2285.93,2392.8
2006-04-13,2285.93,2392.8
2006-04-12,2285.93,2392.8
2006-04-11,2285.93,2399.3
2006-04-06,2247.42,2459.15
2006-04-05,2212.28,2459.15
2006-04-04,2210.47,2518.52
2006-04-03,2210.47,2574.65
2006-03-30,2210.47,2653.25
2006-03-29,2210.47,2653.25
2006-03-28,2247.81,2653.25
2006-03-27,2247.81,2653.25
2006-03-23,2255.18,2653.25
2006-03-22,2288.9,2653.25
2006-03-21,2354.38,2653.25
2006-03-20,2392.8,2653.25
2006-03-16,2392.8,2653.25
2006-03-15,2392.8,2653.25
2006-03-14,2392.8,2653.25
2006-03-13,2392.8,2653.25
2006-03-09,2392.8,2653.25
2006-03-08,2392.8,2653.25
2006-03-07,2392.8,2653.25
2006-03-06,2399.3,2653.25
2006-03-02,2459.15,2653.25
2006-03-01,2459.15,2653.25
2006-02-28,2518.52,2653.25
2006-02-27,2574.65,2653.25
2006-02-23,2653.25,2653.25
2006-02-22,2653.25,2653.25
2006-02-21,2653.25,2653.25
2006-02-20,2653.25,2653.25
2006-02-16,2653.25,2653.25
2006-02-15,2653.25,2653.25
2006-02-14,2653.25,2653.25
2006-02-13,2653.25,2653.25
2006-02-09,2653.25,2653.25
2006-02-08,2653.25,2653.25
2006-02-07,2636.71,2636.71
2006-02-06,2630.62,2630.62
2006-02-02,2630.62,2630.62
2006-02-01,2581.3,2581.3
2006-01-30,2576.39,2576.39
2006-01-26,2531.67,2531.67
2006-01-25,2531.67,2531.67
2006-01-24,2531.67,2531.67
2006-01-23,2531.67,2531.67
2006-01-19,2508.86,2508.86
2006-01-18,2508.86,2508.86
2006-01-17,2494.0,2494.0
2006-01-16,2329.41,2329.41
2006-01-05,2329.41,2329.41
2006-01-04,2329.41,2329.41
2006-01-03,2301.28,2301.28
2006-01-02,2238.93,2238.93
2005-12-29,2219.85,2219.85
2005-12-28,2193.71,2193.71
2005-12-27,2193.71,2193.71
2005-12-26,2193.71,2193.71
2005-12-22,2193.71,2193.71
2005-12-21,2193.71,2193.71
2005-12-20,2193.71,2193.71
2005-12-19,2193.71,2193.71
2005-12-15,2193.71,2193.71
2005-12-14,2192.92,2192.92
2005-12-13,2192.92,2192.92
2005-12-12,2192.92,2192.92
2005-12-08,2192.92,2192.92
2005-12-07,2122.25,2153.5
2005-12-06,2114.05,2153.5
2005-12-05,2106.11,2153.5
2005-12-02,2106.11,2153.5
2005-12-01,2106.11,2153.5
2005-11-30,2106.11,2153.5
2005-11-29,2149.36,2153.5
2005-11-28,2153.5,2153.5
2005-11-24,2153.5,2153.5
2005-11-23,2153.5,2153.5
2005-11-22,2153.5,2153.5
2005-11-21,2153.5,2153.5
2005-11-17,2153.5,2153.5
2005-11-16,2153.5,2153.5
2005-11-15,2153.5,2153.5
2005-11-14,2153.5,2153.5
2005-11-10,2153.5,2153.5
2005-11-09,2152.69,2152.69
2005-11-08,2124.0,2124.0
2005-11-07,2119.73,2119.73
2005-11-04,2065.02,2065.02
2005-11-01,2064.16,2064.16
2005-10-31,2064.16,2064.16
2005-10-27,2064.16,2064.16
2005-10-26,2064.16,2064.16
2005-10-25,2064.16,2064.16
2005-10-24,2064.16,2064.16
2005-10-20,2064.16,2064.16
2005-10-19,2064.16,2064.16
2005-10-18,2064.16,2064.16
2005-10-17,2057.52,2057.52
2005-10-13,2045.37,2045.37
2005-10-12,2016.0,2016.0
2005-10-11,2009.02,2009.02
2005-10-10,2007.65,2007.65
2005-10-05,2007.65,2007.65
2005-10-04,2007.65,2007.65
2005-10-03,1996.48,1996.48
2005-09-29,1994.83,1994.83
2005-09-28,1994.83,1994.83
2005-09-27,1968.06,1968.06
2005-09-26,1915.55,1915.55
2005-09-22,1884.11,1884.11
2005-09-21,1884.11,1884.11
2005-09-20,1884.11,1884.11
2005-09-19,1884.11,1884.11
2005-09-15,1869.53,1869.53
2005-09-14,1869.53,1869.53
2005-09-13,1869.53,1869.53
2005-09-12,1869.53,1869.53
2005-09-08,1861.35,1861.35
2005-09-07,1844.96,1844.96
2005-09-06,1844.96,1844.96
2005-09-05,1816.13,1816.13
2005-09-01,1813.4,1813.44
2005-08-31,1813.4,1813.44
2005-08-30,1813.4,1813.44
2005-08-29,1784.01,1813.44
2005-08-25,1784.01,1813.44
2005-08-24,1784.01,1813.44
2005-08-23,1784.01,1813.44
2005-08-22,1784.01,1813.44
2005-08-18,1784.01,1813.44
2005-08-17,1784.01,1813.44
2005-08-16,1782.4,1813.44
2005-08-15,1782.4,1813.44
2005-08-11,1782.4,1813.44
2005-08-10,1782.4,1813.44
2005-08-09,1806.07,1813.44
2005-08-08,1813.44,1813.44
2005-08-04,1813.44,1813.44
2005-08-03,1813.44,1813.44
2005-08-02,1813.44,1813.44
2005-08-01,1813.44,1813.44
2005-07-28,1813.44,1813.44
2005-07-27,1813.44,1813.44
2005-07-26,1813.44,1813.44
2005-07-25,1813.44,1813.44
2005-07-21,1813.44,1813.44
2005-07-20,1804.52,1804.52
2005-07-19,1801.61,1801.98
2005-07-18,1801.61,1801.98
2005-07-14,1801.61,1801.98
2005-07-13,1801.61,1801.98
2005-07-12,1801.98,1801.98
2005-07-11,1801.98,1801.98
2005-07-07,1801.98,1801.98
2005-07-06,1801.98,1801.98
2005-07-05,1801.98,1801.98
2005-07-04,1801.98,1801.98
2005-06-30,1801.98,1801.98
2005-06-29,1801.98,1801.98
2005-06-28,1801.98,1801.98
2005-06-27,1801.98,1801.98
2005-06-23,1788.08,1788.08
2005-06-22,1788.08,1788.08
2005-06-21,1788.08,1788.08
2005-06-20,1705.04,1705.04
2005-06-16,1681.62,1692.14
2005-06-15,1671.29,1692.14
2005-06-14,1657.75,1692.14
2005-06-13,1647.01,1692.14
2005-06-10,1647.01,1692.14
2005-06-09,1644.16,1692.14
2005-06-08,1644.16,1692.14
2005-06-07,1644.16,1692.14
2005-06-06,1673.64,1692.14
2005-06-02,1685.02,1692.14
2005-06-01,1692.14,1692.14
2005-05-31,1692.14,1692.14
2005-05-30,1692.14,1692.14
2005-05-26,1692.14,1692.14
2005-05-25,1692.14,1692.14
2005-05-24,1692.14,1692.3
2005-05-17,1692.14,1717.34
2005-05-16,1692.14,1717.34
2005-05-12,1692.14,1717.34
2005-05-11,1692.14,1717.34
2005-05-10,1677.19,1717.34
2005-05-09,1673.78,1717.34
2005-05-05,1645.11,1717.34
2005-05-04,1623.28,1717.34
2005-05-03,1623.28,1717.34
2005-04-28,1623.28,1717.34
2005-04-27,1623.28,1717.34
2005-04-20,1623.28,1717.34
2005-04-19,1623.28,1717.34
2005-04-18,1623.28,1717.34
2005-04-14,1623.28,1717.34
2005-04-13,1623.28,1717.34
2005-04-12,1623.28,1717.34
2005-04-07,1619.68,1717.34
2005-04-06,1621.02,1717.34
2005-04-05,1692.3,1717.34
2005-04-04,1717.34,1717.34
2005-03-31,1717.34,1717.34
2005-03-29,1717.34,1717.34
2005-03-28,1717.34,1717.34
2005-03-24,1717.34,1717.34
2005-03-23,1717.34,1717.34
2005-03-22,1717.34,1717.34
2005-03-21,1717.34,1717.34
2005-03-17,1717.34,1717.34
2005-03-16,1717.34,1717.34
2005-03-15,1706.04,1706.04
2005-03-10,1665.98,1665.98
2005-03-08,1614.05,1614.05
2005-03-03,1582.42,1582.42
2005-03-01,1522.69,1522.69
2005-02-24,1497.21,1497.21
2005-02-23,1479.15,1479.15
2005-02-22,1470.22,1470.22
2005-02-21,1470.21,1470.21
2005-02-17,1464.81,1464.81
2005-02-16,1455.24,1455.24
2005-02-15,1455.24,1455.24
2005-02-14,1455.24,1455.24
2005-02-09,1455.24,1455.24
2005-02-08,1455.24,1455.24
2005-02-07,1450.62,1450.62
2005-02-03,1449.99,1449.99
2005-02-02,1427.05,1427.05
2005-02-01,1427.05,1427.05
2005-01-31,1378.75,1378.75
2005-01-27,1362.92,1362.92
2005-01-26,1362.92,1362.92
2005-01-25,1292.54,1292.54
2005-01-18,1282.74,1282.74
2005-01-17,1274.6,1274.6
2005-01-13,1271.01,1271.01
2005-01-12,1269.47,1269.47
2005-01-11,1269.47,1269.47
2005-01-10,1269.47,1269.47
2005-01-06,1269.47,1269.47
2005-01-05,1269.47,1269.47
2005-01-04,1255.43,1255.43
2005-01-03,1221.17,1221.17
2004-12-30,1219.22,1219.22
2004-12-29,1219.22,1219.22
2004-12-28,1219.22,1219.22
2004-12-27,1219.22,1219.22
2004-12-22,1219.22,1219.22
2004-12-20,1219.22,1219.22
2004-12-16,1219.22,1219.22
2004-12-14,1206.51,1206.51
2004-12-13,1187.25,1187.25
2004-12-09,1187.25,1187.25
2004-12-08,1187.25,1187.25
2004-12-07,1183.91,1183.91
2004-12-06,1182.34,1182.34
2004-12-02,1181.58,1181.58
2004-12-01,1181.58,1181.58
2004-11-30,1181.58,1181.58
2004-11-29,1181.58,1181.58
2004-11-25,1180.27,1180.27
2004-11-24,1180.27,1180.27
2004-11-23,1179.82,1179.82
2004-11-22,1165.42,1165.42
2004-11-18,1155.65,1155.65
2004-11-17,1154.07,1154.07
2004-11-16,1150.17,1150.17
2004-11-11,1143.24,1143.24
2004-11-10,1141.83,1141.83
2004-11-09,1141.83,1141.83
2004-11-08,1122.08,1122.08
2004-11-04,1118.47,1118.47
2004-11-03,1115.43,1115.43
2004-11-02,1112.57,1112.57
2004-11-01,1110.8,1110.8
2004-10-28,1110.8,1110.8
2004-10-27,1110.44,1110.44
2004-10-26,1109.48,1109.48
2004-10-25,1095.62,1095.62
2004-10-21,1093.86,1093.86
2004-10-20,1093.54,1093.54
2004-10-19,1093.54,1093.54
2004-10-18,1080.86,1080.86
2004-10-14,1080.86,1080.86
2004-10-13,1080.86,1080.86
2004-10-11,1080.86,1080.86
2004-10-07,1076.84,1076.84
2004-10-05,1076.8,1076.8
2004-10-04,1076.8,1076.8
2004-09-30,1076.8,1076.8
2004-09-29,1076.8,1076.8
2004-09-28,1076.8,1076.8
2004-09-27,1076.8,1076.8
2004-09-23,1076.8,1076.8
2004-09-22,1076.8,1076.8
2004-09-21,1076.8,1076.8
2004-09-20,1069.36,1069.36
2004-09-16,1068.91,1068.91
2004-09-15,1046.72,1046.72
2004-09-14,1039.79,1039.79
2004-09-13,1023.66,1023.66
2004-09-09,1011.96,1011.96
2004-09-08,1003.91,1003.91
2004-09-07,1003.91,1003.91
2004-09-06,990.37,990.37
2004-09-02,987.89,987.89
2004-09-01,987.73,987.73
2004-08-31,987.73,987.73
2004-08-30,974.92,974.92
2004-08-26,972.8,972.8
2004-08-25,964.97,964.97
2004-08-24,964.97,964.97
2004-08-23,964.97,964.97
2004-08-19,964.97,964.97
2004-08-18,964.97,964.97
2004-08-17,964.97,964.97
2004-08-16,964.97,964.97
2004-08-12,964.97,964.97
2004-08-11,964.97,964.97
2004-08-10,964.97,964.97
2004-08-09,953.54,953.54
2004-08-05,946.52,946.52
2004-08-04,944.09,944.09
2004-08-03,942.43,942.43
2004-08-02,941.39,941.39
2004-07-29,941.39,941.39
2004-07-28,941.39,941.39
2004-07-27,941.39,941.39
2004-07-26,941.39,941.39
2004-07-22,941.39,941.39
2004-07-21,941.39,941.39
2004-07-20,940.51,940.51
2004-07-19,934.59,934.59
2004-07-15,924.52,924.52
2004-07-14,919.89,919.89
2004-07-13,919.89,919.89
2004-07-12,904.9,906.53
2004-07-08,904.44,906.53
2004-07-07,901.14,918.43
2004-07-06,901.14,918.43
2004-07-05,901.85,918.43
2004-06-30,905.62,933.34
2004-06-29,905.62,938.55
2004-06-28,906.53,938.55
2004-06-24,906.53,938.55
2004-06-23,906.53,938.55
2004-06-22,906.53,938.55
2004-06-21,906.53,938.55
2004-06-17,906.53,938.55
2004-06-16,906.53,938.55
2004-06-15,906.53,938.55
2004-06-14,906.53,938.55
2004-06-10,906.53,938.55
2004-06-09,901.52,938.55
2004-06-08,898.06,938.55
2004-06-07,898.06,938.55
2004-06-03,898.28,938.55
2004-06-02,900.58,938.55
2004-06-01,918.43,938.55
2004-05-31,918.43,938.55
2004-05-27,918.43,938.55
2004-05-26,933.34,938.55
2004-05-25,938.55,938.55
2004-05-24,938.55,938.55
2004-05-20,938.55,938.55
2004-05-19,938.55,938.55
2004-05-18,938.55,938.55
2004-05-17,938.55,938.55
2004-05-13,938.55,938.55
2004-05-12,938.55,938.55
2004-05-11,938.55,938.55
2004-05-10,938.55,938.55
2004-05-06,937.21,937.21
2004-05-05,931.13,931.13
2004-05-04,928.7,928.7
2004-05-03,926.85,926.85
2004-04-29,926.85,926.85
2004-04-28,926.85,926.85
2004-04-27,926.47,926.47
2004-04-26,924.94,924.94
2004-04-22,920.13,920.13
2004-04-21,920.13,920.13
2004-04-20,920.13,920.13
2004-04-19,915.68,915.68
2004-04-15,911.76,911.76
2004-04-14,908.7,908.7
2004-04-13,897.92,897.92
2004-04-08,895.01,895.01
2004-04-07,895.01,895.01
2004-04-06,892.47,892.47
2004-04-05,881.74,881.74
2004-04-01,878.43,878.43
2004-03-31,876.54,876.54
2004-03-30,871.06,874.38
2004-03-29,868.59,874.38
2004-03-25,862.57,874.38
2004-03-24,856.94,874.38
2004-03-23,856.94,874.38
2004-03-22,856.94,874.38
2004-03-18,856.94,874.38
2004-03-17,856.94,874.38
2004-03-16,856.94,874.38
2004-03-15,856.94,874.38
2004-03-10,856.94,874.38
2004-03-09,856.44,874.38
2004-03-08,852.12,874.38
2004-03-04,852.12,874.38
2004-03-03,851.15,874.38
2004-03-02,867.38,874.38
2004-03-01,867.38,874.38
2004-02-26,868.09,874.38
2004-02-25,874.38,874.38
2004-02-24,874.38,874.38
2004-02-23,874.38,874.38
2004-02-19,874.38,874.38
2004-02-18,874.38,874.38
2004-02-17,874.38,874.38
2004-02-16,874.38,874.38
2004-02-12,874.38,874.38
2004-02-11,874.38,874.38
2004-02-10,874.38,874.38
2004-02-09,867.51,867.51
2004-02-05,867.17,867.17
2004-02-04,867.17,867.17
2004-02-03,867.17,867.17
2004-01-29,867.17,867.17
2004-01-28,867.17,867.17
2004-01-27,867.17,867.17
2004-01-26,867.17,867.17
2004-01-22,860.61,860.61
2004-01-21,852.44,852.44
2004-01-20,852.26,852.26
2004-01-19,834.19,834.19
2004-01-15,834.19,834.19
2004-01-14,831.05,831.05
2004-01-13,831.05,831.05
2004-01-12,826.35,826.35
2004-01-08,826.35,826.35
2004-01-07,826.35,826.35
2004-01-06,815.59,815.59
2004-01-05,803.18,803.18
2003-12-31,801.24,801.24
2003-12-30,797.24,797.24
2003-12-29,795.28,795.28
2003-12-24,795.28,795.28
2003-12-23,795.28,795.69
2003-12-22,794.34,799.48
2003-12-18,794.34,799.48
2003-12-17,794.34,799.48
2003-12-16,792.58,799.48
2003-12-15,790.82,799.48
2003-12-11,790.82,799.48
2003-12-10,792.09,799.48
2003-12-09,792.09,799.48
2003-12-08,792.09,799.48
2003-12-04,792.09,799.48
2003-12-03,792.09,799.48
2003-12-02,792.09,799.48
2003-12-01,792.54,799.48
2003-11-24,792.54,799.48
2003-11-20,792.54,799.48
2003-11-19,792.54,799.48
2003-11-18,792.54,799.48
2003-11-17,792.54,799.48
2003-11-13,792.54,799.48
2003-11-12,795.69,799.48
2003-11-11,799.48,799.48
2003-11-10,799.48,799.48
2003-11-06,799.48,799.48
2003-11-05,799.48,799.48
2003-11-04,799.48,799.48
2003-11-03,799.48,799.48
2003-10-30,799.48,799.48
2003-10-29,799.48,799.48
2003-10-28,799.48,799.48
2003-10-27,799.48,799.48
2003-10-23,794.72,794.72
2003-10-22,794.72,794.72
2003-10-21,794.61,794.61
2003-10-20,790.2,790.2
2003-10-16,788.5,788.5
2003-10-15,783.25,783.25
2003-10-14,783.25,783.25
2003-10-13,783.25,783.25
2003-10-09,783.25,783.25
2003-10-08,778.79,778.79
2003-10-07,764.09,764.09
2003-10-02,764.09,764.09
2003-10-01,764.09,764.09
2003-09-30,763.64,763.64
2003-09-29,759.51,759.51
2003-09-25,757.43,757.43
2003-09-24,757.43,757.43
2003-09-23,757.43,757.43
2003-09-22,752.89,752.89
2003-09-18,749.54,749.54
2003-09-17,745.29,745.29
2003-09-16,745.29,745.29
2003-09-15,745.29,745.29
2003-09-11,745.29,745.29
2003-09-10,745.29,745.29
2003-09-09,742.91,742.91
2003-09-08,736.98,736.98
2003-09-04,734.56,734.56
2003-09-03,734.56,734.56
2003-09-02,733.36,733.36
2003-09-01,730.8,731.71
2003-08-28,730.8,731.71
2003-08-27,727.67,731.71
2003-08-26,725.52,731.71
2003-08-25,724.91,731.71
2003-08-21,723.77,731.71
2003-08-20,720.16,731.71
2003-08-19,720.06,731.71
2003-08-18,720.06,731.71
2003-08-14,720.06,731.71
2003-08-13,720.06,731.71
2003-08-12,720.06,731.71
2003-08-11,717.11,731.71
2003-08-07,723.17,731.71
2003-08-06,723.17,731.71
2003-08-05,723.17,731.71
2003-08-04,728.81,731.71
2003-07-31,731.71,731.71
2003-07-30,731.71,731.71
2003-07-29,731.71,731.71
2003-07-28,731.71,731.71
2003-07-24,731.71,731.71
2003-07-22,731.71,731.71
2003-07-21,731.71,731.71
2003-07-17,731.71,731.71
2003-07-16,731.71,731.71
2003-07-15,731.71,731.71
2003-07-14,730.64,730.64
2003-07-10,730.56,730.56
2003-07-09,728.88,728.88
2003-07-08,723.2,723.2
2003-07-07,716.95,716.95
2003-07-03,714.28,714.28
2003-07-02,714.28,714.28
2003-06-30,714.28,714.28
2003-06-26,709.89,709.89
2003-06-25,709.64,709.64
2003-06-24,709.64,709.64
2003-06-23,705.55,705.55
2003-06-19,704.55,704.55
2003-06-18,702.44,702.44
2003-06-17,700.99,702.03
2003-06-16,702.03,702.03
2003-06-12,702.03,702.03
2003-06-11,702.03,702.03
2003-06-10,702.03,702.03
2003-06-09,702.03,702.03
2003-06-05,702.03,702.03
2003-06-04,702.03,702.03
2003-06-03,702.03,702.03
2003-06-02,702.03,702.03
2003-05-29,702.03,702.03
2003-05-28,701.03,701.03
2003-05-27,698.71,698.71
2003-05-26,698.71,698.71
2003-05-22,693.1,693.1
2003-05-21,692.17,692.17
2003-05-20,692.17,692.17
2003-05-19,686.68,686.68
2003-05-15,682.97,682.97
2003-05-14,682.97,682.97
2003-05-12,682.97,682.97
2003-05-08,682.97,682.97
2003-05-07,676.72,676.72
2003-05-06,676.72,676.72
2003-05-05,674.83,674.83
2003-04-30,674.83,674.83
2003-04-29,674.83,674.83
2003-04-24,674.83,674.83
2003-04-23,674.83,674.83
2003-04-22,674.83,674.83
2003-04-21,674.83,674.83
2003-04-17,673.83,673.83
2003-04-16,673.34,673.34
2003-04-15,673.01,673.01
2003-04-14,667.04,667.04
2003-04-10,667.04,667.04
2003-04-09,667.04,667.04
2003-04-08,663.73,663.73
2003-04-07,659.82,660.57
2003-04-03,659.14,664.06
2003-04-02,657.1,664.06
2003-04-01,653.43,664.06
2003-03-31,651.17,664.06
2003-03-27,647.89,664.06
2003-03-26,646.89,664.06
2003-03-25,648.17,664.06
2003-03-24,648.95,664.06
2003-03-20,648.95,664.06
2003-03-19,648.95,664.06
2003-03-18,650.07,664.06
2003-03-17,651.27,664.06
2003-03-13,652.07,664.06
2003-03-12,652.07,664.06
2003-03-11,652.07,664.06
2003-03-10,652.07,664.06
2003-03-06,652.07,664.06
2003-03-05,652.07,664.06
2003-03-03,654.64,664.06
2003-02-27,660.57,664.06
2003-02-26,664.06,664.06
2003-02-25,664.06,664.06
2003-02-24,664.06,664.06
2003-02-20,664.06,664.06
2003-02-19,664.06,664.06
2003-02-18,664.06,664.06
2003-02-17,664.06,664.06
2003-02-06,664.06,664.06
2003-02-05,664.06,664.06
2003-02-04,664.06,664.06
2003-02-03,654.65,654.65
2003-01-30,643.87,643.87
2003-01-29,638.78,640.22
2003-01-28,638.78,640.22
2003-01-27,639.08,640.22
2003-01-23,640.22,640.22
2003-01-22,640.22,640.22
2003-01-21,640.22,640.22
2003-01-20,640.22,640.22
2003-01-16,640.22,640.22
2003-01-15,640.22,640.22
2003-01-14,640.22,640.22
2003-01-13,640.22,640.22
2003-01-09,640.22,640.22
2003-01-08,640.22,640.22
2003-01-06,637.41,637.41
2003-01-02,637.41,637.41
2002-12-31,637.41,637.41
2002-12-30,637.41,637.41
2002-12-26,637.41,637.41
2002-12-24,636.49,636.49
2002-12-23,636.49,636.49
2002-12-19,636.49,636.49
2002-12-18,636.49,636.49
2002-12-17,636.49,636.49
2002-12-16,636.49,636.49
2002-12-12,636.49,636.49
2002-12-11,636.49,636.49
2002-12-10,636.49,636.49
2002-12-09,635.26,635.26
2002-12-04,634.05,634.05
2002-12-03,631.97,631.97
2002-12-02,630.37,631.28
2002-11-28,629.6,631.28
2002-11-27,628.49,631.28
2002-11-26,628.65,631.7
2002-11-25,629.59,631.7
2002-11-21,629.8,631.7
2002-11-20,629.8,631.7
2002-11-19,629.8,631.7
2002-11-18,629.8,631.7
2002-11-14,629.8,631.7
2002-11-13,629.8,631.7
2002-11-12,630.19,631.7
2002-11-11,630.67,631.7
2002-11-07,630.67,631.7
2002-11-06,630.67,631.7
2002-11-05,630.67,631.7
2002-11-04,630.67,631.7
2002-10-31,630.67,631.7
2002-10-30,630.67,631.7
2002-10-29,630.73,631.7
2002-10-28,631.28,631.7
2002-10-24,631.28,631.7
2002-10-23,631.28,631.7
2002-10-22,631.7,631.7
2002-10-21,631.7,631.7
2002-10-17,631.7,631.7
2002-10-16,631.7,631.85
2002-10-15,631.7,631.85
2002-10-14,631.7,631.85
2002-10-10,631.7,631.85
2002-10-09,631.7,631.85
2002-10-08,631.7,631.85
2002-10-07,631.7,631.85
2002-10-03,631.33,631.85
2002-10-02,631.33,631.85
2002-10-01,631.33,632.08
2002-09-30,631.08,632.08
2002-09-26,631.08,632.11
2002-09-25,631.08,632.11
2002-09-24,631.08,632.11
2002-09-23,631.08,632.11
2002-09-19,631.08,632.11
2002-09-18,631.1,632.11
2002-09-17,631.1,633.15
2002-09-16,631.1,634.35
2002-09-12,631.56,637.85
2002-09-11,631.85,640.16
2002-09-10,631.85,640.16
2002-09-09,631.85,640.16
2002-09-05,631.85,640.16
2002-09-04,631.85,640.16
2002-09-03,631.85,640.16
2002-09-02,631.85,640.16
2002-08-29,631.85,640.16
2002-08-28,631.85,640.16
2002-08-27,632.08,640.16
2002-08-26,632.08,640.16
2002-08-22,632.11,640.16
2002-08-21,632.11,640.16
2002-08-20,632.11,640.16
2002-08-19,632.11,640.16
2002-08-15,632.11,640.16
2002-08-14,632.11,640.16
2002-08-13,633.15,640.16
2002-08-12,634.35,640.16
2002-08-08,637.85,640.16
2002-08-07,640.16,640.16
2002-08-06,640.16,640.16
2002-08-05,640.16,640.16
2002-08-01,640.16,640.16
2002-07-31,640.16,640.16
2002-07-30,640.16,640.16
2002-07-29,640.16,640.16
2002-07-25,640.16,640.16
2002-07-24,640.16,640.16
2002-07-22,640.16,640.16
2002-07-18,638.85,638.85
2002-07-17,638.08,638.08
2002-07-16,638.08,638.08
2002-07-15,631.01,631.01
2002-07-11,628.3,628.3
2002-07-10,628.25,628.25
2002-07-09,628.25,628.25
2002-07-08,628.25,628.25
2002-07-04,627.62,628.74
2002-07-03,627.57,628.74
2002-07-02,627.36,628.74
2002-07-01,626.9,628.74
2002-06-27,626.32,628.74
2002-06-26,626.32,628.74
2002-06-25,626.32,628.74
2002-06-24,626.32,628.74
2002-06-20,626.32,628.74
2002-06-19,626.32,628.74
2002-06-18,626.32,628.74
2002-06-17,626.97,628.74
2002-06-13,626.97,628.74
2002-06-12,626.97,628.74
2002-06-11,626.97,628.74
2002-06-10,626.97,628.74
2002-06-06,626.97,628.74
2002-06-05,626.98,628.74
2002-06-04,626.98,628.74
2002-06-03,627.93,628.74
2002-05-30,628.74,628.74
2002-05-29,628.74,628.74
2002-05-28,628.74,628.74
2002-05-27,628.74,628.74
2002-05-23,628.74,628.74
2002-05-22,628.74,628.74
2002-05-21,628.74,628.74
2002-05-20,628.74,628.74
2002-05-16,628.74,628.74
2002-05-15,628.74,628.74
2002-05-14,628.58,628.58
2002-05-13,626.37,626.37
2002-05-09,625.19,626.13
2002-05-08,625.07,626.13
2002-05-07,623.1,626.56
2002-05-02,621.65,626.56
2002-04-30,621.65,626.56
2002-04-29,621.86,626.56
2002-04-24,621.86,626.56
2002-04-23,621.86,626.56
2002-04-22,621.86,626.56
2002-04-18,621.86,626.56
2002-04-17,621.86,626.56
2002-04-16,624.43,626.56
2002-04-15,624.43,626.56
2002-04-11,624.43,626.56
2002-04-10,624.43,626.56
2002-04-09,626.13,626.56
2002-04-08,626.13,626.56
2002-04-04,626.13,626.56
2002-04-03,626.13,626.56
2002-04-02,626.13,626.56
2002-04-01,626.13,626.56
2002-03-28,626.13,626.56
2002-03-27,626.56,626.56
2002-03-26,626.56,626.56
2002-03-25,626.56,626.56
2002-03-21,626.56,626.56
2002-03-20,626.56,626.56
2002-03-19,626.56,626.56
2002-03-18,626.56,626.56
2002-03-14,626.56,626.56
2002-03-13,626.56,626.56
2002-03-12,626.56,626.56
2002-03-11,623.77,623.77
2002-03-07,622.3,622.3
2002-03-06,621.67,621.67
2002-03-05,619.1,620.52
2002-03-04,618.68,620.52
2002-02-28,618.68,620.52
2002-02-27,618.68,620.52
2002-02-26,617.57,620.52
2002-02-25,617.57,620.52
2002-02-20,617.57,620.52
2002-02-19,617.57,620.52
2002-02-18,617.57,620.52
2002-02-14,617.42,620.52
2002-02-13,617.42,620.52
2002-02-12,617.42,620.52
2002-02-11,617.42,620.52
2002-02-07,615.99,620.52
2002-02-06,615.99,620.52
2002-02-05,615.99,620.52
2002-02-04,615.99,620.52
2002-01-31,617.76,620.52
2002-01-30,617.76,620.52
2002-01-29,620.52,620.52
2002-01-24,620.52,620.52
2002-01-23,620.52,620.52
2002-01-22,620.52,620.52
2002-01-21,620.52,620.52
2002-01-17,620.52,620.52
2002-01-16,620.52,620.52
2002-01-15,620.52,620.52
2002-01-10,620.52,620.52
2002-01-09,620.52,620.52
2002-01-08,618.44,618.44
2002-01-07,615.4,615.4
2002-01-02,613.0,614.66
2001-12-31,611.34,614.66
2001-12-27,610.73,615.31
2001-12-26,609.87,617.72
2001-12-24,608.76,619.0
2001-12-20,608.07,619.29
2001-12-19,608.07,619.29
2001-12-13,607.56,619.29
2001-12-12,606.88,619.29
2001-12-11,606.63,619.29
2001-12-05,606.63,619.29
2001-12-04,607.62,619.29
2001-12-03,609.46,619.29
2001-11-29,611.1,619.29
2001-11-28,612.37,619.29
2001-11-27,613.19,619.29
2001-11-26,613.2,619.29
2001-11-22,614.66,619.29
2001-11-21,614.66,619.29
2001-11-20,614.66,619.29
2001-11-19,614.66,619.29
2001-11-15,614.66,619.29
2001-11-14,615.31,620.66
2001-11-13,617.72,620.66
2001-11-12,619.0,620.66
2001-11-08,619.29,620.66
2001-11-07,619.29,623.77
2001-11-06,619.29,624.82
2001-11-05,619.29,624.82
2001-11-01,619.29,624.82
2001-10-30,619.29,624.82
2001-10-29,619.29,624.82
2001-10-25,619.29,624.82
2001-10-24,619.29,624.82
2001-10-23,619.29,624.82
2001-10-22,616.77,624.82
2001-10-18,615.03,624.82
2001-10-17,610.89,624.82
2001-10-16,610.89,624.82
2001-10-15,612.28,624.82
2001-10-11,612.28,624.82
2001-10-10,619.17,624.82
2001-10-09,620.66,624.82
2001-10-08,620.66,624.82
2001-10-04,620.66,624.82
2001-10-03,620.66,624.82
2001-10-02,623.77,624.82
2001-10-01,624.82,624.82
2001-09-27,624.82,624.82
2001-09-26,624.82,624.82
2001-09-25,624.82,624.82
2001-09-20,624.82,624.82
2001-09-19,624.82,624.82
2001-09-18,624.82,624.82
2001-09-13,624.82,624.82
2001-09-12,624.82,624.82
2001-09-06,624.82,624.82
2001-09-05,619.61,619.61
2001-09-04,616.53,616.53
2001-09-03,606.72,609.77
2001-08-30,602.61,609.77
2001-08-29,602.61,609.77
2001-08-28,602.61,609.77
2001-08-23,602.61,609.77
2001-08-22,602.61,609.77
2001-08-21,602.61,609.77
2001-08-16,602.61,609.77
2001-08-15,602.61,609.77
2001-08-14,598.53,609.77
2001-08-13,593.8,609.77
2001-08-09,593.8,609.77
2001-08-08,593.8,609.82
2001-08-07,593.8,609.82
2001-08-06,593.8,610.48
2001-08-02,597.33,610.48
2001-08-01,604.94,610.48
2001-07-31,604.94,610.48
2001-07-30,607.25,610.48
2001-07-26,609.77,618.37
2001-07-25,609.77,620.97
2001-07-24,609.77,623.56
2001-07-19,609.77,626.95
2001-07-18,609.77,626.95
2001-07-17,609.77,626.95
2001-07-16,609.77,626.95
2001-07-12,609.77,626.95
2001-07-11,609.77,626.95
2001-07-10,609.77,626.95
2001-07-09,609.5,626.95
2001-07-05,609.5,626.95
2001-07-04,608.13,626.95
2001-07-03,609.82,626.95
2001-07-02,609.82,626.95
2001-06-28,610.48,626.95
2001-06-27,610.48,626.95
2001-06-26,610.48,626.95
2001-06-25,610.48,626.95
2001-06-21,610.48,626.95
2001-06-20,618.37,626.95
2001-06-19,620.97,626.95
2001-06-18,623.56,626.95
2001-06-14,626.95,626.95
2001-06-13,626.95,626.95
2001-06-12,626.95,626.95
2001-06-11,626.95,626.95
2001-06-07,626.95,626.95
2001-06-06,626.95,626.95
2001-06-05,626.95,626.95
2001-05-31,626.95,626.95
2001-05-30,626.95,626.95
2001-05-29,626.95,626.95
2001-05-28,625.03,625.03
2001-05-24,625.03,625.03
2001-05-23,625.03,625.03
2001-05-22,625.03,625.03
2001-05-17,625.03,625.03
2001-05-16,625.03,625.03
2001-05-15,625.03,625.03
2001-05-14,620.47,620.47
2001-05-10,620.33,620.33
2001-05-09,620.33,620.33
2001-05-08,620.2,620.2
2001-05-07,614.48,619.2
2001-05-03,611.95,619.2
2001-05-02,610.27,619.2
2001-04-30,610.27,619.2
2001-04-26,610.27,619.2
2001-04-24,610.27,619.2
2001-04-23,610.27,619.2
2001-04-19,610.27,622.25
2001-04-18,610.27,625.01
2001-04-17,610.27,625.01
2001-04-12,609.91,625.01
2001-04-11,605.8,626.39
2001-04-10,605.8,626.39
2001-04-09,609.61,627.47
2001-04-05,609.61,631.33
2001-04-04,609.61,632.23
2001-04-03,609.61,632.23
2001-04-02,610.2,632.28
2001-03-29,614.9,634.89
2001-03-28,618.91,634.89
2001-03-27,619.2,634.89
2001-03-22,619.2,638.47
2001-03-21,619.2,638.47
2001-03-20,619.2,638.47
2001-03-19,619.2,638.47
2001-03-15,619.2,638.47
2001-03-14,619.2,638.47
2001-03-13,622.25,638.47
2001-03-12,625.01,638.47
2001-03-08,625.01,638.47
2001-03-07,625.01,638.47
2001-03-05,626.39,638.47
2001-03-01,626.39,638.47
2001-02-28,627.47,638.47
2001-02-27,631.33,638.47
2001-02-26,632.23,638.47
2001-02-22,632.23,638.47
2001-02-21,632.28,638.47
2001-02-20,634.89,638.47
2001-02-19,634.89,638.47
2001-02-15,634.89,638.47
2001-02-14,638.47,638.47
2001-02-13,638.47,638.47
2001-02-12,638.47,638.47
2001-02-08,638.47,638.47
2001-02-07,638.47,638.47
2001-02-06,638.47,638.47
2001-02-05,638.47,638.47
2001-02-01,638.47,638.47
2001-01-31,638.47,638.47
2001-01-30,638.47,638.47
2001-01-29,629.3,629.3
2001-01-25,625.57,627.43
2001-01-24,625.57,629.31
2001-01-23,625.78,629.31
2001-01-22,625.78,629.31
2001-01-18,627.43,629.31
2001-01-17,627.43,633.76
2001-01-16,627.43,641.59
2001-01-15,627.43,641.59
2001-01-11,627.43,641.59
2001-01-10,627.43,641.59
2001-01-09,627.43,641.59
2001-01-08,627.43,641.59
2001-01-04,627.43,641.59
2001-01-03,627.43,641.59
2001-01-02,625.6,641.59
2000-12-26,626.46,641.59
2000-12-21,626.46,641.59
2000-12-20,626.46,641.59
2000-12-19,626.46,641.59
2000-12-18,626.46,641.59
2000-12-14,626.46,641.59
2000-12-13,629.31,641.59
2000-12-12,629.31,641.59
2000-12-11,629.31,641.59
2000-12-07,629.31,641.59
2000-12-06,633.76,641.59
2000-12-05,641.59,641.59
2000-12-04,641.59,641.59
2000-11-30,641.59,641.59
2000-11-29,641.59,641.59
2000-11-28,641.59,641.59
2000-11-27,641.59,641.59
2000-11-23,641.59,641.59
2000-11-22,641.59,641.59
2000-11-21,641.59,641.59
2000-11-20,641.59,641.59
2000-11-16,633.24,633.24
2000-11-15,628.34,628.34
2000-11-14,628.34,628.34
2000-11-13,611.67,611.67
2000-11-09,607.94,607.94
2000-11-08,607.82,613.95
2000-11-07,607.82,615.68
2000-11-06,602.58,620.63
2000-11-02,601.04,620.63
2000-11-01,598.26,625.04
2000-10-31,597.49,625.04
2000-10-30,597.49,625.04
2000-10-26,595.37,625.04
2000-10-25,594.74,625.04
2000-10-24,594.74,625.04
2000-10-23,589.71,625.04
2000-10-19,594.78,625.04
2000-10-18,597.99,625.04
2000-10-17,602.29,625.04
2000-10-16,603.9,625.04
2000-10-12,606.29,625.04
2000-10-11,606.29,625.04
2000-10-10,606.29,625.04
2000-10-09,606.29,625.04
2000-10-04,606.35,625.04
2000-10-03,613.95,625.04
2000-10-02,615.68,625.04
2000-09-28,620.63,625.04
2000-09-27,620.63,625.04
2000-09-26,625.04,625.04
2000-09-25,625.04,625.04
2000-09-21,625.04,625.04
2000-09-20,625.04,625.04
2000-09-19,625.04,625.04
2000-09-18,625.04,625.04
2000-09-14,625.04,625.04
2000-09-13,625.04,625.04
2000-09-12,625.04,625.04
2000-09-11,625.04,627.84
2000-09-07,621.68,627.84
2000-09-06,620.01,628.95
2000-09-05,620.01,628.95
2000-09-04,620.01,628.95
2000-08-31,620.01,629.65
2000-08-30,620.01,629.65
2000-08-24,620.01,629.65
2000-08-23,619.87,629.65
2000-08-22,619.87,629.65
2000-08-21,613.38,629.65
2000-08-17,607.89,629.65
2000-08-16,608.8,629.65
2000-08-15,609.18,629.65
2000-08-14,609.18,629.65
2000-08-11,614.28,629.65
2000-08-10,617.4,629.65
2000-08-09,617.4,629.65
2000-08-08,618.79,633.15
2000-08-07,623.6,633.15
2000-08-03,627.84,633.15
2000-08-02,627.84,633.49
2000-08-01,628.95,634.07
2000-07-31,628.95,637.18
2000-07-27,628.95,641.06
2000-07-26,629.65,647.65
2000-07-25,629.65,650.67
2000-07-24,629.65,650.67
2000-07-20,629.65,656.73
2000-07-19,629.65,656.73
2000-07-18,629.65,656.73
2000-07-17,629.65,658.95
2000-07-13,629.65,658.95
2000-07-12,629.65,665.95
2000-07-11,629.65,675.03
2000-07-10,626.06,675.03
2000-07-06,623.77,675.03
2000-07-05,621.74,675.03
2000-07-04,633.15,675.03
2000-07-03,633.15,675.03
2000-06-29,633.15,675.03
2000-06-28,633.49,675.03
2000-06-27,634.07,675.03
2000-06-26,637.18,675.03
2000-06-22,641.06,675.03
2000-06-21,647.65,675.03
2000-06-20,650.67,675.03
2000-06-19,650.67,675.03
2000-06-14,656.73,675.03
2000-06-13,656.73,675.03
2000-06-12,656.73,675.03
2000-06-08,658.95,675.03
2000-06-07,658.95,675.03
2000-06-06,665.95,675.03
2000-06-05,675.03,675.03
2000-06-01,675.03,675.03
2000-05-31,675.03,675.03
2000-05-30,675.03,675.03
2000-05-29,675.03,676.8
2000-05-25,675.03,676.8
2000-05-24,675.03,676.8
2000-05-23,675.03,676.8
2000-05-22,675.03,676.8
2000-05-18,675.03,676.8
2000-05-17,673.62,676.8
2000-05-16,666.38,676.8
2000-05-15,655.9,676.8
2000-05-11,654.46,676.8
2000-05-10,651.73,676.8
2000-05-09,646.23,676.8
2000-05-08,645.77,676.8
2000-05-04,661.32,676.8
2000-05-03,664.89,676.8
2000-05-02,664.89,676.8
2000-04-27,664.89,676.8
2000-04-26,670.9,676.8
2000-04-24,670.9,676.8
2000-04-20,674.86,676.8
2000-04-19,676.8,676.8
2000-04-18,676.8,676.8
2000-04-17,676.8,680.37
2000-04-13,676.8,684.0
2000-04-12,676.8,689.98
2000-04-11,676.8,692.53
2000-04-10,676.8,695.41
2000-04-06,676.8,695.41
2000-04-05,676.8,695.41
2000-04-04,676.8,695.41
2000-04-03,676.49,695.41
2000-03-30,676.49,695.41
2000-03-29,676.48,695.41
2000-03-28,676.15,695.41
2000-03-27,671.07,695.41
2000-03-23,671.07,695.41
2000-03-22,671.07,695.41
2000-03-21,671.07,695.41
2000-03-20,671.07,695.41
2000-03-14,671.07,695.41
2000-03-13,671.07,695.41
2000-03-09,672.67,695.41
2000-03-08,680.37,695.41
2000-03-07,684.0,695.41
2000-03-06,689.98,695.41
2000-03-02,692.53,695.41
2000-03-01,695.41,695.41
2000-02-29,695.41,695.41
2000-02-28,695.41,695.41
2000-02-24,695.41,695.41
2000-02-23,695.41,695.41
2000-02-22,695.41,695.41
2000-02-21,695.41,695.41
2000-02-17,695.41,695.41
2000-02-16,695.41,695.41
2000-02-15,695.41,695.41
2000-02-14,688.39,688.39
2000-02-10,681.93,681.93
2000-02-09,675.34,675.34
2000-02-08,675.34,675.34
2000-02-07,675.34,675.34
2000-02-03,675.34,675.34
2000-02-02,675.34,675.34
2000-02-01,673.07,673.07
2000-01-31,667.04,667.04
2000-01-27,667.04,667.04
2000-01-26,666.73,666.73
2000-01-25,666.73,666.73
2000-01-24,666.73,666.73
2000-01-20,666.29,666.29
2000-01-19,657.32,657.32
2000-01-18,654.16,654.16
2000-01-17,648.91,648.91
2000-01-13,648.91,648.91
2000-01-12,648.84,648.84
2000-01-11,642.95,642.95
2000-01-06,642.95,642.95
2000-01-05,642.95,642.95
2000-01-04,639.88,639.88
2000-01-03,624.51,624.51
1999-12-30,619.54,619.78
1999-12-29,619.63,619.78
1999-12-28,619.78,619.78
1999-12-27,619.78,619.78
1999-12-23,619.78,619.78
1999-12-22,619.78,619.78
1999-12-21,619.78,619.78
1999-12-20,619.78,619.78
1999-12-16,619.78,619.78
1999-12-15,619.78,619.78
1999-12-14,619.78,619.78
1999-12-13,619.78,619.78
1999-12-09,607.73,607.73
1999-12-08,594.65,594.65
1999-12-07,581.59,581.59
1999-12-06,570.58,570.58
1999-12-02,567.32,567.32
1999-12-01,564.71,564.71
1999-11-30,563.78,563.78
1999-11-29,554.88,554.88
1999-11-25,553.51,553.51
1999-11-24,551.15,551.15
1999-11-23,548.93,548.93
1999-11-22,547.59,547.59
1999-11-18,547.59,547.59
1999-11-17,547.39,547.39
1999-11-16,547.39,547.39
1999-11-15,545.07,545.07
1999-11-11,543.84,543.84
1999-11-10,541.66,541.66
1999-11-09,541.01,541.28
1999-11-08,540.03,541.28
1999-11-04,540.03,541.28
1999-11-03,540.03,541.28
1999-11-02,538.2,541.28
1999-11-01,538.2,541.28
1999-10-28,541.28,541.28
1999-10-27,541.28,541.28
1999-10-26,541.28,541.28
1999-10-25,541.28,541.28
1999-10-21,541.28,541.28
1999-10-20,541.28,541.28
1999-10-19,541.28,541.28
1999-10-18,541.28,541.28
1999-10-14,541.28,541.28
1999-10-13,541.28,541.28
1999-10-12,537.88,537.88
1999-10-11,523.03,523.03
1999-10-07,519.05,519.05
1999-10-05,518.24,518.24
1999-10-04,512.61,512.61
1999-09-30,511.21,511.21
1999-09-29,511.21,511.21
1999-09-28,510.8,510.8
1999-09-27,510.59,510.59
1999-09-23,509.11,509.11
1999-09-22,508.69,508.69
1999-09-21,508.69,508.69
1999-09-20,508.69,508.69
1999-09-16,508.69,508.69
1999-09-15,508.69,508.69
1999-09-14,508.69,508.69
1999-09-13,498.95,498.95
1999-09-09,497.76,497.76
1999-09-08,497.76,497.76
1999-09-07,497.76,497.76
1999-09-06,497.76,497.76
1999-09-02,497.76,497.76
1999-09-01,497.76,497.76
1999-08-31,496.79,496.79
1999-08-30,496.79,496.79
1999-08-26,495.84,495.84
1999-08-25,495.84,495.84
1999-08-24,495.84,495.84
1999-08-23,495.84,495.84
1999-08-19,492.67,494.09
1999-08-18,489.58,494.09
1999-08-17,490.08,494.09
1999-08-16,490.08,494.09
1999-08-12,490.08,494.09
1999-08-11,490.08,494.09
1999-08-10,490.08,494.09
1999-08-09,490.08,494.09
1999-08-05,490.14,494.09
1999-08-04,492.71,494.09
1999-08-03,492.8,494.09
1999-08-02,494.09,494.09
1999-07-29,494.09,494.09
1999-07-28,494.09,494.09
1999-07-27,494.09,494.09
1999-07-26,494.09,494.09
1999-07-22,494.09,494.09
1999-07-21,494.09,494.09
1999-07-20,494.09,494.09
1999-07-19,494.09,494.09
1999-07-15,494.09,494.09
1999-07-14,492.45,492.45
1999-07-13,491.2,491.2
1999-07-12,484.9,484.9
1999-07-09,484.9,484.9
1999-07-08,483.7,483.7
1999-07-07,483.7,483.7
1999-07-06,483.7,483.7
1999-07-05,480.3,480.3
1999-06-30,480.27,480.27
1999-06-29,480.27,480.27
1999-06-28,480.27,480.27
1999-06-24,477.84,477.84
1999-06-23,474.09,474.09
1999-06-22,472.72,472.72
1999-06-21,472.51,472.51
1999-06-17,472.51,472.51
1999-06-16,472.51,472.51
1999-06-15,471.53,471.53
1999-06-14,471.25,471.25
1999-06-10,471.25,471.25
1999-06-09,467.45,467.45
1999-06-08,464.91,464.91
1999-06-07,464.91,464.91
1999-06-03,464.91,464.91
1999-06-02,464.91,464.91
1999-06-01,464.91,464.91
1999-05-31,464.91,464.91
1999-05-27,464.91,464.91
1999-05-26,464.91,464.91
1999-05-25,464.18,464.18
1999-05-24,464.04,464.04
1999-05-20,463.35,463.35
1999-05-19,463.35,463.35
1999-05-18,463.35,463.35
1999-05-17,463.35,463.35
1999-05-13,463.35,463.35
1999-05-12,463.35,463.35
1999-05-11,463.35,463.35
1999-05-10,463.35,463.35
1999-05-06,463.06,463.06
1999-05-05,463.06,463.06
1999-05-04,463.06,463.06
1999-05-03,463.06,463.06
1999-04-29,463.06,463.06
1999-04-28,463.06,463.06
1999-04-27,463.06,463.06
1999-04-26,463.06,463.06
1999-04-22,459.81,459.81
1999-04-21,458.54,458.54
1999-04-20,458.24,458.24
1999-04-19,457.84,457.84
1999-04-15,456.5,456.5
1999-04-14,456.08,456.08
1999-04-13,455.37,455.37
1999-04-08,454.85,454.85
1999-04-07,454.38,454.38
1999-04-06,453.6,453.6
1999-04-01,453.37,453.37
1999-03-31,451.57,451.57
1999-03-25,446.51,447.62
1999-03-24,446.39,447.62
1999-03-23,446.39,447.62
1999-03-22,446.39,447.62
1999-03-18,446.13,447.62
1999-03-17,446.13,447.62
1999-03-16,446.13,447.62
1999-03-15,445.89,447.62
1999-03-11,445.59,447.62
1999-03-10,445.21,447.62
1999-03-09,444.44,447.62
1999-03-08,442.64,447.62
1999-03-04,442.64,447.62
1999-03-03,442.64,447.62
1999-03-02,442.21,447.62
1999-03-01,441.41,447.62
1999-02-25,441.41,447.62
1999-02-24,441.41,447.62
1999-02-23,441.41,447.62
1999-02-22,440.58,447.62
1999-02-18,447.62,447.62
1999-02-17,447.62,447.62
1999-02-15,447.62,447.62
1999-02-11,447.62,447.62
1999-02-10,447.62,447.62
1999-02-09,447.62,447.62
1999-02-08,447.62,447.62
1999-02-04,447.62,447.62
1999-02-03,447.62,447.62
1999-02-02,447.62,447.62
1999-02-01,433.57,433.57
1999-01-28,427.0,427.0
1999-01-27,420.8,420.8
1999-01-26,420.56,420.56
1999-01-25,410.16,410.16
1999-01-21,405.08,405.08
1999-01-14,405.08,405.08
1999-01-13,401.08,401.08
1999-01-12,400.89,400.89
1999-01-11,400.89,400.89
1999-01-07,399.86,399.86
1999-01-06,391.92,391.92
1999-01-05,385.76,385.76
1999-01-04,382.77,382.77
1998-12-31,381.33,381.33
1998-12-30,380.43,380.43
1998-12-29,379.77,379.77
1998-12-28,378.57,378.57
1998-12-24,377.97,377.97
1998-12-23,377.28,377.28
1998-12-22,376.74,376.74
1998-12-21,374.95,374.95
1998-12-17,373.24,373.24
1998-12-16,371.42,371.42
1998-12-15,370.87,370.87
1998-12-14,369.88,369.88
1998-12-10,369.88,369.88
1998-12-09,369.88,369.88
1998-12-08,369.88,369.88
1998-12-07,369.88,369.88
1998-12-03,369.38,369.38
1998-12-02,368.71,368.71
1998-12-01,368.09,368.09
1998-11-30,367.18,367.18
1998-11-26,367.18,367.18
1998-11-25,367.18,367.18
1998-11-24,366.87,366.87
1998-11-23,366.87,366.87
1998-11-19,366.77,366.77
1998-11-18,365.85,366.47
1998-11-17,364.89,366.47
1998-11-16,364.89,366.47
1998-11-12,364.53,366.47
1998-11-11,364.5,366.47
1998-11-09,363.28,366.47
1998-11-05,363.78,366.47
1998-11-04,364.65,366.47
1998-11-03,364.65,366.47
1998-11-02,364.65,366.47
1998-10-29,364.65,366.47
1998-10-28,364.65,366.47
1998-10-27,364.65,366.47
1998-10-26,364.65,366.47
1998-10-22,364.65,366.47
1998-10-21,365.64,366.47
1998-10-20,365.64,366.47
1998-10-19,365.77,366.47
1998-10-15,366.47,366.47
1998-10-14,366.47,366.47
1998-10-13,366.47,366.47
1998-10-12,366.47,366.47
1998-10-08,366.47,366.47
1998-10-07,366.47,366.47
1998-10-05,366.47,366.47
1998-10-01,366.47,366.47
1998-09-30,366.47,366.47
1998-09-29,366.47,366.47
1998-09-28,365.29,365.31
1998-09-24,364.82,365.31
1998-09-23,364.82,365.31
1998-09-22,364.82,365.31
1998-09-21,364.82,365.31
1998-09-17,364.82,365.31
1998-09-16,364.57,365.31
1998-09-15,364.57,365.31
1998-09-14,364.57,365.31
1998-09-10,364.57,365.31
1998-09-09,364.57,365.31
1998-09-08,361.14,365.31
1998-09-03,357.86,365.31
1998-09-02,358.23,365.31
1998-09-01,361.33,365.31
1998-08-31,364.26,365.31
1998-08-27,364.58,365.31
1998-08-26,365.31,365.31
1998-08-25,365.31,365.31
1998-08-24,365.31,365.31
1998-08-20,365.31,365.31
1998-08-19,365.31,366.69
1998-08-18,365.31,366.69
1998-08-17,365.31,366.69
1998-08-13,365.31,366.69
1998-08-12,365.31,366.69
1998-08-11,365.31,366.69
1998-08-10,364.99,366.69
1998-08-06,364.99,367.55
1998-08-05,364.99,370.15
1998-08-04,364.99,371.91
1998-08-03,364.99,372.2
1998-07-31,364.99,373.23
1998-07-30,364.99,373.56
1998-07-29,364.99,373.56
1998-07-28,363.73,373.56
1998-07-27,360.42,373.56
1998-07-23,361.18,373.56
1998-07-22,361.26,374.16
1998-07-21,363.94,374.32
1998-07-20,364.45,376.28
1998-07-16,366.69,377.24
1998-07-15,366.69,379.2
1998-07-14,366.69,380.87
1998-07-13,366.69,382.41
1998-07-09,366.69,382.41
1998-07-08,366.69,382.41
1998-07-07,366.69,387.66
1998-07-02,367.55,387.66
1998-06-30,370.15,387.66
1998-06-29,371.91,388.29
1998-06-26,372.2,388.29
1998-06-25,373.23,388.29
1998-06-24,373.56,388.29
1998-06-23,373.56,391.73
1998-06-22,373.56,391.73
1998-06-18,373.56,391.73
1998-06-17,373.56,391.73
1998-06-16,374.16,392.95
1998-06-15,374.32,393.19
1998-06-11,376.28,393.19
1998-06-10,377.24,393.19
1998-06-09,379.2,393.19
1998-06-08,380.87,393.19
1998-06-04,382.41,393.19
1998-06-03,382.41,393.19
1998-06-02,382.41,393.19
1998-06-01,387.66,393.19
1998-05-28,387.66,393.19
1998-05-27,387.66,393.19
1998-05-26,388.29,393.19
1998-05-25,388.29,393.19
1998-05-21,388.29,393.19
1998-05-20,388.29,393.19
1998-05-19,391.73,393.19
1998-05-18,391.73,393.19
1998-05-14,391.73,393.19
1998-05-13,391.73,393.19
1998-05-12,392.95,393.19
1998-05-11,393.19,393.19
1998-05-07,393.19,393.19
1998-05-06,393.19,393.19
1998-05-05,393.19,393.19
1998-05-04,393.19,393.19
1998-04-30,393.19,393.19
1998-04-29,393.19,393.19
1998-04-28,393.19,393.19
1998-04-23,393.19,393.19
1998-04-22,393.19,393.19
1998-04-21,392.88,392.88
1998-04-16,392.16,392.16
1998-04-15,392.16,392.16
1998-04-14,392.16,392.16
1998-04-13,390.64,390.64
1998-04-09,388.85,388.85
1998-04-02,388.85,388.85
1998-04-01,388.52,388.52
1998-03-31,388.52,388.52
1998-03-30,387.6,387.6
1998-03-26,387.6,387.6
1998-03-25,387.6,387.6
1998-03-24,387.6,387.6
1998-03-23,381.34,381.34
1998-03-19,379.5,379.5
1998-03-18,378.36,378.36
1998-03-17,377.02,377.02
1998-03-16,375.21,375.21
1998-03-13,374.44,374.44
1998-03-12,373.07,373.07
1998-03-11,372.52,372.52
1998-03-10,372.52,372.52
1998-03-09,372.52,372.52
1998-03-05,372.52,372.52
1998-03-04,367.61,367.61
1998-03-03,363.55,363.55
1998-03-02,359.3,362.23
1998-02-26,358.39,362.23
1998-02-25,356.32,362.23
1998-02-24,356.32,362.23
1998-02-23,356.32,362.23
1998-02-19,356.32,362.23
1998-02-18,356.32,362.23
1998-02-17,356.32,362.23
1998-02-16,356.32,362.23
1998-02-12,357.61,362.23
1998-02-11,357.61,362.23
1998-02-10,358.76,362.23
1998-02-09,358.76,362.23
1998-02-05,359.07,362.23
1998-02-04,359.07,362.23
1998-02-03,359.83,362.23
1998-02-02,359.83,362.23
1998-01-27,360.86,362.23
1998-01-26,361.49,362.23
1998-01-22,362.23,362.23
1998-01-21,362.23,362.23
1998-01-20,362.23,362.23
1998-01-19,362.23,362.23
1998-01-15,362.23,362.23
1998-01-14,362.23,362.23
1998-01-13,362.23,362.23
1998-01-12,362.23,362.23
1998-01-08,362.23,362.23
1998-01-07,362.23,362.23
1998-01-06,362.01,362.01
1998-01-05,361.45,361.45
1998-01-01,359.85,359.85
1997-12-31,358.73,358.73
1997-12-30,357.36,358.61
1997-12-29,354.24,363.08
1997-12-25,353.6,363.48
1997-12-24,353.46,363.97
1997-12-23,353.46,363.97
1997-12-22,353.46,363.97
1997-12-18,353.46,363.97
1997-12-17,353.46,363.97
1997-12-16,353.46,365.09
1997-12-15,349.99,366.23
1997-12-11,350.8,367.29
1997-12-10,351.97,367.29
1997-12-09,351.97,367.47
1997-12-08,351.97,368.11
1997-12-04,351.97,368.11
1997-12-03,352.59,368.11
1997-12-02,353.19,368.11
1997-12-01,353.78,369.16
1997-11-27,354.36,373.69
1997-11-26,357.44,374.49
1997-11-25,358.61,376.3
1997-11-24,363.08,378.1
1997-11-20,363.48,378.1
1997-11-19,363.97,378.1
1997-11-18,363.97,378.1
1997-11-17,363.97,378.1
1997-11-14,363.97,378.1
1997-11-13,363.97,378.46
1997-11-12,365.09,378.86
1997-11-11,366.23,378.86
1997-11-10,367.29,378.86
1997-11-06,367.29,378.86
1997-11-05,367.47,378.86
1997-11-04,368.11,378.86
1997-11-03,368.11,378.86
1997-10-30,368.11,378.86
1997-10-29,368.11,378.86
1997-10-28,369.16,378.86
1997-10-27,373.69,378.86
1997-10-24,374.49,378.86
1997-10-23,376.3,378.86
1997-10-22,378.1,378.86
1997-10-21,378.1,378.86
1997-10-20,378.1,378.86
1997-10-16,378.1,378.86
1997-10-15,378.1,378.86
1997-10-14,378.1,378.86
1997-10-13,378.46,378.86
1997-10-09,378.86,378.86
1997-10-08,378.86,378.86
1997-10-07,378.86,378.86
1997-10-02,378.86,378.86
1997-10-01,378.86,378.86
1997-09-30,378.86,378.86
1997-09-29,378.86,378.86
1997-09-25,378.86,378.86
1997-09-24,378.86,378.86
1997-09-23,378.86,378.86
1997-09-22,375.19,375.19
1997-09-18,373.09,373.09
1997-09-17,372.12,372.12
1997-09-16,372.12,372.12
1997-09-15,372.12,372.12
1997-09-11,372.12,372.12
1997-09-10,372.12,372.12
1997-09-09,371.03,371.03
1997-09-08,371.03,371.03
1997-09-04,371.03,371.03
1997-09-03,371.03,371.03
1997-09-02,371.03,371.03
1997-09-01,371.03,371.03
1997-08-28,371.03,371.03
1997-08-27,371.03,371.03
1997-08-26,371.03,371.03
1997-08-25,348.79,351.75
1997-08-21,341.86,351.75
1997-08-20,339.43,351.75
1997-08-19,337.5,351.75
1997-08-18,337.17,351.75
1997-08-15,336.56,351.75
1997-08-14,335.23,351.75
1997-08-13,335.23,351.75
1997-08-12,335.23,351.75
1997-08-11,335.23,351.75
1997-08-08,335.23,
1997-08-07,344.32,
1997-08-06,345.85,
1997-08-05,347.84,
1997-08-04,349.85,
1997-07-30,349.85,
1997-07-29,350.68,
1997-07-28,350.68,
1997-07-24,351.75,
1997-07-22,351.75,
1997-07-21,,
1997-07-16,,
1997-07-15,,
1997-07-14,,
1997-07-10,,
1997-07-09,,
1997-07-08,,
1997-07-07,,
1997-07-03,,
1997-07-02,,
