Date,MM_20,MM_250
2012-09-25,862.9200000000001,643.105
2012-09-24,857.54,643.105
2012-09-20,843.6500000000001,643.105
2012-09-19,812.015,643.105
2012-09-18,786.345,643.105
2012-09-17,780.145,643.105
2012-09-13,773.76,643.105
2012-09-12,757.96,643.105
2012-09-11,738.105,643.105
2012-09-10,727.5799999999999,643.105
2012-09-06,724.35,643.105
2012-09-05,716.11,643.105
2012-09-04,700.0,643.105
2012-09-03,690.465,643.105
2012-08-30,688.11,643.105
2012-08-29,683.505,643.105
2012-08-28,679.14,643.105
2012-08-27,674.46,643.105
2012-08-23,655.89,643.105
2012-08-22,632.72,643.105
2012-08-21,620.9,643.105
2012-08-16,620.9,643.105
2012-08-15,620.9,643.105
2012-08-13,620.9,643.105
2012-08-09,616.755,643.105
2012-08-08,616.03,643.105
2012-08-07,613.55,643.105
2012-08-06,611.625,643.105
2012-08-02,611.0699999999999,643.105
2012-07-31,609.49,644.735
2012-07-30,606.52,645.5799999999999
2012-07-26,603.8399999999999,645.98
2012-07-25,596.7950000000001,646.12
2012-07-24,585.845,646.245
2012-07-19,581.54,648.415
2012-07-18,578.9449999999999,651.56
2012-07-17,559.7,652.735
2012-07-12,538.8399999999999,653.6
2012-07-11,537.565,654.84
2012-07-10,537.565,655.655
2012-07-09,537.565,656.155
2012-07-05,537.565,656.155
2012-07-04,537.565,656.48
2012-07-02,537.565,656.48
2012-06-28,537.565,657.005
2012-06-27,537.565,657.78
2012-06-26,537.565,658.395
2012-06-25,537.565,659.15
2012-06-21,553.595,661.785
2012-06-20,576.235,666.2049999999999
2012-06-19,584.765,671.25
2012-06-18,585.845,674.2
2012-06-14,592.21,674.73
2012-06-13,609.1949999999999,675.3299999999999
2012-06-12,621.375,675.725
2012-06-11,624.3,675.88
2012-06-07,629.1600000000001,677.5550000000001
2012-06-06,629.1600000000001,679.69
2012-06-05,635.49,680.3299999999999
2012-06-04,638.98,682.04
2012-05-31,638.98,684.28
2012-05-30,641.73,685.185
2012-05-29,641.73,686.875
2012-05-28,641.73,689.56
2012-05-24,638.98,693.105
2012-05-23,636.905,697.94
2012-05-22,636.905,701.245
2012-05-21,636.905,702.63
2012-05-17,636.905,706.54
2012-05-16,633.415,714.505
2012-05-15,628.8,720.3199999999999
2012-05-14,628.8,725.0699999999999
2012-05-10,628.8,729.185
2012-05-09,628.8,729.81
2012-05-08,628.8,729.995
2012-05-07,628.8,731.46
2012-05-03,630.475,735.335
2012-05-02,636.905,737.965
2012-04-30,636.905,739.905
2012-04-26,640.1700000000001,742.4200000000001
2012-04-24,648.9200000000001,745.05
2012-04-23,649.065,747.1700000000001
2012-04-19,654.74,747.45
2012-04-18,666.1,749.24
2012-04-17,677.4000000000001,754.72
2012-04-12,682.3050000000001,759.355
2012-04-11,694.315,760.245
2012-04-10,706.54,761.66
2012-04-09,714.505,763.05
2012-04-05,720.3199999999999,763.655
2012-04-04,725.79,764.45
2012-04-03,731.46,764.9300000000001
2012-04-02,737.2750000000001,765.77
2012-03-29,737.2750000000001,767.1600000000001
2012-03-28,737.2750000000001,771.22
2012-03-27,737.2750000000001,777.645
2012-03-26,737.2750000000001,780.875
2012-03-22,737.2750000000001,781.2149999999999
2012-03-21,735.81,781.79
2012-03-20,735.81,782.0799999999999
2012-03-19,735.81,783.595
2012-03-15,729.81,785.29
2012-03-14,729.81,785.645
2012-03-13,729.81,786.255
2012-03-12,715.88,788.7650000000001
2012-03-08,701.245,788.7650000000001
2012-03-07,697.94,788.7650000000001
2012-03-06,693.105,788.7650000000001
2012-03-05,689.56,788.7650000000001
2012-03-01,684.4100000000001,788.7650000000001
2012-02-29,633.575,788.7650000000001
2012-02-28,582.3050000000001,791.355
2012-02-27,575.34,793.1700000000001
2012-02-23,570.075,795.99
2012-02-22,556.15,798.0999999999999
2012-02-21,541.78,802.745
2012-02-20,536.5999999999999,807.24
2012-02-16,530.0699999999999,812.0799999999999
2012-02-15,518.09,819.0899999999999
2012-02-14,467.99,822.545
2012-02-13,407.355,825.92
2012-02-09,384.14,831.005
2012-02-08,377.29,834.155
2012-02-07,370.685,834.75
2012-02-06,358.09000000000003,835.76
2012-02-02,348.725,839.62
2012-02-01,344.45000000000005,842.9300000000001
2012-01-31,343.75,843.735
2012-01-30,343.75,845.81
2012-01-26,343.75,847.65
2012-01-24,343.75,849.16
2012-01-19,343.75,852.05
2012-01-18,343.75,854.275
2012-01-17,343.75,857.7950000000001
2012-01-16,343.75,861.485
2012-01-12,343.75,863.3050000000001
2012-01-11,343.75,864.6600000000001
2012-01-10,361.315,865.5
2012-01-09,388.45500000000004,866.16
2012-01-05,403.79,866.4649999999999
2012-01-04,403.79,866.65
2012-01-03,403.79,869.435
2012-01-02,403.79,877.0250000000001
2011-12-29,403.79,884.06
2011-12-28,410.14,889.87
2011-12-27,413.095,893.74
2011-12-21,414.025,895.275
2011-12-20,417.58500000000004,898.87
2011-12-19,423.98,903.13
2011-12-15,428.105,907.155
2011-12-14,429.46000000000004,911.79
2011-12-13,433.96500000000003,919.14
2011-12-12,443.36,924.915
2011-12-08,449.345,926.2049999999999
2011-12-07,455.08000000000004,932.6099999999999
2011-12-06,460.735,1107.9
2011-12-05,462.865,1279.125
2011-12-01,491.96,1284.1799999999998
2011-11-30,511.68499999999995,1287.9299999999998
2011-11-29,518.0799999999999,1294.395
2011-11-24,518.0799999999999,1304.04
2011-11-23,518.0799999999999,1309.095
2011-11-22,518.0799999999999,1310.88
2011-11-21,518.0799999999999,1311.6799999999998
2011-11-17,518.0799999999999,1312.975
2011-11-16,518.0799999999999,1314.66
2011-11-15,518.0799999999999,1317.9050000000002
2011-11-14,518.0799999999999,1323.205
2011-11-10,518.0799999999999,1327.3400000000001
2011-11-02,518.0799999999999,1330.94
2011-11-01,518.0799999999999,1337.87
2011-10-31,518.0799999999999,1344.85
2011-10-27,518.0799999999999,1355.2800000000002
2011-10-26,518.0799999999999,1364.8200000000002
2011-10-25,518.0799999999999,1367.0500000000002
2011-10-24,518.0799999999999,1369.645
2011-10-20,518.0799999999999,1372.075
2011-10-19,525.25,1374.115
2011-10-18,541.79,1375.6100000000001
2011-10-17,562.695,1376.05
2011-10-13,577.07,1376.12
2011-10-12,579.735,1376.38
2011-10-11,585.105,1376.795
2011-10-10,599.295,1377.15
2011-10-05,617.66,1377.38
2011-10-04,635.9749999999999,1377.535
2011-10-03,646.105,1378.415
2011-09-28,648.415,1379.23
2011-09-26,648.415,1379.625
2011-09-22,652.425,1380.2
2011-09-21,655.135,1381.94
2011-09-20,656.155,1384.9850000000001
2011-09-19,658.01,1386.655
2011-09-15,667.03,1387.2350000000001
2011-09-14,674.73,1387.8000000000002
2011-09-13,675.4549999999999,1388.245
2011-09-12,675.88,1389.48
2011-09-08,675.88,1390.605
2011-09-07,678.045,1390.955
2011-09-06,682.5699999999999,1391.855
2011-09-05,714.04,1392.6350000000002
2011-08-25,747.03,1392.69
2011-08-24,757.0,1393.815
2011-08-23,765.525,1395.045
2011-08-22,765.525,1395.3000000000002
2011-08-18,774.415,1396.135
2011-08-17,780.875,1396.955
2011-08-16,781.2149999999999,1397.875
2011-08-11,781.79,1399.5900000000001
2011-08-10,783.575,1400.88
2011-08-08,785.9000000000001,1402.6399999999999
2011-08-03,790.58,1404.275
2011-08-02,795.99,1404.275
2011-08-01,798.0999999999999,1404.275
2011-07-28,802.745,1405.115
2011-07-27,817.625,1407.33
2011-07-26,831.005,1409.58
2011-07-25,835.165,1410.6550000000002
2011-07-21,843.645,1411.77
2011-07-20,856.4549999999999,1412.745
2011-07-19,863.725,1413.4099999999999
2011-07-18,865.74,1413.9
2011-07-14,869.25,1414.38
2011-07-13,879.135,1415.315
2011-07-12,884.06,1417.525
2011-07-11,884.06,1419.335
2011-07-07,889.87,1421.17
2011-07-06,893.74,1425.5749999999998
2011-07-05,893.74,1425.5749999999998
2011-07-04,893.74,1428.5749999999998
2011-06-30,893.74,1428.99
2011-06-29,893.74,1430.46
2011-06-28,893.74,1431.75
2011-06-27,893.74,1431.845
2011-06-23,889.87,1431.99
2011-06-22,884.06,1432.565
2011-06-21,874.36,1433.2350000000001
2011-06-20,866.345,1433.775
2011-06-15,865.0799999999999,1436.395
2011-06-14,858.9,1438.7
2011-06-13,850.67,1439.27
2011-06-09,845.94,1440.845
2011-06-08,839.435,1443.13
2011-06-07,834.75,1444.425
2011-06-06,825.615,1444.81
2011-06-02,804.1949999999999,1446.24
2011-06-01,791.355,1447.615
2011-05-31,788.31,1447.9
2011-05-26,783.95,1447.9650000000001
2011-05-25,778.2750000000001,1448.3400000000001
2011-05-24,770.3900000000001,1448.865
2011-05-23,770.3900000000001,1449.62
2011-05-19,770.3900000000001,1450.6550000000002
2011-05-18,770.3900000000001,1451.5300000000002
2011-05-17,770.3900000000001,1452.68
2011-05-16,770.3900000000001,1453.455
2011-05-12,770.3900000000001,1454.875
2011-05-11,770.3900000000001,1456.385
2011-05-10,779.97,1456.56
2011-05-09,788.155,1456.86
2011-05-05,791.355,1457.605
2011-05-04,799.775,1458.17
2011-05-03,814.67,1458.355
2011-05-02,822.545,1458.73
2011-04-28,832.95,1459.0
2011-04-27,842.9300000000001,1459.2849999999999
2011-04-26,845.4449999999999,1459.6
2011-04-21,851.255,1460.2
2011-04-20,857.7950000000001,1460.9299999999998
2011-04-19,863.565,1462.3049999999998
2011-04-18,1131.6999999999998,1463.65
2011-04-14,1403.52,1464.24
2011-04-13,1411.63,1465.255
2011-04-12,1447.645,1466.065
2011-04-11,1482.355,1467.0149999999999
2011-04-07,1482.355,1468.43
2011-04-06,1482.355,1469.335
2011-04-05,1482.355,1470.0349999999999
2011-04-04,1482.355,1471.425
2011-03-31,1482.355,1472.405
2011-03-30,1482.355,1472.76
2011-03-24,1482.355,1473.7849999999999
2011-01-20,1482.355,1474.69
2011-01-18,1482.355,1475.4099999999999
2011-01-17,1480.115,1475.4099999999999
2011-01-13,1475.02,1475.4099999999999
2011-01-12,1471.425,1475.4099999999999
2011-01-11,1469.83,1475.4099999999999
2011-01-10,1467.7150000000001,1475.4099999999999
2011-01-06,1462.975,1475.4099999999999
2011-01-05,1459.335,1475.4099999999999
2011-01-04,1459.0,1475.4099999999999
2011-01-03,1458.73,1475.4099999999999
2010-12-30,1458.73,1475.4099999999999
2010-12-29,1458.73,1475.4099999999999
2010-12-28,1458.295,1476.85
2010-12-27,1457.55,1477.895
2010-12-23,1456.56,1479.34
2010-12-22,1456.56,1480.725
2010-12-21,1454.99,1481.32
2010-12-20,1454.99,1483.23
2010-12-16,1448.92,1483.23
2010-12-15,1442.0749999999998,1484.795
2010-12-14,1442.0749999999998,1485.355
2010-12-13,1442.0749999999998,1489.815
2010-12-09,1442.0749999999998,1494.795
2010-12-08,1442.0749999999998,1496.52
2010-12-02,1450.315,1498.865
2010-12-01,1456.385,1500.565
2010-11-30,1456.56,1500.565
2010-11-29,1456.56,1502.3000000000002
2010-11-25,1458.8049999999998,1504.315
2010-11-24,1462.455,1505.01
2010-11-23,1462.3049999999998,1505.655
2010-11-22,1462.3049999999998,1511.185
2010-11-11,1462.3049999999998,1516.545
2010-11-10,1462.3049999999998,1517.045
2010-11-04,1462.3049999999998,1517.7199999999998
2010-11-03,1462.3049999999998,1518.13
2010-11-02,1462.3049999999998,1519.42
2010-11-01,1462.3049999999998,1521.66
2010-10-28,1462.3049999999998,1522.67
2010-10-27,1462.3049999999998,1523.17
2010-10-26,1462.125,1523.68
2010-10-25,1459.49,1523.855
2010-10-21,1457.665,1525.335
2010-10-20,1457.665,1526.68
2010-10-19,1454.115,1527.78
2010-10-18,1449.24,1529.5349999999999
2010-10-14,1446.24,1530.72
2010-10-13,1443.515,1531.415
2010-10-12,1435.135,1532.5349999999999
2010-10-11,1425.5749999999998,1534.885
2010-10-05,1421.17,1537.245
2010-10-04,1416.645,1538.74
2010-09-30,1412.435,1539.67
2010-09-29,1405.805,1540.895
2010-09-28,1399.5900000000001,1542.85
2010-09-27,1397.875,1542.85
2010-09-23,1394.8899999999999,1542.85
2010-09-22,1392.685,1542.85
2010-09-21,1391.855,1542.85
2010-09-20,1389.495,1542.85
2010-09-16,1389.495,1542.85
2010-09-15,1389.495,1542.85
2010-09-14,1387.8000000000002,1542.85
2010-09-13,1387.1100000000001,1542.85
2010-09-08,1384.9850000000001,1542.85
2010-09-07,1384.9850000000001,1542.85
2010-09-06,1381.94,1542.85
2010-09-02,1380.2,1542.85
2010-09-01,1379.625,1542.85
2010-08-31,1379.625,1542.85
2010-08-30,1379.565,1542.85
2010-08-26,1378.415,1542.85
2010-08-24,1377.305,1542.85
2010-08-23,1376.5349999999999,1542.85
2010-08-19,1376.05,1542.85
2010-08-18,1369.895,1542.85
2010-08-17,1355.2800000000002,1542.85
2010-08-16,1339.91,1542.85
2010-08-12,1329.33,1542.85
2010-08-11,1323.205,1542.85
2010-08-10,1317.9050000000002,1542.85
2010-08-09,1317.9050000000002,1542.85
2010-08-05,1317.9050000000002,1542.85
2010-08-04,1317.9050000000002,1542.85
2010-08-03,1317.9050000000002,1542.85
2010-08-02,1317.9050000000002,1542.85
2010-07-29,1317.9050000000002,1542.85
2010-07-27,1317.9050000000002,1542.85
2010-07-26,1317.9050000000002,1542.85
2010-07-22,1323.205,1542.85
2010-07-21,1327.3400000000001,1542.85
2010-07-20,1335.88,1542.85
2010-07-19,1354.3899999999999,1542.85
2010-07-15,1369.48,1542.85
2010-07-14,1372.075,1542.85
2010-07-13,1374.5549999999998,1542.85
2010-07-12,1376.38,1542.85
2010-07-08,1376.995,1542.85
2010-07-07,1382.065,1542.85
2010-07-06,1388.58,1542.85
2010-07-05,1390.605,1542.85
2010-06-30,1390.605,1542.85
2010-06-29,1390.605,1542.85
2010-06-28,1390.605,1542.85
2010-06-24,1391.7350000000001,1542.85
2010-06-23,1393.765,1542.85
2010-06-22,1395.045,1542.85
2010-06-21,1395.045,1542.85
2010-06-17,1395.045,1542.85
2010-06-16,1395.045,1542.85
2010-06-15,1399.595,1542.85
2010-06-14,1408.1950000000002,1542.85
2010-06-10,1422.1550000000002,1542.85
2010-06-09,1433.025,1544.295
2010-06-08,1441.4050000000002,1545.1799999999998
2010-06-07,1472.205,1546.645
2010-06-03,1511.2150000000001,1547.675
2010-06-02,1543.845,1549.08
2010-06-01,1561.6599999999999,1550.5749999999998
2010-05-31,1563.12,1553.175
2010-05-27,1566.58,1556.7350000000001
2010-05-26,1571.645,1556.7350000000001
2010-05-25,1586.6100000000001,1556.7350000000001
2010-05-24,1601.345,1556.7350000000001
2010-05-20,1603.665,1556.7350000000001
2010-05-19,1610.5349999999999,1558.005
2010-05-18,1617.325,1558.27
2010-05-17,1622.08,1558.27
2010-05-13,1627.33,1558.005
2010-05-12,1634.56,1557.3200000000002
2010-05-11,1636.5,1556.145
2010-05-10,1636.5,1555.25
2010-05-06,1636.5,1552.865
2010-05-05,1636.5,1550.5749999999998
2010-05-04,1636.5,1549.08
2010-05-03,1636.5,1547.675
2010-04-29,1636.5,1547.42
2010-04-28,1636.5,1547.095
2010-04-27,1629.83,1546.3200000000002
2010-04-26,1622.575,1546.3200000000002
2010-04-22,1610.64,1546.3200000000002
2010-04-21,1579.45,1546.3200000000002
2010-04-20,1564.065,1546.3200000000002
2010-04-19,1560.9899999999998,1546.3200000000002
2010-04-15,1550.545,1546.3200000000002
2010-04-14,1539.9650000000001,1546.3200000000002
2010-04-13,1538.74,1546.3200000000002
2010-04-12,1538.74,1546.3200000000002
2010-04-08,1538.74,1546.3200000000002
2010-04-07,1538.74,1546.3200000000002
2010-04-06,1537.245,1546.3200000000002
2010-04-01,1537.245,1546.3200000000002
2010-03-31,1534.885,1546.3200000000002
2010-03-30,1531.8400000000001,1546.3200000000002
2010-03-29,1531.8400000000001,1546.3200000000002
2010-03-25,1531.8400000000001,1547.095
2010-03-24,1534.885,1547.42
2010-03-23,1537.245,1547.675
2010-03-22,1538.74,1549.08
2010-03-18,1539.67,1550.5749999999998
2010-03-17,1542.9,1552.865
2010-03-16,1546.77,1555.25
2010-03-15,1549.295,1556.145
2010-03-11,1554.35,1557.3200000000002
2010-03-10,1571.21,1558.005
2010-03-09,1578.845,1558.27
2010-03-08,1578.845,1558.655
2010-03-04,1578.845,1559.36
2010-03-03,1578.845,1561.6999999999998
2010-03-02,1578.845,1564.32
2010-03-01,1580.04,1565.96
2010-02-25,1581.125,1566.99
2010-02-24,1581.125,1567.1750000000002
2010-02-23,1581.125,1568.31
2010-02-22,1581.125,1571.2649999999999
2010-02-18,1576.655,1571.2649999999999
2010-02-17,1574.375,1571.2649999999999
2010-02-16,1568.365,1571.2649999999999
2010-02-15,1561.21,1571.2649999999999
2010-02-11,1557.215,1571.2649999999999
2010-02-10,1551.5549999999998,1571.2649999999999
2010-02-09,1539.57,1571.2649999999999
2010-02-08,1526.13,1571.2649999999999
2010-02-04,1518.705,1571.2649999999999
2010-02-03,1516.545,1571.2649999999999
2010-02-02,1510.82,1571.2649999999999
2010-02-01,1495.5349999999999,1574.34
2010-01-28,1483.79,1576.655
2010-01-27,1483.79,1580.92
2010-01-26,1481.205,1585.29
2010-01-21,1470.08,1587.04
2010-01-20,1470.08,1590.005
2010-01-19,1470.08,1593.97
2010-01-18,1470.08,1595.8400000000001
2010-01-13,1462.115,1596.38
2010-01-12,1455.74,1599.085
2010-01-11,1455.74,1601.63
2010-01-06,1455.74,1601.81
2010-01-04,1462.115,1602.67
2009-12-31,1473.24,1603.635
2009-12-30,1483.79,1604.02
2009-12-29,1489.815,1605.7350000000001
2009-12-24,1495.5749999999998,1607.435
2009-12-23,1498.865,1607.625
2009-12-22,1500.565,1608.1100000000001
2009-12-21,1502.3000000000002,1609.565
2009-12-17,1504.315,1612.355
2009-12-16,1513.69,1615.22
2009-12-14,1525.76,1616.48
2009-12-10,1530.0549999999998,1617.3200000000002
2009-12-09,1537.605,1619.005
2009-12-08,1570.29,1620.24
2009-12-03,1599.085,1621.135
2009-12-02,1601.63,1622.3249999999998
2009-12-01,1610.865,1622.9499999999998
2009-11-30,1621.55,1623.1100000000001
2009-11-25,1629.685,1623.545
2009-11-24,1636.87,1625.18
2009-11-23,1638.6950000000002,1626.605
2009-11-19,1676.395,1631.49
2009-11-18,1723.465,1636.245
2009-11-17,1731.915,1636.87
2009-11-16,1737.79,1638.6950000000002
2009-11-12,1738.225,1640.435
2009-11-11,1749.165,1641.9050000000002
2009-11-10,1758.1599999999999,1643.685
2009-11-09,1768.065,1644.87
2009-11-05,1777.17,1647.48
2009-11-04,1779.28,1650.065
2009-11-03,1781.05,1651.5300000000002
2009-11-02,1783.275,1651.5300000000002
2009-10-29,1791.42,1651.5300000000002
2009-10-28,1791.42,1651.5300000000002
2009-10-27,1791.42,1651.5300000000002
2009-10-26,1784.505,1651.5300000000002
2009-10-22,1782.46,1651.5300000000002
2009-10-21,1782.46,1651.5300000000002
2009-10-20,1779.46,1651.5300000000002
2009-10-19,1770.16,1651.5300000000002
2009-10-15,1761.055,1651.5300000000002
2009-10-14,1758.1599999999999,1651.5300000000002
2009-10-13,1758.1599999999999,1651.5300000000002
2009-10-12,1757.665,1651.5300000000002
2009-10-08,1757.665,1651.5300000000002
2009-10-07,1755.155,1651.5300000000002
2009-10-05,1751.805,1651.5300000000002
2009-10-01,1749.095,1651.5300000000002
2009-09-29,1734.54,1651.5300000000002
2009-09-28,1715.99,1651.5300000000002
2009-09-24,1709.4250000000002,1651.5300000000002
2009-09-23,1702.4,1651.5300000000002
2009-09-17,1697.87,1651.5300000000002
2009-09-16,1694.28,1651.5300000000002
2009-09-15,1686.7150000000001,1651.5300000000002
2009-09-14,1686.7150000000001,1651.5300000000002
2009-09-10,1686.7150000000001,1651.5300000000002
2009-09-08,1682.4,1651.5300000000002
2009-09-07,1682.4,1651.5300000000002
2009-09-03,1681.69,1651.5300000000002
2009-09-02,1679.945,1651.5300000000002
2009-09-01,1676.23,1651.5300000000002
2009-08-31,1668.385,1651.5300000000002
2009-08-27,1661.005,1651.5300000000002
2009-08-26,1652.185,1651.5300000000002
2009-08-25,1644.075,1651.5300000000002
2009-08-24,1641.9050000000002,1651.5300000000002
2009-08-20,1633.855,1655.87
2009-08-19,1633.855,1661.005
2009-08-18,1624.81,1663.2
2009-08-17,1618.4850000000001,1663.7
2009-08-13,1610.9,1663.7
2009-08-12,1607.625,1666.3000000000002
2009-08-11,1605.8899999999999,1669.8000000000002
2009-08-10,1605.8899999999999,1669.8000000000002
2009-08-06,1604.02,1669.8000000000002
2009-08-05,1603.635,1669.8000000000002
2009-08-04,1595.51,1669.8000000000002
2009-08-03,1578.51,1669.8000000000002
2009-07-30,1563.76,1672.615
2009-07-29,1563.76,1674.625
2009-07-28,1563.76,1680.035
2009-07-27,1563.76,1686.085
2009-07-22,1563.76,1689.105
2009-07-21,1563.76,1696.505
2009-07-20,1563.76,1707.3049999999998
2009-07-16,1572.85,1713.2150000000001
2009-07-15,1595.725,1719.3850000000002
2009-07-14,1606.205,1726.3000000000002
2009-07-13,1626.52,1730.655
2009-07-09,1647.0900000000001,1745.82
2009-07-08,1656.8000000000002,1770.445
2009-07-07,1666.3000000000002,1802.085
2009-07-06,1666.3000000000002,1824.175
2009-07-02,1666.3000000000002,1831.645
2009-06-30,1666.3000000000002,1846.135
2009-06-29,1666.3000000000002,1866.69
2009-06-25,1666.3000000000002,1879.66
2009-06-24,1666.3000000000002,1891.115
2009-06-23,1666.3000000000002,1903.365
2009-06-22,1666.3000000000002,1950.2350000000001
2009-06-18,1658.265,1998.645
2009-06-17,1648.555,2008.2150000000001
2009-06-16,1648.555,2017.045
2009-06-15,1640.335,2023.7800000000002
2009-06-11,1631.305,2049.455
2009-06-10,1625.18,2081.62
2009-06-09,1620.96,2101.745
2009-06-08,1617.1399999999999,2219.005
2009-06-04,1611.79,2330.925
2009-06-03,1604.6,2345.495
2009-06-02,1597.165,2365.945
2009-06-01,1588.255,2383.54
2009-05-28,1588.255,2417.0950000000003
2009-05-27,1575.465,2446.115
2009-05-26,1553.085,2475.785
2009-05-25,1529.715,2524.06
2009-05-21,1518.83,2549.035
2009-05-20,1514.69,2570.67
2009-05-19,1511.5,2592.455
2009-05-18,1509.01,2606.75
2009-05-14,1504.0949999999998,2618.425
2009-05-13,1499.7849999999999,2632.175
2009-05-12,1497.4450000000002,2651.355
2009-05-11,1487.68,2667.035
2009-05-07,1472.21,2680.7799999999997
2009-05-06,1465.3600000000001,2688.6099999999997
2009-05-05,1462.05,2691.4849999999997
2009-05-04,1457.675,2694.1499999999996
2009-04-30,1455.095,2703.6949999999997
2009-04-29,1446.725,2711.625
2009-04-28,1436.685,2711.785
2009-04-27,1418.8400000000001,2717.9700000000003
2009-04-23,1400.3899999999999,2728.75
2009-04-22,1394.18,2737.7250000000004
2009-04-21,1388.64,2745.73
2009-04-16,1385.5500000000002,2760.5699999999997
2009-04-14,1384.895,2818.6549999999997
2009-04-13,1383.9,2876.515
2009-04-09,1367.595,2887.79
2009-04-08,1347.875,2892.615
2009-04-07,1340.1799999999998,2907.0950000000003
2009-04-06,1335.455,2938.25
2009-04-02,1333.955,2974.48
2009-04-01,1332.415,2994.9350000000004
2009-03-31,1330.9450000000002,3010.335
2009-03-30,1330.4,3023.6099999999997
2009-03-26,1325.93,3028.1949999999997
2009-03-25,1325.93,3037.7
2009-03-23,1320.0349999999999,3047.565
2009-03-19,1315.665,3047.565
2009-03-18,1312.885,3047.565
2009-03-17,1311.5149999999999,3047.565
2009-03-16,1309.65,3047.565
2009-03-12,1309.65,3047.565
2009-03-11,1309.65,3047.565
2009-03-10,1309.65,3047.565
2009-03-05,1309.65,3047.565
2009-03-04,1309.65,3047.565
2009-03-03,1309.65,3047.565
2009-03-02,1309.65,3047.565
2009-02-26,1313.715,3047.565
2009-02-25,1326.52,3047.565
2009-02-24,1337.8400000000001,3047.565
2009-02-23,1342.7350000000001,3047.565
2009-02-19,1369.605,3047.565
2009-02-18,1404.755,3047.565
2009-02-17,1419.6799999999998,3047.565
2009-02-16,1430.445,3047.565
2009-02-12,1438.315,3047.565
2009-02-11,1443.145,3047.565
2009-02-10,1467.5900000000001,3047.565
2009-02-09,1515.275,3047.565
2009-02-05,1528.24,3047.565
2009-02-04,1535.49,3047.565
2009-02-03,1541.395,3047.565
2009-01-29,1548.2,3047.565
2009-01-28,1557.395,3047.565
2009-01-27,1558.29,3047.565
2009-01-26,1558.29,3047.565
2009-01-22,1558.29,3047.565
2009-01-21,1558.29,3047.565
2009-01-20,1558.29,3047.565
2009-01-19,1558.29,3047.565
2009-01-15,1555.835,3047.565
2009-01-14,1551.115,3047.565
2009-01-13,1547.095,3047.565
2009-01-12,1545.845,3047.565
2009-01-08,1543.125,3047.565
2009-01-06,1539.06,3047.565
2009-01-05,1539.06,3047.565
2008-12-31,1539.06,3047.565
2008-12-30,1539.06,3047.565
2008-12-24,1543.125,3047.565
2008-12-23,1545.845,3047.565
2008-12-22,1547.095,3047.565
2008-12-18,1547.095,3047.565
2008-12-17,1547.095,3047.565
2008-12-16,1547.095,3047.565
2008-12-15,1557.22,3047.565
2008-12-11,1581.65,3047.565
2008-12-10,1654.895,3047.565
2008-12-04,1719.3850000000002,3047.565
2008-12-03,1719.3850000000002,3047.565
2008-12-01,1729.4850000000001,3047.565
2008-11-27,1745.82,3047.565
2008-11-26,1770.445,3047.565
2008-11-25,1802.085,3047.565
2008-11-24,1824.175,3047.565
2008-11-20,1831.645,3047.565
2008-11-19,1846.135,3047.565
2008-11-18,1866.69,3047.565
2008-11-17,1879.66,3047.565
2008-11-13,1891.115,3047.565
2008-11-12,1903.365,3047.565
2008-11-11,1950.2350000000001,3047.565
2008-11-10,1998.645,3047.565
2008-11-06,2008.2150000000001,3047.565
2008-11-05,2017.045,3047.565
2008-11-04,2023.7800000000002,3047.565
2008-11-03,2049.455,3047.565
2008-10-29,2081.62,3047.565
2008-10-28,2101.745,3047.565
2008-10-27,2219.005,3047.565
2008-10-23,2330.925,3047.565
2008-10-22,2345.495,3047.565
2008-10-20,2365.945,3047.565
2008-10-16,2383.54,3047.565
2008-10-15,2417.0950000000003,3047.565
2008-10-14,2446.115,3047.565
2008-10-13,2475.785,3047.565
2008-10-09,2524.06,3047.565
2008-10-08,2601.675,3047.565
2008-10-07,2640.01,3047.565
2008-09-29,2651.355,3047.565
2008-09-25,2651.355,3047.565
2008-09-24,2651.355,3047.565
2008-09-23,2651.355,3047.565
2008-09-22,2667.035,3047.565
2008-09-18,2680.7799999999997,3047.565
2008-09-17,2680.7799999999997,3047.565
2008-09-16,2688.6099999999997,3047.565
2008-09-15,2691.4849999999997,3047.565
2008-09-11,2691.4849999999997,3047.565
2008-09-10,2691.4849999999997,3047.565
2008-09-09,2691.4849999999997,3047.565
2008-09-08,2691.4849999999997,3047.565
2008-09-04,2691.4849999999997,3047.565
2008-09-03,2691.4849999999997,3047.565
2008-09-02,2694.1499999999996,3047.565
2008-09-01,2694.1499999999996,3047.565
2008-08-28,2732.08,3047.565
2008-08-27,2818.6549999999997,3047.565
2008-08-26,2876.515,3047.565
2008-08-25,2887.79,3047.565
2008-08-21,2892.615,3047.565
2008-08-20,2907.0950000000003,3047.565
2008-08-19,2938.25,3047.565
2008-08-18,2974.48,3047.565
2008-08-14,2994.9350000000004,3047.565
2008-08-13,3010.335,3047.565
2008-08-12,3023.6099999999997,3047.565
2008-08-11,3028.1949999999997,3047.565
2008-08-07,3049.79,3047.565
2008-08-06,3082.94,3047.565
2008-08-05,3134.945,3047.565
2008-08-04,3174.745,3047.565
2008-07-31,3178.735,3047.565
2008-07-30,3186.11,3047.565
2008-07-29,3199.005,3047.565
2008-07-28,3207.8900000000003,3037.7
2008-07-24,3268.8050000000003,3037.7
2008-07-22,3339.94,3037.7
2008-07-21,3378.3199999999997,3036.965
2008-07-17,3409.91,3036.965
2008-07-16,3434.055,3020.665
2008-07-15,3486.265,3008.415
2008-07-14,3526.685,2996.755
2008-07-10,3535.745,2981.025
2008-07-09,3568.865,2965.86
2008-07-08,3607.325,2959.51
2008-07-07,3619.3450000000003,2956.95
2008-07-03,3629.37,2946.995
2008-07-02,3633.985,2934.4449999999997
2008-06-30,3633.985,2923.25
2008-06-26,3633.985,2915.95
2008-06-25,3633.985,2914.73
2008-06-24,3633.985,2908.58
2008-06-23,3633.985,2902.44
2008-06-19,3633.985,2897.96
2008-06-18,3633.985,2892.79
2008-06-17,3633.9049999999997,2891.1850000000004
2008-06-16,3633.9049999999997,2890.085
2008-06-12,3636.035,2886.455
2008-06-11,3640.4300000000003,2882.77
2008-06-10,3649.525,2880.26
2008-06-09,3667.76,2877.415
2008-06-05,3667.76,2876.045
2008-06-04,3667.76,2873.1850000000004
2008-06-03,3684.865,2869.715
2008-06-02,3697.42,2867.735
2008-05-29,3697.42,2864.1800000000003
2008-05-28,3750.825,2861.27
2008-05-27,3808.625,2859.8
2008-05-26,3808.625,2844.58
2008-05-22,3808.625,2830.38
2008-05-21,3808.625,2829.23
2008-05-20,3823.96,2825.95
2008-05-19,3832.84,2823.09
2008-05-15,3836.475,2820.375
2008-05-14,3836.475,2816.36
2008-05-13,3836.475,2814.565
2008-05-12,3836.475,2811.2200000000003
2008-05-08,3836.475,2805.7799999999997
2008-05-07,3832.84,2803.31
2008-05-06,3825.98,2801.1549999999997
2008-05-05,3820.73,2798.825
2008-04-30,3817.67,2798.385
2008-04-29,3814.98,2797.49
2008-04-24,3804.64,2794.92
2008-04-23,3794.84,2791.38
2008-04-22,3789.08,2786.18
2008-04-21,3789.08,2782.46
2008-04-17,3789.08,2780.975
2008-04-16,3789.08,2778.8599999999997
2008-04-15,3783.6,2775.45
2008-04-14,3776.38,2768.37
2008-04-10,3776.38,2763.115
2008-04-09,3768.6049999999996,2760.5699999999997
2008-04-08,3758.43,2752.87
2008-04-07,3746.935,2745.645
2008-04-03,3743.1400000000003,2742.46
2008-04-02,3738.32,2739.17
2008-04-01,3734.425,2735.6800000000003
2008-03-31,3722.58,2732.995
2008-03-27,3707.485,2730.0150000000003
2008-03-26,3702.15,2727.54
2008-03-25,3692.045,2726.285
2008-03-24,3672.695,2724.1949999999997
2008-03-19,3660.6450000000004,2721.525
2008-03-18,3659.05,2716.115
2008-03-17,3637.585,2706.55
2008-03-13,3615.8450000000003,2696.465
2008-03-12,3568.45,2691.885
2008-03-11,3492.3050000000003,2688.9300000000003
2008-03-10,3435.0950000000003,2684.795
2008-03-06,3407.005,2678.535
2008-03-05,3381.6499999999996,2672.92
2008-03-04,3347.64,2663.2250000000004
2008-03-03,3336.555,2653.985
2008-02-28,3332.33,2651.99
2008-02-27,3326.025,2648.54
2008-02-26,3326.025,2645.075
2008-02-25,3326.025,2641.83
2008-02-21,3326.025,2638.9399999999996
2008-02-20,3326.025,2637.105
2008-02-14,3326.025,2636.4350000000004
2008-02-13,3332.33,2630.73
2008-02-12,3345.825,2623.68
2008-02-11,3381.6499999999996,2621.46
2008-02-07,3407.005,2619.04
2008-02-06,3407.005,2616.77
2008-02-05,3396.4449999999997,2611.105
2008-02-04,3383.565,2600.9700000000003
2008-01-31,3383.565,2588.1099999999997
2008-01-30,3383.565,2579.4449999999997
2008-01-29,3383.565,2567.955
2008-01-28,3383.565,2552.0249999999996
2008-01-24,3383.565,2546.175
2008-01-23,3383.565,2545.21
2008-01-22,3383.565,2543.9849999999997
2008-01-21,3383.565,2543.0699999999997
2008-01-17,3366.4750000000004,2539.165
2008-01-16,3334.07,2534.68
2008-01-15,3309.925,2532.345
2008-01-14,3297.41,2529.975
2008-01-10,3277.535,2523.925
2008-01-08,3262.985,2515.265
2008-01-03,3262.985,2510.635
2008-01-02,3261.38,2508.3100000000004
2007-12-31,3260.59,2506.8950000000004
2007-12-27,3256.625,2505.9300000000003
2007-12-26,3250.055,2504.035
2007-12-24,3244.89,2501.18
2007-12-17,3241.45,2498.505
2007-12-13,3238.6850000000004,2497.1549999999997
2007-12-12,3238.6850000000004,2496.8199999999997
2007-12-11,3238.6850000000004,2495.01
2007-12-10,3228.74,2492.835
2007-12-06,3211.66,2491.3599999999997
2007-12-05,3198.1549999999997,2489.765
2007-12-04,3186.715,2486.1
2007-12-03,3175.745,2480.715
2007-11-29,3167.41,2478.2749999999996
2007-11-28,3163.3100000000004,2477.995
2007-11-27,3159.73,2477.83
2007-11-26,3154.585,2477.645
2007-11-22,3151.775,2476.045
2007-11-21,3149.06,2473.645
2007-11-20,3145.71,2471.87
2007-11-19,3130.9049999999997,2468.785
2007-11-15,3115.285,2463.7
2007-11-14,3112.135,2460.6099999999997
2007-11-13,3101.575,2455.83
2007-11-12,3079.8599999999997,2445.105
2007-11-08,3062.075,2437.76
2007-11-07,3055.74,2430.91
2007-11-06,3052.285,2420.37
2007-11-05,3047.565,2415.42
2007-11-01,3036.965,2414.5600000000004
2007-10-31,3020.665,2407.99
2007-10-30,3008.415,2401.7799999999997
2007-10-29,2996.755,2400.795
2007-10-25,2981.025,2399.8
2007-10-24,2965.86,2398.13
2007-10-23,2959.51,2393.575
2007-10-22,2956.95,2389.4300000000003
2007-10-18,2946.995,2386.24
2007-10-17,2934.4449999999997,2382.3900000000003
2007-10-16,2923.25,2378.02
2007-10-11,2915.95,2373.5649999999996
2007-10-10,2914.73,2371.135
2007-10-09,2908.58,2369.005
2007-10-08,2896.17,2367.38
2007-10-04,2886.455,2364.545
2007-10-03,2879.925,2353.7650000000003
2007-10-02,2876.045,2344.73
2007-10-01,2871.205,2343.4449999999997
2007-09-27,2847.8100000000004,2340.1549999999997
2007-09-26,2825.67,2331.745
2007-09-25,2815.45,2325.18
2007-09-24,2805.62,2323.74
2007-09-20,2783.4700000000003,2320.165
2007-09-19,2745.76,2315.255
2007-09-18,2743.215,2311.91
2007-09-17,2743.215,2309.435
2007-09-13,2743.215,2307.2799999999997
2007-09-12,2743.215,2302.865
2007-09-11,2743.215,2299.5299999999997
2007-09-10,2743.215,2298.8
2007-09-06,2743.215,2297.7799999999997
2007-09-05,2743.215,2296.0150000000003
2007-09-04,2743.215,2292.19
2007-09-03,2743.215,2287.2
2007-08-30,2777.7,2282.42
2007-08-29,2797.49,2280.125
2007-08-28,2798.385,2279.8
2007-08-27,2800.9799999999996,2276.475
2007-08-23,2809.125,2273.075
2007-08-22,2816.36,2273.075
2007-08-21,2823.935,2269.04
2007-08-20,2830.38,2263.96
2007-08-16,2844.58,2262.455
2007-08-14,2859.8,2262.26
2007-08-13,2859.8,2262.045
2007-08-09,2859.8,2261.11
2007-08-08,2859.8,2259.0950000000003
2007-08-07,2859.8,2257.335
2007-08-06,2859.8,2256.42
2007-08-02,2859.8,2254.0249999999996
2007-08-01,2859.8,2251.31
2007-07-31,2859.8,2249.035
2007-07-30,2859.8,2245.6800000000003
2007-07-26,2840.85,2243.5699999999997
2007-07-25,2818.8599999999997,2243.08
2007-07-24,2806.755,2243.08
2007-07-19,2796.1499999999996,2242.135
2007-07-18,2787.66,2242.135
2007-07-17,2780.975,2242.135
2007-07-13,2776.3599999999997,2242.135
2007-07-12,2767.6949999999997,2242.135
2007-07-11,2767.6949999999997,2242.135
2007-07-10,2767.6949999999997,2242.135
2007-07-09,2767.6949999999997,2242.135
2007-07-04,2754.74,2242.135
2007-07-03,2745.645,2242.135
2007-07-02,2742.46,2242.135
2007-06-28,2742.46,2242.135
2007-06-27,2742.46,2242.135
2007-06-26,2740.96,2242.135
2007-06-25,2740.96,2242.135
2007-06-21,2734.985,2242.135
2007-06-20,2727.735,2242.135
2007-06-19,2721.525,2242.135
2007-06-18,2716.115,2242.135
2007-06-15,2706.55,2242.135
2007-06-14,2686.42,2242.135
2007-06-13,2663.2250000000004,2242.135
2007-06-12,2653.985,2242.135
2007-06-11,2650.16,2242.135
2007-06-07,2642.185,2242.135
2007-06-06,2637.105,2242.135
2007-06-05,2636.4350000000004,2242.135
2007-06-04,2630.73,2242.135
2007-05-31,2622.92,2242.135
2007-05-30,2619.04,2242.135
2007-05-29,2616.77,2242.135
2007-05-28,2611.105,2242.135
2007-05-24,2600.9700000000003,2242.135
2007-05-23,2588.1099999999997,2242.135
2007-05-22,2579.4449999999997,2240.48
2007-05-21,2567.955,2239.29
2007-05-17,2552.0249999999996,2237.79
2007-05-16,2546.175,2236.625
2007-05-15,2545.21,2233.835
2007-05-14,2543.9849999999997,2226.715
2007-05-10,2543.0699999999997,2222.195
2007-05-09,2538.455,2220.94
2007-05-08,2531.6,2219.045
2007-05-07,2523.925,2215.725
2007-05-03,2512.94,2212.745
2007-05-02,2506.295,2212.065
2007-04-30,2504.035,2211.2349999999997
2007-04-26,2501.18,2210.545
2007-04-24,2498.505,2210.42
2007-04-23,2501.18,2209.66
2007-04-19,2498.505,2208.76
2007-04-18,2497.055,2206.245
2007-04-17,2494.545,2203.715
2007-04-16,2491.3599999999997,2202.905
2007-04-12,2489.765,2201.175
2007-04-11,2486.1,2199.955
2007-04-10,2480.715,2199.855
2007-04-05,2478.2749999999996,2199.77
2007-04-04,2477.995,2199.2
2007-04-03,2478.2749999999996,2198.1
2007-04-02,2480.58,2195.995
2007-03-29,2483.66,2194.105
2007-03-28,2484.245,2193.49
2007-03-27,2484.245,2193.0950000000003
2007-03-26,2477.995,2192.76
2007-03-22,2477.665,2192.565
2007-03-21,2476.045,2192.2
2007-03-20,2473.645,2191.58
2007-03-19,2471.87,2191.245
2007-03-15,2468.785,2190.625
2007-03-14,2463.7,2189.445
2007-03-13,2460.6099999999997,2188.41
2007-03-12,2455.83,2187.025
2007-03-08,2443.9849999999997,2184.48
2007-03-07,2425.96,2182.765
2007-03-06,2419.39,2181.005
2007-03-05,2419.39,2179.1549999999997
2007-03-01,2393.04,2178.915
2007-02-28,2379.5699999999997,2177.965
2007-02-27,2371.145,2175.7349999999997
2007-02-26,2367.38,2168.8
2007-02-22,2367.38,2159.16
2007-02-21,2367.38,2155.11
2007-02-20,2367.38,2154.985
2007-02-19,2367.38,2154.69
2007-02-15,2367.38,2154.08
2007-02-14,2367.38,2153.59
2007-02-13,2367.38,2153.37
2007-02-12,2367.38,2152.965
2007-02-08,2367.38,2152.44
2007-02-07,2369.8,2151.7
2007-02-06,2376.385,2150.285
2007-02-05,2376.385,2146.355
2007-02-01,2376.385,2142.015
2007-01-31,2376.385,2139.35
2007-01-30,2376.385,2137.56
2007-01-29,2376.385,2135.67
2007-01-25,2376.385,2130.4449999999997
2007-01-24,2376.385,2125.325
2007-01-23,2376.385,2123.125
2007-01-22,2376.385,2121.5550000000003
2007-01-18,2375.59,2120.295
2007-01-17,2357.9350000000004,2117.0299999999997
2007-01-16,2344.245,2114.19
2007-01-15,2334.55,2113.4750000000004
2007-01-11,2325.18,2111.665
2007-01-10,2323.74,2109.4849999999997
2007-01-09,2318.3500000000004,2107.325
2007-01-08,2311.91,2104.38
2007-01-04,2309.435,2101.865
2007-01-03,2309.435,2100.995
2006-12-28,2303.345,2097.49
2006-12-27,2297.7799999999997,2093.745
2006-12-26,2296.0150000000003,2093.16
2006-12-25,2292.19,2090.8199999999997
2006-12-21,2287.2,2088.04
2006-12-20,2282.42,2086.575
2006-12-19,2279.825,2084.615
2006-12-18,2276.1,2082.365
2006-12-14,2269.04,2081.2349999999997
2006-12-13,2263.96,2078.575
2006-12-12,2262.3450000000003,2075.895
2006-12-11,2260.0299999999997,2073.425
2006-12-07,2256.995,2069.69
2006-12-06,2253.365,2067.45
2006-12-05,2256.995,2065.795
2006-12-04,2256.42,2064.755
2006-11-30,2253.365,2064.49
2006-11-29,2246.8050000000003,2064.325
2006-11-28,2242.135,2060.84
2006-11-27,2238.98,2057.51
2006-11-23,2227.4449999999997,2056.5699999999997
2006-11-22,2215.725,2054.1
2006-11-21,2212.5299999999997,2050.885
2006-11-20,2210.21,2047.345
2006-11-17,2210.21,2047.345
2006-11-16,2206.04,2045.425
2006-11-15,2206.04,2045.175
2006-11-14,2206.04,2044.47
2006-11-13,2206.04,2041.81
2006-11-09,2206.04,2039.01
2006-11-08,2207.065,2036.415
2006-11-07,2209.785,2033.905
2006-11-06,2206.435,2032.49
2006-11-02,2206.435,2024.535
2006-11-01,2201.985,2016.7150000000001
2006-10-31,2199.95,2015.5700000000002
2006-10-30,2199.77,2012.08
2006-10-19,2199.77,2008.7350000000001
2006-10-18,2199.77,2008.0500000000002
2006-10-17,2196.56,2003.22
2006-10-16,2188.08,1998.7150000000001
2006-10-12,2185.1549999999997,1998.62
2006-10-11,2185.1549999999997,1997.54
2006-10-10,2185.1549999999997,1995.655
2006-10-09,2163.755,1993.195
2006-10-04,2127.55,1991.33
2006-10-03,2117.5950000000003,1990.8449999999998
2006-10-02,2111.435,1990.31
2006-09-28,2104.725,1989.3049999999998
2006-09-27,2097.165,1985.0349999999999
2006-09-26,2093.16,1981.22
2006-09-25,2090.12,1975.7849999999999
2006-09-21,2084.325,1970.135
2006-09-20,2081.2349999999997,1968.855
2006-09-19,2078.48,1966.715
2006-09-18,2073.425,1964.2399999999998
2006-09-14,2069.69,1959.165
2006-09-13,2056.6549999999997,1953.665
2006-09-12,2021.885,1950.6
2006-09-11,1998.7150000000001,1949.08
2006-09-07,1998.62,1945.105
2006-09-06,1989.775,1941.105
2006-09-05,1975.7849999999999,1931.635
2006-09-04,1970.135,1918.875
2006-08-31,1967.51,1908.315
2006-08-30,1964.2399999999998,1900.705
2006-08-29,1959.165,1896.9850000000001
2006-08-28,1953.665,1891.2800000000002
2006-08-24,1950.6,1886.5149999999999
2006-08-23,1949.08,1883.25
2006-08-22,1945.105,1881.525
2006-08-21,1941.105,1877.8200000000002
2006-08-17,1931.635,1872.255
2006-08-16,1901.43,1869.0549999999998
2006-08-15,1873.5300000000002,1868.23
2006-08-14,1854.8400000000001,1867.14
2006-08-10,1849.435,1866.285
2006-08-09,1840.745,1865.9050000000002
2006-08-08,1834.01,1863.8600000000001
2006-08-07,1825.67,1861.715
2006-08-03,1811.115,1861.195
2006-08-02,1788.1599999999999,1860.5749999999998
2006-08-01,1770.135,1857.85
2006-07-31,1757.4850000000001,1850.275
2006-07-27,1741.2849999999999,1844.49
2006-07-26,1731.4850000000001,1844.49
2006-07-25,1731.4850000000001,1844.49
2006-07-24,1731.4850000000001,1844.49
2006-07-20,1730.99,1844.49
2006-07-19,1724.385,1844.49
2006-07-18,1725.0900000000001,1844.49
2006-07-17,1738.555,1844.49
2006-07-13,1738.555,1844.49
2006-07-12,1738.555,1844.49
2006-07-11,1738.555,1843.65
2006-07-10,1738.555,1839.8899999999999
2006-07-06,1738.555,1832.7849999999999
2006-07-05,1738.555,1825.9450000000002
2006-07-04,1738.555,1825.9450000000002
2006-07-03,1744.935,1825.9450000000002
2006-06-29,1758.325,1825.9450000000002
2006-06-28,1778.0349999999999,1825.9450000000002
2006-06-27,1789.205,1825.9450000000002
2006-06-26,1800.09,1825.9450000000002
2006-06-22,1821.685,1825.9450000000002
2006-06-21,1847.935,1825.9450000000002
2006-06-20,1863.1399999999999,1825.9450000000002
2006-06-19,1874.2800000000002,1825.9450000000002
2006-06-15,1885.6550000000002,1825.9450000000002
2006-06-14,1891.2800000000002,1825.9450000000002
2006-06-13,1896.9850000000001,1825.9450000000002
2006-06-12,1900.705,1825.9450000000002
2006-06-08,1954.7649999999999,1814.785
2006-06-07,2023.405,1813.42
2006-06-06,2041.1599999999999,1810.505
2006-06-05,2054.225,1806.84
2006-06-01,2064.49,1805.295
2006-05-31,2065.5299999999997,1803.25
2006-05-29,2088.5,1801.795
2006-05-25,2111.665,1801.795
2006-05-24,2119.775,1801.225
2006-05-23,2131.875,1801.225
2006-05-22,2138.89,1800.6999999999998
2006-05-18,2147.18,1797.675
2006-05-16,2166.31,1794.44
2006-05-15,2179.1549999999997,1793.605
2006-05-11,2179.1549999999997,1791.9699999999998
2006-05-10,2185.285,1790.435
2006-05-09,2188.635,1790.04
2006-05-08,2194.955,1789.395
2006-05-04,2198.1,1788.42
2006-05-03,2194.345,1788.07
2006-05-02,2190.625,1787.4499999999998
2006-04-27,2191.245,1785.425
2006-04-26,2191.245,1783.205
2006-04-20,2191.245,1779.955
2006-04-19,2191.245,1776.845
2006-04-18,2191.245,1775.69
2006-04-17,2194.39,1775.145
2006-04-13,2194.39,1774.59
2006-04-12,2194.39,1774.09
2006-04-11,2194.39,1773.73
2006-04-06,2194.39,1773.0549999999998
2006-04-05,2194.39,1772.31
2006-04-04,2194.39,1771.85
2006-04-03,2194.39,1771.375
2006-03-30,2203.9799999999996,1770.255
2006-03-29,2220.77,1768.88
2006-03-28,2239.44,1767.67
2006-03-27,2251.495,1766.6399999999999
2006-03-23,2270.705,1764.7649999999999
2006-03-22,2287.565,1762.94
2006-03-21,2303.995,1761.85
2006-03-20,2325.29,1759.305
2006-03-16,2342.935,1756.7
2006-03-15,2361.0299999999997,1754.62
2006-03-14,2369.225,1748.6599999999999
2006-03-13,2376.1949999999997,1737.7849999999999
2006-03-09,2384.245,1724.405
2006-03-08,2389.835,1711.69
2006-03-07,2396.05,1705.54
2006-03-06,2419.745,1698.67
2006-03-02,2449.67,1692.22
2006-03-01,2469.6549999999997,1688.58
2006-02-28,2491.6099999999997,1683.32
2006-02-27,2510.79,1679.405
2006-02-23,2510.79,1675.4850000000001
2006-02-22,2513.69,1673.71
2006-02-21,2513.69,1672.4650000000001
2006-02-20,2513.69,1668.635
2006-02-16,2513.69,1661.865
2006-02-15,2513.69,1652.38
2006-02-14,2513.69,1646.06
2006-02-13,2513.69,1644.635
2006-02-09,2505.96,1643.8400000000001
2006-02-08,2499.1499999999996,1639.385
2006-02-07,2494.62,1635.19
2006-02-06,2487.08,1633.98
2006-02-02,2404.785,1632.605
2006-02-01,2328.59,1631.075
2006-01-30,2321.955,1629.77
2006-01-26,2308.71,1627.28
2006-01-25,2270.105,1624.0349999999999
2006-01-24,2229.39,1623.0349999999999
2006-01-23,2206.7799999999997,1622.17
2006-01-19,2193.1549999999997,1621.2849999999999
2006-01-18,2192.76,1620.845
2006-01-17,2192.565,1620.6
2006-01-16,2190.6850000000004,1620.105
2006-01-05,2188.41,1619.535
2006-01-04,2185.31,1618.645
2006-01-03,2172.9049999999997,1615.975
2006-01-02,2159.12,1613.5149999999999
2005-12-29,2154.1549999999997,1610.8899999999999
2005-12-28,2152.225,1606.775
2005-12-27,2144.615,1603.9850000000001
2005-12-26,2130.135,1602.775
2005-12-22,2118.15,1600.2199999999998
2005-12-21,2110.08,1595.995
2005-12-20,2104.38,1591.0500000000002
2005-12-19,2101.865,1588.105
2005-12-15,2097.575,1587.075
2005-12-14,2097.575,1584.29
2005-12-13,2097.575,1580.15
2005-12-12,2097.575,1576.4650000000001
2005-12-08,2097.575,1572.2150000000001
2005-12-07,2097.575,1568.75
2005-12-06,2091.4049999999997,1567.56
2005-12-05,2087.2749999999996,1563.185
2005-12-02,2080.8999999999996,1541.03
2005-12-01,2080.8999999999996,1509.95
2005-11-30,2080.8999999999996,1488.18
2005-11-29,2080.8999999999996,1474.685
2005-11-28,2080.8999999999996,1470.2150000000001
2005-11-24,2080.8999999999996,1467.51
2005-11-23,2080.8999999999996,1460.025
2005-11-22,2075.415,1453.6399999999999
2005-11-21,2064.59,1451.33
2005-11-17,2060.84,1450.3049999999998
2005-11-16,2051.5,1449.73
2005-11-15,2045.425,1438.26
2005-11-14,2039.92,1426.7649999999999
2005-11-10,2033.905,1423.49
2005-11-09,2025.385,1420.4099999999999
2005-11-08,2016.7150000000001,1399.5349999999999
2005-11-07,2015.5700000000002,1370.835
2005-11-04,2012.08,1359.8400000000001
2005-11-01,2008.335,1324.65
2005-10-31,2002.065,1287.6399999999999
2005-10-27,2002.065,1278.67
2005-10-26,2002.065,1272.8049999999998
2005-10-25,2002.065,1270.24
2005-10-24,1995.655,1268.725
2005-10-20,1992.965,1266.625
2005-10-19,1990.565,1264.82
2005-10-18,1989.3049999999998,1262.545
2005-10-17,1978.32,1258.075
2005-10-13,1941.8049999999998,1238.3000000000002
2005-10-12,1899.83,1220.1950000000002
2005-10-11,1879.545,1217.58
2005-10-10,1872.255,1214.105
2005-10-05,1869.0549999999998,1210.85
2005-10-04,1868.23,1209.27
2005-10-03,1866.7600000000002,1209.065
2005-09-29,1863.8600000000001,1207.7649999999999
2005-09-28,1861.715,1204.63
2005-09-27,1861.195,1195.0
2005-09-26,1853.0,1185.58
2005-09-22,1844.49,1183.125
2005-09-21,1830.075,1181.96
2005-09-20,1814.765,1181.5
2005-09-19,1807.12,1180.845
2005-09-15,1796.98,1180.07
2005-09-14,1788.565,1179.8449999999998
2005-09-13,1780.76,1178.975
2005-09-12,1775.8,1177.015
2005-09-08,1773.415,1175.29
2005-09-07,1773.415,1170.7800000000002
2005-09-06,1773.415,1166.15
2005-09-05,1773.415,1160.535
2005-09-01,1773.415,1154.8600000000001
2005-08-31,1772.28,1152.12
2005-08-30,1771.375,1146.705
2005-08-29,1770.255,1142.5349999999999
2005-08-25,1770.255,1138.0349999999999
2005-08-24,1771.375,1128.1599999999999
2005-08-23,1772.28,1120.275
2005-08-22,1773.415,1116.95
2005-08-18,1774.59,1114.0
2005-08-17,1775.145,1111.685
2005-08-16,1775.145,1110.62
2005-08-15,1775.69,1109.96
2005-08-11,1775.69,1108.3
2005-08-10,1779.29,1101.37
2005-08-09,1785.58,1094.7399999999998
2005-08-08,1785.58,1093.6999999999998
2005-08-04,1785.58,1092.5749999999998
2005-08-03,1785.58,1086.235
2005-08-02,1788.4099999999999,1079.745
2005-08-01,1789.395,1077.99
2005-07-28,1790.04,1077.0949999999998
2005-07-27,1790.04,1076.82
2005-07-26,1790.04,1074.53
2005-07-25,1790.04,1071.9650000000001
2005-07-21,1789.395,1070.5149999999999
2005-07-20,1788.42,1069.135
2005-07-19,1788.07,1067.8200000000002
2005-07-18,1787.4499999999998,1065.895
2005-07-14,1780.465,1064.755
2005-07-13,1773.73,1063.805
2005-07-12,1772.625,1061.3899999999999
2005-07-11,1769.52,1059.44
2005-07-07,1765.285,1056.29
2005-07-06,1734.225,1050.02
2005-07-05,1693.33,1043.255
2005-07-04,1676.455,1031.725
2005-06-30,1664.52,1017.81
2005-06-29,1652.38,1007.935
2005-06-28,1645.585,1002.42
2005-06-27,1639.705,995.65
2005-06-23,1639.385,989.13
2005-06-22,1635.19,987.81
2005-06-21,1635.19,985.9200000000001
2005-06-20,1635.19,979.515
2005-06-16,1635.19,973.8599999999999
2005-06-15,1635.19,968.885
2005-06-14,1635.19,964.125
2005-06-13,1635.19,962.95
2005-06-10,1635.19,962.11
2005-06-09,1633.98,961.3299999999999
2005-06-08,1633.98,960.69
2005-06-07,1632.605,960.1500000000001
2005-06-06,1628.81,959.6600000000001
2005-06-02,1628.81,958.615
2005-06-01,1628.81,955.7149999999999
2005-05-31,1623.17,952.8399999999999
2005-05-30,1621.1100000000001,949.3299999999999
2005-05-26,1621.1100000000001,945.3050000000001
2005-05-25,1621.1100000000001,943.26
2005-05-24,1620.47,941.91
2005-05-17,1618.645,941.0999999999999
2005-05-16,1615.44,940.785
2005-05-12,1608.865,940.635
2005-05-11,1601.4299999999998,939.53
2005-05-10,1600.2199999999998,938.3499999999999
2005-05-09,1600.2199999999998,937.6800000000001
2005-05-05,1595.995,937.0250000000001
2005-05-04,1595.995,936.415
2005-05-03,1595.995,935.5550000000001
2005-04-28,1595.995,934.855
2005-04-27,1595.995,933.965
2005-04-20,1600.2199999999998,932.235
2005-04-19,1603.54,929.915
2005-04-18,1606.775,927.7750000000001
2005-04-14,1606.775,926.6600000000001
2005-04-13,1606.775,926.315
2005-04-12,1605.565,925.55
2005-04-07,1598.105,924.73
2005-04-06,1590.935,924.1700000000001
2005-04-05,1585.205,921.975
2005-04-04,1580.15,920.01
2005-03-31,1580.15,919.16
2005-03-29,1580.15,918.27
2005-03-28,1578.7350000000001,917.765
2005-03-24,1548.87,917.28
2005-03-23,1509.95,916.41
2005-03-22,1488.18,913.91
2005-03-21,1474.685,911.95
2005-03-17,1470.2150000000001,911.375
2005-03-16,1467.51,909.845
2005-03-15,1460.025,907.615
2005-03-10,1453.6399999999999,906.075
2005-03-08,1451.33,905.5550000000001
2005-03-03,1450.3049999999998,905.1949999999999
2005-03-01,1449.73,904.6700000000001
2005-02-24,1438.26,903.145
2005-02-23,1426.7649999999999,901.685
2005-02-22,1423.49,901.3299999999999
2005-02-21,1420.4099999999999,900.86
2005-02-17,1399.5349999999999,900.58
2005-02-16,1370.835,900.47
2005-02-15,1359.8400000000001,900.265
2005-02-14,1324.65,900.12
2005-02-09,1287.6399999999999,899.335
2005-02-08,1278.67,898.575
2005-02-07,1272.8049999999998,898.415
2005-02-03,1270.24,898.17
2005-02-02,1268.725,897.99
2005-02-01,1266.625,897.91
2005-01-31,1264.82,897.72
2005-01-27,1262.545,897.04
2005-01-26,1258.075,896.37
2005-01-25,1238.3000000000002,895.605
2005-01-18,1220.1950000000002,894.9649999999999
2005-01-17,1217.58,894.625
2005-01-13,1214.105,894.2850000000001
2005-01-12,1210.85,893.755
2005-01-11,1209.27,892.875
2005-01-10,1209.065,892.475
2005-01-06,1207.7649999999999,891.865
2005-01-05,1204.63,891.145
2005-01-04,1195.0,890.55
2005-01-03,1185.58,889.99
2004-12-30,1183.125,887.2149999999999
2004-12-29,1181.96,883.13
2004-12-28,1181.5,880.085
2004-12-27,1180.845,877.4849999999999
2004-12-22,1180.07,875.46
2004-12-20,1179.8449999999998,872.72
2004-12-16,1178.975,869.825
2004-12-14,1177.015,868.34
2004-12-13,1175.29,867.8
2004-12-09,1170.7800000000002,867.4449999999999
2004-12-08,1166.15,867.275
2004-12-07,1160.535,865.815
2004-12-06,1154.8600000000001,863.5150000000001
2004-12-02,1152.12,861.59
2004-12-01,1146.705,858.7750000000001
2004-11-30,1142.5349999999999,856.69
2004-11-29,1138.0349999999999,856.3800000000001
2004-11-25,1128.1599999999999,856.28
2004-11-24,1120.275,856.22
2004-11-23,1116.95,856.2
2004-11-22,1114.0,855.7750000000001
2004-11-18,1111.685,855.175
2004-11-17,1110.62,854.71
2004-11-16,1109.96,854.135
2004-11-11,1108.3,853.74
2004-11-10,1101.37,853.0350000000001
2004-11-09,1094.7399999999998,852.415
2004-11-08,1093.6999999999998,852.37
2004-11-04,1092.5749999999998,852.3050000000001
2004-11-03,1086.235,852.23
2004-11-02,1079.745,852.1600000000001
2004-11-01,1077.99,851.635
2004-10-28,1077.0949999999998,850.5
2004-10-27,1076.82,849.505
2004-10-26,1074.53,848.0550000000001
2004-10-25,1071.9650000000001,846.845
2004-10-21,1070.5149999999999,845.925
2004-10-20,1069.135,844.905
2004-10-19,1067.8200000000002,844.54
2004-10-18,1065.895,844.06
2004-10-14,1064.755,843.225
2004-10-13,1063.805,839.73
2004-10-11,1062.0349999999999,835.71
2004-10-07,1059.44,834.4300000000001
2004-10-05,1056.29,834.165
2004-10-04,1050.02,832.595
2004-09-30,1043.255,830.905
2004-09-29,1031.725,830.3
2004-09-28,1017.81,828.095
2004-09-27,1007.935,826.35
2004-09-23,1002.42,825.26
2004-09-22,995.65,819.88
2004-09-21,989.13,809.385
2004-09-20,987.81,802.21
2004-09-16,985.9200000000001,800.36
2004-09-15,979.515,798.36
2004-09-14,973.8599999999999,796.465
2004-09-13,968.885,795.485
2004-09-09,964.125,795.0
2004-09-08,962.95,794.705
2004-09-07,962.11,794.6500000000001
2004-09-06,961.3299999999999,794.5550000000001
2004-09-02,960.69,794.4200000000001
2004-09-01,960.1500000000001,793.69
2004-08-31,959.6600000000001,792.94
2004-08-30,958.615,792.71
2004-08-26,955.7149999999999,792.56
2004-08-25,952.8399999999999,792.315
2004-08-24,949.3299999999999,791.78
2004-08-23,945.3050000000001,791.145
2004-08-19,943.26,790.79
2004-08-18,941.91,790.71
2004-08-17,941.0999999999999,790.4300000000001
2004-08-16,940.785,790.185
2004-08-12,940.635,789.48
2004-08-11,939.3299999999999,788.7
2004-08-10,937.495,788.5550000000001
2004-08-09,936.415,788.475
2004-08-05,935.5550000000001,787.865
2004-08-04,934.855,787.175
2004-08-03,929.5550000000001,787.0050000000001
2004-08-02,922.2049999999999,786.9100000000001
2004-07-29,918.655,786.855
2004-07-28,911.16,786.6949999999999
2004-07-27,904.6700000000001,786.54
2004-07-26,902.79,786.015
2004-07-22,900.86,784.97
2004-07-21,900.86,784.385
2004-07-20,900.86,784.1949999999999
2004-07-19,900.86,783.8299999999999
2004-07-15,900.86,783.4300000000001
2004-07-14,900.86,783.1700000000001
2004-07-13,900.47,783.075
2004-07-12,900.265,782.815
2004-07-08,900.12,781.22
2004-07-07,899.335,779.3299999999999
2004-07-06,898.575,778.67
2004-07-05,898.045,777.97
2004-06-30,897.72,770.74
2004-06-29,897.04,763.865
2004-06-28,896.37,762.095
2004-06-24,897.04,760.075
2004-06-23,897.04,759.5550000000001
2004-06-22,897.72,758.47
2004-06-21,897.98,757.325
2004-06-17,897.98,756.34
2004-06-16,897.98,754.175
2004-06-15,897.98,751.2149999999999
2004-06-14,897.98,747.415
2004-06-10,897.98,744.54
2004-06-09,897.98,743.54
2004-06-08,897.98,743.0999999999999
2004-06-07,898.17,742.585
2004-06-03,899.4300000000001,742.0
2004-06-02,905.7850000000001,739.36
2004-06-01,911.565,735.77
2004-05-31,915.285,734.375
2004-05-27,921.125,733.7750000000001
2004-05-26,921.125,732.5350000000001
2004-05-25,921.125,731.255
2004-05-24,921.975,730.7249999999999
2004-05-20,921.975,730.645
2004-05-19,921.975,730.5999999999999
2004-05-18,921.975,729.72
2004-05-17,921.975,728.845
2004-05-13,921.975,728.24
2004-05-12,921.975,726.595
2004-05-11,921.975,725.2149999999999
2004-05-10,919.12,724.3399999999999
2004-05-06,917.625,723.485
2004-05-05,916.41,723.185
2004-05-04,913.72,722.265
2004-05-03,910.23,720.76
2004-04-29,903.31,720.1099999999999
2004-04-28,896.4649999999999,720.005
2004-04-27,893.74,719.7850000000001
2004-04-26,887.105,719.375
2004-04-22,880.085,718.925
2004-04-21,877.4849999999999,718.22
2004-04-20,873.8,717.415
2004-04-19,869.825,717.03
2004-04-15,865.58,715.615
2004-04-14,859.7550000000001,714.26
2004-04-13,856.69,713.7850000000001
2004-04-08,856.3800000000001,712.8900000000001
2004-04-07,856.3800000000001,712.4300000000001
2004-04-06,856.28,712.285
2004-04-05,856.22,712.155
2004-04-01,856.2,711.765
2004-03-31,855.7750000000001,711.095
2004-03-30,854.6,710.665
2004-03-29,853.74,710.2049999999999
2004-03-25,852.875,709.765
2004-03-24,850.985,709.24
2004-03-23,850.5,708.72
2004-03-22,850.5,708.35
2004-03-18,850.5,706.825
2004-03-17,850.5,705.05
2004-03-16,850.5,703.495
2004-03-15,850.5,702.235
2004-03-10,850.5,701.53
2004-03-09,850.5,701.01
2004-03-08,850.5,700.9100000000001
2004-03-04,851.635,700.435
2004-03-03,850.155,699.72
2004-03-02,851.675,699.2049999999999
2004-03-01,852.2750000000001,698.895
2004-02-26,852.37,698.78
2004-02-25,852.415,698.745
2004-02-24,852.415,698.0450000000001
2004-02-23,852.415,696.75
2004-02-19,852.415,695.815
2004-02-18,852.415,694.72
2004-02-17,852.415,693.515
2004-02-16,852.415,692.635
2004-02-12,852.37,691.9549999999999
2004-02-11,852.3050000000001,689.21
2004-02-10,852.23,684.825
2004-02-09,848.29,682.685
2004-02-05,839.2850000000001,681.28
2004-02-04,834.165,679.565
2004-02-03,832.595,677.845
2004-01-29,830.905,676.5699999999999
2004-01-28,828.5550000000001,675.625
2004-01-27,826.35,674.53
2004-01-26,825.26,674.03
2004-01-22,819.88,673.585
2004-01-21,809.385,673.175
2004-01-20,802.21,672.5799999999999
2004-01-19,799.24,672.0699999999999
2004-01-15,796.26,670.95
2004-01-14,794.985,669.38
2004-01-13,794.5150000000001,667.9449999999999
2004-01-12,793.69,666.73
2004-01-08,792.94,666.17
2004-01-07,792.71,665.685
2004-01-06,791.7,664.755
2004-01-05,790.79,663.895
2003-12-31,790.4649999999999,662.1500000000001
2003-12-30,790.4649999999999,660.195
2003-12-29,789.39,659.48
2003-12-24,788.53,658.12
2003-12-23,787.865,655.875
2003-12-22,787.865,654.645
2003-12-18,787.865,654.035
2003-12-17,787.865,652.75
2003-12-16,787.865,651.69
2003-12-15,787.175,651.29
2003-12-11,787.175,651.235
2003-12-10,787.175,651.185
2003-12-09,787.175,650.995
2003-12-08,787.175,650.445
2003-12-04,787.865,650.05
2003-12-03,788.53,649.8199999999999
2003-12-02,788.7,649.28
2003-12-01,788.7,648.56
2003-11-24,789.48,648.03
2003-11-20,790.185,647.7249999999999
2003-11-19,789.495,647.47
2003-11-18,788.645,647.135
2003-11-17,788.645,646.585
2003-11-13,788.645,645.075
2003-11-12,788.645,643.74
2003-11-11,787.72,643.5699999999999
2003-11-10,786.9100000000001,643.4549999999999
2003-11-06,786.855,643.19
2003-11-05,785.63,642.895
2003-11-04,785.04,641.505
2003-11-03,785.04,640.19
2003-10-30,782.9100000000001,639.62
2003-10-29,780.6800000000001,638.965
2003-10-28,778.67,638.815
2003-10-27,777.97,638.75
2003-10-23,770.74,638.465
2003-10-22,763.865,638.19
2003-10-21,762.095,638.125
2003-10-20,760.075,637.965
2003-10-16,759.5550000000001,637.745
2003-10-15,758.47,637.625
2003-10-14,757.325,637.51
2003-10-13,756.34,637.38
2003-10-09,754.175,637.3299999999999
2003-10-08,751.2149999999999,637.185
2003-10-07,747.415,636.9549999999999
2003-10-02,744.54,636.75
2003-10-01,743.54,636.645
2003-09-30,743.0999999999999,636.595
2003-09-29,742.585,636.52
2003-09-25,742.0,636.4200000000001
2003-09-24,739.36,636.3050000000001
2003-09-23,735.77,636.185
2003-09-22,734.375,636.0250000000001
2003-09-18,733.7750000000001,635.735
2003-09-17,732.0799999999999,635.515
2003-09-16,730.7249999999999,635.435
2003-09-15,729.16,635.3299999999999
2003-09-11,726.595,635.275
2003-09-10,725.2149999999999,635.0799999999999
2003-09-09,724.3399999999999,634.865
2003-09-08,721.9649999999999,634.7850000000001
2003-09-04,720.1099999999999,634.74
2003-09-03,720.005,634.5450000000001
2003-09-02,719.54,634.2
2003-09-01,718.925,633.5999999999999
2003-08-28,718.22,633.01
2003-08-27,717.415,632.825
2003-08-26,717.415,632.4449999999999
2003-08-25,717.415,632.095
2003-08-21,717.415,632.0450000000001
2003-08-20,717.415,631.99
2003-08-19,717.415,631.9100000000001
2003-08-18,717.915,631.845
2003-08-14,718.12,631.835
2003-08-13,718.365,631.7650000000001
2003-08-12,718.365,631.655
2003-08-11,717.03,631.585
2003-08-07,717.03,631.56
2003-08-06,717.03,631.45
2003-08-05,717.03,631.335
2003-08-04,717.03,631.33
2003-07-31,717.03,631.3050000000001
2003-07-30,717.03,631.21
2003-07-29,717.03,631.13
2003-07-28,717.03,631.12
2003-07-24,717.03,631.11
2003-07-22,715.615,631.1
2003-07-21,714.26,631.09
2003-07-17,713.1949999999999,631.0450000000001
2003-07-16,711.02,631.01
2003-07-15,709.765,630.95
2003-07-14,709.24,630.815
2003-07-10,707.1949999999999,630.735
2003-07-09,705.05,630.72
2003-07-08,703.495,630.69
2003-07-07,701.715,630.66
2003-07-03,701.51,630.635
2003-07-02,701.01,630.605
2003-06-30,700.9100000000001,630.5450000000001
2003-06-26,700.435,630.435
2003-06-25,699.72,630.35
2003-06-24,699.2049999999999,630.325
2003-06-23,698.895,630.32
2003-06-19,698.78,630.3
2003-06-18,698.745,630.235
2003-06-17,698.0450000000001,630.19
2003-06-16,696.75,630.165
2003-06-12,695.815,630.005
2003-06-11,694.72,629.835
2003-06-10,694.3050000000001,629.795
2003-06-09,692.635,629.78
2003-06-05,691.9549999999999,629.75
2003-06-04,689.21,629.7049999999999
2003-06-03,684.825,629.67
2003-06-02,682.685,629.63
2003-05-29,681.28,629.595
2003-05-28,679.565,629.54
2003-05-27,677.845,629.4549999999999
2003-05-26,676.5699999999999,629.3050000000001
2003-05-22,675.625,629.145
2003-05-21,674.53,629.085
2003-05-20,674.03,629.0250000000001
2003-05-19,673.585,628.88
2003-05-15,673.175,628.78
2003-05-14,672.5799999999999,628.76
2003-05-12,672.0699999999999,628.6949999999999
2003-05-08,670.95,628.615
2003-05-07,669.38,628.5350000000001
2003-05-06,667.9449999999999,628.47
2003-05-05,666.73,628.415
2003-04-30,666.17,628.3399999999999
2003-04-29,665.685,628.28
2003-04-24,664.59,628.255
2003-04-23,661.7750000000001,628.225
2003-04-22,659.48,628.195
2003-04-21,658.12,628.135
2003-04-17,655.265,628.005
2003-04-16,652.3,627.805
2003-04-15,649.53,627.65
2003-04-14,647.39,627.595
2003-04-10,647.39,627.5450000000001
2003-04-09,647.39,627.495
2003-04-08,647.2249999999999,627.47
2003-04-07,647.135,627.46
2003-04-03,647.135,627.405
2003-04-02,647.135,627.315
2003-04-01,647.135,627.125
2003-03-31,647.135,626.975
2003-03-27,647.135,626.935
2003-03-26,647.135,626.89
2003-03-25,647.47,626.875
2003-03-24,647.865,626.85
2003-03-20,648.56,626.79
2003-03-19,649.28,626.725
2003-03-18,649.8199999999999,626.63
2003-03-17,650.05,626.52
2003-03-13,650.05,626.425
2003-03-12,650.05,626.345
2003-03-11,650.05,626.28
2003-03-10,650.05,626.24
2003-03-06,650.05,626.24
2003-03-05,650.05,626.235
2003-03-03,650.05,626.1800000000001
2003-02-27,650.05,626.115
2003-02-26,649.8199999999999,626.095
2003-02-25,646.74,626.0450000000001
2003-02-24,641.325,625.95
2003-02-20,638.75,625.895
2003-02-19,638.75,625.785
2003-02-18,638.75,625.675
2003-02-17,638.465,625.655
2003-02-06,638.19,625.62
2003-02-05,637.905,625.59
2003-02-04,637.495,625.5699999999999
2003-02-03,637.38,625.535
2003-01-30,637.3299999999999,625.505
2003-01-29,637.185,625.48
2003-01-28,636.9549999999999,625.34
2003-01-27,636.75,625.205
2003-01-23,636.5999999999999,625.1300000000001
2003-01-22,636.405,624.945
2003-01-21,635.895,624.675
2003-01-20,635.895,624.48
2003-01-16,635.895,624.41
2003-01-15,635.515,624.365
2003-01-14,635.435,624.3199999999999
2003-01-13,635.3299999999999,624.21
2003-01-09,635.275,623.9449999999999
2003-01-08,635.0799999999999,623.77
2003-01-06,634.865,623.765
2003-01-02,634.865,623.745
2002-12-31,634.7850000000001,623.7049999999999
2002-12-30,634.44,623.665
2002-12-26,633.46,623.375
2002-12-24,632.825,622.87
2002-12-23,632.375,622.47
2002-12-19,631.1700000000001,622.0799999999999
2002-12-18,629.985,621.765
2002-12-17,629.0450000000001,621.66
2002-12-16,628.5699999999999,621.65
2002-12-12,628.5699999999999,621.62
2002-12-11,628.5699999999999,621.435
2002-12-10,628.5699999999999,621.16
2002-12-09,628.5699999999999,621.03
2002-12-04,628.5699999999999,620.9
2002-12-03,628.5699999999999,620.7249999999999
2002-12-02,628.435,620.665
2002-11-28,628.435,620.62
2002-11-27,628.435,620.55
2002-11-26,628.515,620.4449999999999
2002-11-25,628.7149999999999,620.075
2002-11-21,628.7149999999999,619.71
2002-11-20,628.7149999999999,619.625
2002-11-19,628.7149999999999,619.46
2002-11-18,628.7149999999999,619.3
2002-11-14,628.985,619.23
2002-11-13,629.34,619.135
2002-11-12,629.54,619.05
2002-11-11,629.635,618.8399999999999
2002-11-07,629.7349999999999,618.595
2002-11-06,629.795,618.475
2002-11-05,629.99,618.24
2002-11-04,630.3900000000001,617.96
2002-10-31,630.3900000000001,617.8399999999999
2002-10-30,630.3900000000001,617.78
2002-10-29,630.63,617.74
2002-10-28,630.63,617.74
2002-10-24,630.63,617.74
2002-10-23,630.6600000000001,617.74
2002-10-22,630.46,617.74
2002-10-21,630.5250000000001,617.74
2002-10-17,630.5250000000001,617.74
2002-10-16,630.5250000000001,617.74
2002-10-15,630.5250000000001,617.74
2002-10-14,630.5250000000001,617.74
2002-10-10,630.32,617.74
2002-10-09,630.2550000000001,617.74
2002-10-08,630.235,617.74
2002-10-07,630.235,617.74
2002-10-03,630.235,617.74
2002-10-02,630.235,617.74
2002-10-01,630.235,617.685
2002-09-30,630.235,617.61
2002-09-26,630.3,617.495
2002-09-25,630.32,617.365
2002-09-24,630.32,617.13
2002-09-23,630.4100000000001,616.945
2002-09-19,630.56,616.855
2002-09-18,630.56,616.65
2002-09-17,630.635,616.26
2002-09-16,630.6800000000001,615.98
2002-09-12,630.905,615.9000000000001
2002-09-11,631.11,615.615
2002-09-10,631.225,615.39
2002-09-09,631.335,615.345
2002-09-05,631.335,615.2149999999999
2002-09-04,631.335,615.115
2002-09-03,631.335,615.0699999999999
2002-09-02,631.335,614.995
2002-08-29,631.45,614.81
2002-08-28,631.56,614.645
2002-08-27,631.585,614.585
2002-08-26,631.585,614.515
2002-08-22,631.72,614.485
2002-08-21,631.835,614.48
2002-08-20,631.925,614.46
2002-08-19,631.9200000000001,614.04
2002-08-15,631.9200000000001,613.62
2002-08-14,631.9200000000001,613.62
2002-08-13,631.9200000000001,613.62
2002-08-12,631.9200000000001,613.62
2002-08-08,631.465,613.62
2002-08-07,631.0550000000001,613.62
2002-08-06,630.6700000000001,613.505
2002-08-05,629.995,613.505
2002-08-01,628.98,613.3050000000001
2002-07-31,628.98,613.3050000000001
2002-07-30,628.275,613.3050000000001
2002-07-29,627.935,613.3050000000001
2002-07-25,627.595,613.3050000000001
2002-07-24,627.52,613.3050000000001
2002-07-22,627.415,613.3050000000001
2002-07-18,627.315,613.3050000000001
2002-07-17,627.085,613.3050000000001
2002-07-16,626.61,613.3050000000001
2002-07-15,626.28,613.3050000000001
2002-07-11,626.1700000000001,613.3050000000001
2002-07-10,626.095,613.3050000000001
2002-07-09,625.995,613.3050000000001
2002-07-08,625.895,613.3050000000001
2002-07-04,625.895,613.3050000000001
2002-07-03,625.895,613.3050000000001
2002-07-02,625.895,613.3050000000001
2002-07-01,625.895,613.3050000000001
2002-06-27,625.785,613.3050000000001
2002-06-26,625.78,613.3050000000001
2002-06-25,625.895,613.3050000000001
2002-06-24,625.95,613.3050000000001
2002-06-20,625.95,613.3050000000001
2002-06-19,625.95,613.3050000000001
2002-06-18,625.95,613.3050000000001
2002-06-17,626.12,613.3050000000001
2002-06-13,626.12,613.3050000000001
2002-06-12,626.12,613.3050000000001
2002-06-11,626.12,613.3050000000001
2002-06-10,626.12,613.3050000000001
2002-06-06,626.12,613.3050000000001
2002-06-05,626.12,613.3050000000001
2002-06-04,626.12,613.3050000000001
2002-06-03,626.12,613.3050000000001
2002-05-30,625.875,613.3050000000001
2002-05-29,625.35,613.3050000000001
2002-05-28,625.1300000000001,613.3050000000001
2002-05-27,624.8,613.3050000000001
2002-05-23,624.085,613.3050000000001
2002-05-22,622.375,613.3050000000001
2002-05-21,621.65,613.3050000000001
2002-05-20,621.65,613.3050000000001
2002-05-16,621.62,613.3050000000001
2002-05-15,621.435,613.3050000000001
2002-05-14,621.16,613.3050000000001
2002-05-13,621.03,613.3050000000001
2002-05-09,620.9,613.3050000000001
2002-05-08,620.9,613.3050000000001
2002-05-07,620.9,613.3050000000001
2002-05-02,620.9,613.3050000000001
2002-04-30,620.9,613.3050000000001
2002-04-29,621.03,613.3050000000001
2002-04-24,621.315,613.3050000000001
2002-04-23,621.62,613.3050000000001
2002-04-22,621.65,613.3050000000001
2002-04-18,621.755,613.3050000000001
2002-04-17,622.25,613.3050000000001
2002-04-16,623.145,613.195
2002-04-15,623.665,613.095
2002-04-11,623.72,612.69
2002-04-10,623.72,612.375
2002-04-09,623.72,612.345
2002-04-08,623.72,612.3
2002-04-04,623.72,612.115
2002-04-03,623.72,611.935
2002-04-02,623.72,611.795
2002-04-01,623.72,611.63
2002-03-28,623.665,611.465
2002-03-27,623.145,611.22
2002-03-26,622.9749999999999,611.02
2002-03-25,621.9849999999999,610.915
2002-03-21,620.385,610.81
2002-03-20,618.89,610.725
2002-03-19,618.3599999999999,610.6
2002-03-18,617.96,610.375
2002-03-14,617.725,610.235
2002-03-13,617.495,610.165
2002-03-12,617.185,610.0450000000001
2002-03-11,616.945,609.935
2002-03-07,616.455,609.89
2002-03-06,615.465,609.845
2002-03-05,614.7950000000001,609.7950000000001
2002-03-04,614.56,609.71
2002-02-28,614.56,609.63
2002-02-27,614.485,609.61
2002-02-26,614.485,609.605
2002-02-25,614.485,609.5550000000001
2002-02-20,614.485,609.5550000000001
2002-02-19,614.485,609.5550000000001
2002-02-18,614.5550000000001,609.5550000000001
2002-02-14,614.5550000000001,609.5550000000001
2002-02-13,614.72,609.5550000000001
2002-02-12,614.7950000000001,609.5550000000001
2002-02-11,614.7950000000001,609.5550000000001
2002-02-07,613.9449999999999,609.5550000000001
2002-02-06,613.9449999999999,609.5550000000001
2002-02-05,613.9449999999999,609.5550000000001
2002-02-04,613.9449999999999,609.605
2002-01-31,613.9449999999999,609.61
2002-01-30,613.9449999999999,609.63
2002-01-29,613.9449999999999,609.71
2002-01-24,613.9449999999999,609.71
2002-01-23,613.74,609.63
2002-01-22,612.1700000000001,609.61
2002-01-21,611.0350000000001,609.605
2002-01-17,610.3,609.5550000000001
2002-01-16,609.315,609.505
2002-01-15,608.415,609.48
2002-01-10,607.815,609.395
2002-01-09,607.365,609.245
2002-01-08,607.025,609.0699999999999
2002-01-07,606.755,608.87
2002-01-02,606.0450000000001,608.78
2001-12-31,606.0450000000001,608.78
2001-12-27,606.0450000000001,608.645
2001-12-26,606.0450000000001,608.645
2001-12-24,606.0450000000001,608.645
2001-12-20,606.0450000000001,608.665
2001-12-19,606.0450000000001,608.89
2001-12-13,606.0450000000001,609.0699999999999
2001-12-12,606.0450000000001,609.17
2001-12-11,606.0450000000001,609.255
2001-12-05,607.125,609.395
2001-12-04,608.54,609.48
2001-12-03,610.28,609.505
2001-11-29,611.345,609.5550000000001
2001-11-28,611.755,609.605
2001-11-27,612.145,609.61
2001-11-26,612.78,609.63
2001-11-22,613.195,609.71
2001-11-21,613.195,609.7950000000001
2001-11-20,613.195,609.865
2001-11-19,613.195,609.865
2001-11-15,613.195,609.865
2001-11-14,613.195,609.935
2001-11-13,613.195,609.935
2001-11-12,613.195,609.935
2001-11-08,612.56,609.935
2001-11-07,611.755,609.935
2001-11-06,611.24,609.935
2001-11-05,610.8050000000001,609.935
2001-11-01,610.8050000000001,609.935
2001-10-30,610.8050000000001,609.935
2001-10-29,610.8050000000001,609.935
2001-10-25,610.8050000000001,609.935
2001-10-24,610.8050000000001,609.935
2001-10-23,610.8050000000001,609.935
2001-10-22,610.8050000000001,609.935
2001-10-18,610.8050000000001,609.935
2001-10-17,610.8050000000001,609.935
2001-10-16,610.915,609.935
2001-10-15,611.61,609.935
2001-10-11,611.61,610.08
2001-10-10,611.61,610.235
2001-10-09,611.61,610.375
2001-10-08,611.61,610.71
2001-10-04,611.61,611.3050000000001
2001-10-03,611.61,611.81
2001-10-02,611.61,612.115
2001-10-01,611.61,612.3299999999999
2001-09-27,611.61,612.88
2001-09-26,608.83,613.44
2001-09-25,604.665,613.52
2001-09-20,601.225,613.52
2001-09-19,599.835,613.52
2001-09-18,599.1800000000001,613.52
2001-09-13,597.52,613.52
2001-09-12,595.735,613.52
2001-09-06,594.5550000000001,613.52
2001-09-05,594.035,613.52
2001-09-04,593.24,613.52
2001-09-03,593.18,613.52
2001-08-30,592.91,613.6949999999999
2001-08-29,591.66,613.85
2001-08-28,591.6,613.9000000000001
2001-08-23,591.31,614.0250000000001
2001-08-22,591.31,614.19
2001-08-21,591.31,614.28
2001-08-16,591.31,614.38
2001-08-15,591.31,614.5250000000001
2001-08-14,591.31,614.695
2001-08-13,591.31,614.86
2001-08-09,592.1500000000001,615.03
2001-08-08,592.85,615.2349999999999
2001-08-07,593.53,615.3699999999999
2001-08-06,595.565,615.4949999999999
2001-08-02,599.745,615.6199999999999
2001-08-01,602.4,615.88
2001-07-31,603.5899999999999,616.135
2001-07-30,604.69,616.7650000000001
2001-07-26,604.69,617.37
2001-07-25,604.6949999999999,617.655
2001-07-24,604.8900000000001,618.03
2001-07-19,605.365,618.26
2001-07-18,606.285,618.415
2001-07-17,606.79,618.625
2001-07-16,606.805,618.79
2001-07-12,607.03,618.8499999999999
2001-07-11,607.69,618.9849999999999
2001-07-10,608.225,619.085
2001-07-09,608.225,619.155
2001-07-05,608.225,619.4200000000001
2001-07-04,608.225,619.745
2001-07-03,608.915,619.86
2001-07-02,609.56,619.94
2001-06-28,609.63,620.105
2001-06-27,609.735,620.235
2001-06-26,609.8900000000001,620.3
2001-06-25,610.22,620.4000000000001
2001-06-21,614.425,620.49
2001-06-20,619.6700000000001,620.5699999999999
2001-06-19,620.72,620.71
2001-06-18,620.72,620.825
2001-06-14,620.72,620.915
2001-06-13,620.72,621.075
2001-06-12,620.72,621.4
2001-06-11,620.72,621.65
2001-06-07,620.72,621.71
2001-06-06,620.72,621.9200000000001
2001-06-05,620.72,622.12
2001-05-31,620.72,622.145
2001-05-30,620.4000000000001,622.2
2001-05-29,620.2650000000001,622.2
2001-05-28,619.175,622.2
2001-05-24,616.315,622.2
2001-05-23,613.215,622.2
2001-05-22,611.11,622.2
2001-05-17,610.0899999999999,622.2
2001-05-16,609.755,622.2
2001-05-15,609.38,622.145
2001-05-14,608.845,622.12
2001-05-10,607.9549999999999,622.12
2001-05-09,606.5899999999999,622.12
2001-05-08,605.065,622.12
2001-05-07,604.2,622.12
2001-05-03,604.0350000000001,622.12
2001-05-02,604.0350000000001,622.12
2001-04-30,604.0350000000001,622.12
2001-04-26,604.0350000000001,622.12
2001-04-24,604.0350000000001,622.12
2001-04-23,604.0350000000001,622.12
2001-04-19,604.2,622.12
2001-04-18,604.62,622.12
2001-04-17,605.25,622.12
2001-04-12,605.25,622.12
2001-04-11,605.25,622.12
2001-04-10,605.6949999999999,622.12
2001-04-09,606.605,622.12
2001-04-05,608.3,622.12
2001-04-04,608.72,622.12
2001-04-03,609.2950000000001,622.12
2001-04-02,609.905,622.12
2001-03-29,611.29,622.12
2001-03-28,613.115,622.12
2001-03-27,613.85,622.12
2001-03-22,613.975,622.12
2001-03-21,614.5,622.12
2001-03-20,616.905,622.12
2001-03-19,618.9849999999999,622.12
2001-03-15,619.13,622.12
2001-03-14,619.855,622.12
2001-03-13,621.38,622.12
2001-03-12,622.9100000000001,622.12
2001-03-08,624.29,622.12
2001-03-07,625.41,622.12
2001-03-05,626.0999999999999,622.12
2001-03-01,626.9300000000001,622.12
2001-02-28,626.9300000000001,622.12
2001-02-27,626.9300000000001,622.12
2001-02-26,626.9300000000001,622.12
2001-02-22,626.9300000000001,622.12
2001-02-21,626.9300000000001,621.9200000000001
2001-02-20,626.9300000000001,621.71
2001-02-19,626.9300000000001,621.71
2001-02-15,626.9300000000001,621.65
2001-02-14,626.64,621.4
2001-02-13,626.52,621.02
2001-02-12,625.5,620.825
2001-02-08,625.5,620.71
2001-02-07,624.885,620.45
2001-02-06,624.885,620.14
2001-02-05,623.935,619.94
2001-02-01,623.415,619.86
2001-01-31,623.19,619.815
2001-01-30,622.6800000000001,619.71
2001-01-29,622.2149999999999,619.635
2001-01-25,622.2149999999999,619.585
2001-01-24,622.2149999999999,619.505
2001-01-23,622.6800000000001,619.29
2001-01-22,622.615,618.95
2001-01-18,623.24,618.79
2001-01-17,623.4649999999999,618.625
2001-01-16,623.4649999999999,618.185
2001-01-15,622.95,617.655
2001-01-11,622.95,617.37
2001-01-10,623.13,616.7650000000001
2001-01-09,623.335,616.135
2001-01-08,623.335,615.95
2001-01-04,623.335,615.75
2001-01-03,623.065,615.6199999999999
2001-01-02,623.065,615.4949999999999
2000-12-26,623.335,615.3699999999999
2000-12-21,623.535,615.2349999999999
2000-12-20,623.795,614.99
2000-12-19,624.12,614.99
2000-12-18,624.33,614.695
2000-12-14,624.33,614.425
2000-12-13,624.12,614.115
2000-12-12,623.995,613.745
2000-12-11,623.995,613.52
2000-12-07,623.47,613.44
2000-12-06,623.065,612.525
2000-12-05,623.065,610.425
2000-12-04,623.065,608.99
2000-11-30,620.825,608.77
2000-11-29,615.23,608.585
2000-11-28,609.8050000000001,608.185
2000-11-27,607.8800000000001,607.915
2000-11-23,607.3050000000001,607.855
2000-11-22,604.685,607.7750000000001
2000-11-21,601.81,607.26
2000-11-20,599.65,606.5699999999999
2000-11-16,597.875,606.345
2000-11-15,596.4300000000001,606.315
2000-11-14,595.0550000000001,606.0
2000-11-13,594.11,605.47
2000-11-09,591.3050000000001,605.155
2000-11-08,589.4200000000001,604.49
2000-11-07,589.4200000000001,603.845
2000-11-06,589.4200000000001,603.185
2000-11-02,589.4200000000001,603.04
2000-11-01,589.4200000000001,603.04
2000-10-31,589.4200000000001,603.04
2000-10-30,589.4200000000001,603.04
2000-10-26,589.4200000000001,603.04
2000-10-25,589.4200000000001,603.04
2000-10-24,592.225,603.04
2000-10-23,592.245,603.04
2000-10-19,596.385,603.04
2000-10-18,600.135,603.04
2000-10-17,602.285,603.04
2000-10-16,603.095,603.04
2000-10-12,604.565,603.04
2000-10-11,605.47,603.04
2000-10-10,606.0,603.04
2000-10-09,606.3199999999999,603.04
2000-10-04,607.39,603.04
2000-10-03,610.9849999999999,603.04
2000-10-02,613.745,603.04
2000-09-28,614.63,603.04
2000-09-27,615.3699999999999,603.035
2000-09-26,615.3699999999999,602.15
2000-09-25,615.3699999999999,601.845
2000-09-21,615.3699999999999,601.495
2000-09-20,615.3699999999999,601.315
2000-09-19,615.3699999999999,601.28
2000-09-18,615.3699999999999,600.865
2000-09-14,615.3699999999999,599.745
2000-09-13,614.425,598.4
2000-09-12,613.46,596.22
2000-09-11,610.905,593.22
2000-09-07,608.16,591.31
2000-09-06,608.16,590.825
2000-09-05,608.16,590.7650000000001
2000-09-04,607.115,590.71
2000-08-31,607.115,589.855
2000-08-30,607.115,586.435
2000-08-24,607.115,582.73
2000-08-23,607.115,576.085
2000-08-22,607.115,568.95
2000-08-21,607.115,566.0150000000001
2000-08-17,607.115,564.245
2000-08-16,607.5699999999999,559.3299999999999
2000-08-15,608.99,554.1949999999999
2000-08-14,611.73,552.3299999999999
2000-08-11,614.425,550.04
2000-08-10,615.985,548.26
2000-08-09,618.095,547.49
2000-08-08,618.095,547.0899999999999
2000-08-07,620.265,546.72
2000-08-03,620.265,545.86
2000-08-02,620.265,544.455
2000-08-01,620.265,542.75
2000-07-31,620.265,541.47
2000-07-27,620.265,541.145
2000-07-26,620.265,540.52
2000-07-25,620.265,539.8499999999999
2000-07-24,621.6800000000001,539.3199999999999
2000-07-20,622.1600000000001,538.585
2000-07-19,622.1600000000001,538.185
2000-07-18,622.1600000000001,538.025
2000-07-17,622.1600000000001,537.77
2000-07-13,622.1600000000001,537.16
2000-07-12,622.755,535.8499999999999
2000-07-11,622.755,534.8299999999999
2000-07-10,622.755,534.155
2000-07-06,622.755,533.5450000000001
2000-07-05,622.9,533.27
2000-07-04,628.075,532.3499999999999
2000-07-03,632.62,530.835
2000-06-29,633.3199999999999,526.5699999999999
2000-06-28,633.78,521.04
2000-06-27,635.625,518.645
2000-06-26,639.1199999999999,515.425
2000-06-22,643.4749999999999,511.90999999999997
2000-06-21,646.77,511.04499999999996
2000-06-20,649.13,510.84000000000003
2000-06-19,650.64,510.695
2000-06-14,651.265,509.85
2000-06-13,651.7950000000001,508.9
2000-06-12,651.7950000000001,508.06
2000-06-08,651.7950000000001,506.655
2000-06-07,651.7950000000001,505.655
2000-06-06,651.7950000000001,505.105
2000-06-05,651.7950000000001,504.33
2000-06-01,651.7950000000001,501.41499999999996
2000-05-31,651.7950000000001,498.355
2000-05-30,651.7950000000001,497.565
2000-05-29,648.98,497.17
2000-05-25,648.98,496.9
2000-05-24,646.0,496.81
2000-05-23,646.0,496.78
2000-05-22,646.0,496.54499999999996
2000-05-18,646.0,496.315
2000-05-17,646.0,496.075
2000-05-16,646.0,495.625
2000-05-15,646.0,494.915
2000-05-11,646.0,494.255
2000-05-10,646.0,493.445
2000-05-09,646.0,492.78499999999997
2000-05-08,650.935,492.74
2000-05-04,656.1949999999999,492.69
2000-05-03,658.8050000000001,492.56
2000-05-02,663.105,491.825
2000-04-27,665.9649999999999,490.66999999999996
2000-04-26,667.2049999999999,490.11
2000-04-24,667.3199999999999,489.92499999999995
2000-04-20,667.3199999999999,489.76
2000-04-19,667.3199999999999,489.66499999999996
2000-04-18,667.505,489.445
2000-04-17,668.63,489.275
2000-04-13,668.63,489.15999999999997
2000-04-12,668.63,489.025
2000-04-11,668.63,488.805
2000-04-10,668.63,488.435
2000-04-06,667.505,488.22
2000-04-05,667.505,488.07
2000-04-04,667.3199999999999,487.91499999999996
2000-04-03,667.155,487.9
2000-03-30,667.155,487.73
2000-03-29,667.155,487.515
2000-03-28,667.155,486.185
2000-03-27,667.155,484.9
2000-03-23,667.155,484.29999999999995
2000-03-22,667.4549999999999,483.49
2000-03-21,668.4449999999999,482.75
2000-03-20,670.23,481.26
2000-03-14,670.955,480.28499999999997
2000-03-13,670.955,479.23
2000-03-09,670.96,478.015
2000-03-08,671.7049999999999,477.19
2000-03-07,672.615,475.315
2000-03-06,672.7249999999999,473.405
2000-03-02,672.7249999999999,472.615
2000-03-01,672.7249999999999,472.02
2000-02-29,672.7249999999999,471.39
2000-02-28,672.7249999999999,470.725
2000-02-24,672.7249999999999,469.645
2000-02-23,672.7249999999999,468.80499999999995
2000-02-22,672.67,467.985
2000-02-21,671.7049999999999,466.18
2000-02-17,670.63,464.545
2000-02-16,668.7249999999999,464.11
2000-02-15,666.885,463.975
2000-02-14,666.51,463.63
2000-02-10,666.21,463.315
2000-02-09,664.69,463.195
2000-02-08,662.56,463.105
2000-02-07,659.595,463.08000000000004
2000-02-03,655.74,463.04499999999996
2000-02-02,651.535,462.955
2000-02-01,648.875,462.8
2000-01-31,647.2850000000001,462.38
2000-01-27,644.34,461.95000000000005
2000-01-26,641.415,461.845
2000-01-25,638.98,461.53999999999996
2000-01-24,637.0250000000001,461.15999999999997
2000-01-20,630.24,460.93
2000-01-19,622.025,460.69500000000005
2000-01-18,619.585,460.57500000000005
2000-01-17,619.585,460.515
2000-01-13,619.505,460.44500000000005
2000-01-12,617.645,460.33000000000004
2000-01-11,612.28,460.22
2000-01-06,608.235,460.0
2000-01-05,606.405,459.59000000000003
2000-01-04,603.55,459.055
2000-01-03,601.665,458.64
1999-12-30,601.28,458.39
1999-12-29,597.95,458.03999999999996
1999-12-28,593.22,457.16999999999996
1999-12-27,591.31,456.28999999999996
1999-12-23,586.21,455.725
1999-12-22,576.085,455.11
1999-12-21,568.95,454.615
1999-12-20,566.0150000000001,453.99
1999-12-16,564.245,453.485
1999-12-15,559.3299999999999,452.47
1999-12-14,554.1949999999999,449.595
1999-12-13,552.3299999999999,447.065
1999-12-09,550.04,446.45
1999-12-08,548.26,446.26
1999-12-07,547.49,446.08500000000004
1999-12-06,547.0899999999999,445.96500000000003
1999-12-02,546.72,445.74
1999-12-01,545.86,445.45
1999-11-30,544.455,445.26
1999-11-29,542.75,445.17999999999995
1999-11-25,541.335,445.015
1999-11-24,540.52,444.65999999999997
1999-11-23,539.8499999999999,443.53999999999996
1999-11-22,539.3199999999999,442.42499999999995
1999-11-18,538.585,442.065
1999-11-17,538.185,441.665
1999-11-16,538.185,441.225
1999-11-15,538.025,440.9
1999-11-11,537.77,440.725
1999-11-10,537.16,440.635
1999-11-09,535.8499999999999,440.32
1999-11-08,534.8299999999999,439.98
1999-11-04,534.155,439.585
1999-11-03,533.5450000000001,439.255
1999-11-02,533.27,438.68
1999-11-01,532.3499999999999,437.045
1999-10-28,530.835,435.82500000000005
1999-10-27,526.5699999999999,434.625
1999-10-26,521.04,432.99
1999-10-25,518.645,432.38
1999-10-21,515.425,431.75
1999-10-20,511.90999999999997,429.075
1999-10-19,511.04499999999996,423.9
1999-10-18,510.84000000000003,420.68
1999-10-14,510.695,415.36
1999-10-13,509.85,407.62
1999-10-12,508.9,404.475
1999-10-11,508.06,402.475
1999-10-07,506.655,400.985
1999-10-05,505.655,400.375
1999-10-04,505.105,398.14
1999-09-30,504.33,394.17
1999-09-29,501.41499999999996,388.84000000000003
1999-09-28,498.355,384.265
1999-09-27,497.565,382.04999999999995
1999-09-23,497.17,381.1
1999-09-22,496.9,381.1
1999-09-21,496.81,381.1
1999-09-20,496.78,381.1
1999-09-16,496.54499999999996,381.1
1999-09-15,496.315,381.1
1999-09-14,496.075,381.1
1999-09-13,495.625,381.1
1999-09-09,494.915,381.1
1999-09-08,493.595,381.1
1999-09-07,492.72,381.1
1999-09-06,491.125,381.1
1999-09-02,489.83,381.1
1999-09-01,489.445,381.1
1999-08-31,489.445,381.1
1999-08-30,489.275,381.1
1999-08-26,489.275,381.1
1999-08-25,489.15999999999997,381.1
1999-08-24,489.15999999999997,381.1
1999-08-23,489.15999999999997,381.1
1999-08-19,489.15999999999997,381.1
1999-08-18,489.15999999999997,381.1
1999-08-17,489.275,381.1
1999-08-16,489.445,381.1
1999-08-12,489.275,381.1
1999-08-11,489.275,381.1
1999-08-10,489.275,381.1
1999-08-09,489.275,381.1
1999-08-05,489.275,381.1
1999-08-04,489.275,381.1
1999-08-03,489.275,381.1
1999-08-02,488.94,380.65
1999-07-29,488.435,380.1
1999-07-28,486.565,379.635
1999-07-27,484.9,379.35
1999-07-26,484.29999999999995,378.885
1999-07-22,483.49,378.46500000000003
1999-07-21,482.75,378.165
1999-07-20,481.26,377.625
1999-07-19,480.28499999999997,377.26
1999-07-15,479.23,377.13
1999-07-14,478.015,376.88
1999-07-13,477.19,376.51
1999-07-12,475.315,375.745
1999-07-09,473.405,375.08
1999-07-08,472.615,374.695
1999-07-07,472.02,374.38
1999-07-06,471.39,374.24
1999-07-05,470.725,373.86
1999-06-30,469.645,373.4
1999-06-29,468.80499999999995,373.235
1999-06-28,467.985,373.15
1999-06-24,466.18,372.79499999999996
1999-06-23,464.545,372.36
1999-06-22,464.11,372.055
1999-06-21,463.975,371.665
1999-06-17,463.595,371.145
1999-06-16,463.195,370.86
1999-06-15,463.105,370.82500000000005
1999-06-14,463.065,370.555
1999-06-10,463.065,370.23
1999-06-09,462.955,370.015
1999-06-08,462.46000000000004,369.855
1999-06-07,462.46000000000004,369.605
1999-06-03,462.46000000000004,369.375
1999-06-02,462.46000000000004,369.22
1999-06-01,462.46000000000004,369.02
1999-05-31,462.8,368.905
1999-05-27,462.955,368.775
1999-05-26,462.8,368.47
1999-05-25,462.38,368.15999999999997
1999-05-24,461.95000000000005,367.85
1999-05-20,461.845,367.58000000000004
1999-05-19,461.19,367.365
1999-05-18,460.4,367.025
1999-05-17,460.22,366.865
1999-05-13,460.0,366.82
1999-05-12,459.59000000000003,366.775
1999-05-11,459.055,366.73
1999-05-10,458.64,366.69
1999-05-06,458.39,366.58000000000004
1999-05-05,458.03999999999996,366.44000000000005
1999-05-04,457.16999999999996,366.37
1999-05-03,456.28999999999996,366.275
1999-04-29,455.725,366.035
1999-04-28,455.11,365.81
1999-04-27,454.615,365.705
1999-04-26,453.99,365.475
1999-04-22,453.485,365.3
1999-04-21,452.47,365.28499999999997
1999-04-20,449.03999999999996,365.235
1999-04-19,446.45,365.09000000000003
1999-04-15,446.26,364.94
1999-04-14,446.08500000000004,364.875
1999-04-13,445.96500000000003,364.855
1999-04-08,445.74,364.83500000000004
1999-04-07,445.45,364.765
1999-04-06,445.26,364.705
1999-04-01,445.17999999999995,364.67499999999995
1999-03-31,445.015,364.62
1999-03-25,444.65999999999997,364.585
1999-03-24,443.53999999999996,364.575
1999-03-23,442.42499999999995,364.54999999999995
1999-03-22,442.065,364.515
1999-03-18,441.665,364.475
1999-03-17,441.225,364.42499999999995
1999-03-16,440.9,364.38
1999-03-15,440.725,364.31
1999-03-11,440.635,364.255
1999-03-10,440.32,364.125
1999-03-09,440.32,363.985
1999-03-08,439.98,363.96500000000003
1999-03-04,439.585,363.95
1999-03-03,439.255,363.95
1999-03-02,438.68,363.95
1999-03-01,437.045,363.95
1999-02-25,435.82500000000005,363.95
1999-02-24,434.625,363.95
1999-02-23,432.99,363.95
1999-02-22,432.38,363.95
1999-02-18,431.75,363.95
1999-02-17,429.075,363.95
1999-02-15,423.9,363.95
1999-02-11,420.68,363.95
1999-02-10,415.36,363.95
1999-02-09,407.62,363.95
1999-02-08,404.475,363.95
1999-02-04,402.475,363.95
1999-02-03,400.985,363.95
1999-02-02,400.375,363.95
1999-02-01,398.14,363.95
1999-01-28,394.17,363.95
1999-01-27,388.84000000000003,363.95
1999-01-26,384.265,363.95
1999-01-25,382.04999999999995,363.95
1999-01-21,380.88,363.95
1999-01-14,380.1,363.95
1999-01-13,379.16999999999996,363.95
1999-01-12,378.27,363.95
1999-01-11,377.625,363.95
1999-01-07,377.01,363.95
1999-01-06,375.845,363.95
1999-01-05,374.095,363.95
1999-01-04,372.33000000000004,363.86
1998-12-31,371.145,363.775
1998-12-30,370.375,363.76
1998-12-29,369.855,363.74
1998-12-28,369.605,363.71500000000003
1998-12-24,369.225,363.71500000000003
1998-12-23,369.02,363.71500000000003
1998-12-22,368.905,363.695
1998-12-21,368.775,363.685
1998-12-17,368.4,363.65999999999997
1998-12-16,367.635,363.605
1998-12-15,367.025,363.56
1998-12-14,366.865,363.515
1998-12-10,366.82,363.45500000000004
1998-12-09,366.775,363.43
1998-12-08,366.59000000000003,363.355
1998-12-07,366.13,363.275
1998-12-03,365.37,363.265
1998-12-02,364.875,363.25
1998-12-01,364.695,363.20500000000004
1998-11-30,364.515,363.125
1998-11-26,363.89,363.08
1998-11-25,363.53,363.05499999999995
1998-11-24,363.53,363.02
1998-11-23,363.355,362.95
1998-11-19,363.355,362.87
1998-11-18,363.355,362.81
1998-11-17,363.355,362.72
1998-11-16,363.085,362.625
1998-11-12,363.085,362.405
1998-11-11,363.085,362.175
1998-11-09,363.085,362.065
1998-11-05,363.355,361.99
1998-11-04,363.56,361.755
1998-11-03,363.735,361.755
1998-11-02,363.87,361.755
1998-10-29,364.105,361.99
1998-10-28,364.325,362.12
1998-10-27,364.325,362.12
1998-10-26,364.38,362.12
1998-10-22,364.495,362.12
1998-10-21,364.495,362.45000000000005
1998-10-20,364.495,362.45000000000005
1998-10-19,364.38,362.45000000000005
1998-10-15,364.38,362.45000000000005
1998-10-14,364.485,362.45000000000005
1998-10-13,364.485,362.45000000000005
1998-10-12,364.46500000000003,362.45000000000005
1998-10-08,364.46500000000003,362.45000000000005
1998-10-07,364.46500000000003,362.45000000000005
1998-10-05,364.03,362.45000000000005
1998-10-01,363.565,362.45000000000005
1998-09-30,363.345,362.45000000000005
1998-09-29,363.135,362.45000000000005
1998-09-28,362.84000000000003,362.45000000000005
1998-09-24,361.905,362.45000000000005
1998-09-23,359.5,
1998-09-22,358.045,
1998-09-21,358.045,
1998-09-17,358.045,
1998-09-16,358.045,
1998-09-15,358.045,
1998-09-14,358.045,
1998-09-10,358.045,
1998-09-09,358.045,
1998-09-08,358.045,
1998-09-03,358.045,
1998-09-02,359.78,
1998-09-01,361.395,
1998-08-31,362.245,
1998-08-27,363.29999999999995,
1998-08-26,363.29999999999995,
1998-08-25,363.29999999999995,
1998-08-24,363.29999999999995,
1998-08-20,363.29999999999995,
1998-08-19,363.29999999999995,
1998-08-18,363.29999999999995,
1998-08-17,363.29999999999995,
1998-08-13,363.29999999999995,
1998-08-12,362.245,
1998-08-11,360.94,
1998-08-10,360.8,
1998-08-06,360.8,
1998-08-05,360.8,
1998-08-04,360.8,
1998-08-03,360.8,
1998-07-31,360.8,
1998-07-30,360.8,
1998-07-29,360.8,
1998-07-28,360.42,
1998-07-27,360.42,
1998-07-23,360.8,
1998-07-22,361.22,
1998-07-21,361.28499999999997,
1998-07-20,362.24,
1998-07-16,363.555,
1998-07-15,364.195,
1998-07-14,365.33500000000004,
1998-07-13,366.275,
1998-07-09,366.275,
1998-07-08,366.275,
1998-07-07,366.51,
1998-07-02,366.69,
1998-06-30,367.12,
1998-06-29,367.89,
1998-06-26,368.8,
1998-06-25,369.76,
1998-06-24,371.03,
1998-06-23,372.055,
1998-06-22,372.71500000000003,
1998-06-18,373.395,
1998-06-17,373.86,
1998-06-16,374.24,
1998-06-15,375.29999999999995,
1998-06-11,376.76,
1998-06-10,378.22,
1998-06-09,380.03499999999997,
1998-06-08,381.295,
1998-06-04,381.79,
1998-06-03,382.135,
1998-06-02,384.265,
1998-06-01,386.21500000000003,
1998-05-28,386.71500000000003,
1998-05-27,387.33000000000004,
1998-05-26,387.6,
1998-05-25,387.66,
1998-05-21,387.975,
1998-05-20,389.565,
1998-05-19,390.74,
1998-05-18,390.74,
1998-05-14,390.74,
1998-05-13,390.74,
1998-05-12,390.74,
1998-05-11,390.74,
1998-05-07,390.74,
1998-05-06,390.74,
1998-05-05,390.74,
1998-05-04,390.74,
1998-04-30,389.745,
1998-04-29,388.72,
1998-04-28,388.55499999999995,
1998-04-23,388.51,
1998-04-22,388.05,
1998-04-21,387.44,
1998-04-16,387.25,
1998-04-15,386.94000000000005,
1998-04-14,384.0,
1998-04-13,380.41999999999996,
1998-04-09,378.93,
1998-04-02,377.69,
1998-04-01,376.115,
1998-03-31,374.825,
1998-03-30,373.755,
1998-03-26,372.79499999999996,
1998-03-25,371.685,
1998-03-24,370.82500000000005,
1998-03-23,370.555,
1998-03-19,368.96000000000004,
1998-03-18,365.58000000000004,
1998-03-17,361.425,
1998-03-16,358.845,
1998-03-13,357.355,
1998-03-12,356.005,
1998-03-11,355.62,
1998-03-10,355.24,
1998-03-09,354.28,
1998-03-05,353.565,
1998-03-04,353.565,
1998-03-03,353.565,
1998-03-02,353.565,
1998-02-26,353.565,
1998-02-25,353.565,
1998-02-24,353.565,
1998-02-23,353.565,
1998-02-19,353.565,
1998-02-18,354.14,
1998-02-17,355.485,
1998-02-16,356.54499999999996,
1998-02-12,356.905,
1998-02-11,357.32500000000005,
1998-02-10,357.62,
1998-02-09,357.675,
1998-02-05,358.225,
1998-02-04,358.225,
1998-02-03,358.225,
1998-02-02,358.225,
1998-01-27,358.225,
1998-01-26,358.225,
1998-01-22,358.225,
1998-01-21,358.225,
1998-01-20,357.675,
1998-01-19,357.54,
1998-01-15,357.20000000000005,
1998-01-14,355.8,
1998-01-13,353.92,
1998-01-12,353.53,
1998-01-08,353.0,
1998-01-07,351.685,
1998-01-06,350.515,
1998-01-05,349.69,
1998-01-01,349.58500000000004,
1997-12-31,349.23,
1997-12-30,349.23,
1997-12-29,349.23,
1997-12-25,349.11,
1997-12-24,348.44500000000005,
1997-12-23,347.385,
1997-12-22,347.385,
1997-12-18,347.385,
1997-12-17,347.385,
1997-12-16,347.385,
1997-12-15,347.385,
1997-12-11,348.1,
1997-12-10,349.635,
1997-12-09,350.395,
1997-12-08,351.385,
1997-12-04,352.28,
1997-12-03,352.89,
1997-12-02,353.485,
1997-12-01,354.07,
1997-11-27,355.015,
1997-11-26,356.555,
1997-11-25,358.025,
1997-11-24,359.95000000000005,
1997-11-20,362.185,
1997-11-19,363.15999999999997,
1997-11-18,363.36,
1997-11-17,363.615,
1997-11-14,363.86,
1997-11-13,364.53,
1997-11-12,365.605,
1997-11-11,366.175,
1997-11-10,366.42,
1997-11-06,366.775,
1997-11-05,366.95,
1997-11-04,367.125,
1997-11-03,367.38,
1997-10-30,367.79,
1997-10-29,368.635,
1997-10-28,371.425,
1997-10-27,374.09000000000003,
1997-10-24,374.84000000000003,
1997-10-23,374.84000000000003,
1997-10-22,374.84000000000003,
1997-10-21,374.84000000000003,
1997-10-20,374.84000000000003,
1997-10-16,374.84000000000003,
1997-10-15,374.84000000000003,
1997-10-14,374.84000000000003,
1997-10-13,374.84000000000003,
1997-10-09,374.84000000000003,
1997-10-08,374.14,
1997-10-07,372.605,
1997-10-02,371.83500000000004,
1997-10-01,371.37,
1997-09-30,370.75,
1997-09-29,370.66999999999996,
1997-09-25,369.93,
1997-09-24,369.45500000000004,
1997-09-23,367.48,
1997-09-22,365.125,
1997-09-18,363.96,
1997-09-17,363.17499999999995,
1997-09-16,362.31,
1997-09-15,360.985,
1997-09-11,359.52,
1997-09-10,353.70000000000005,
1997-09-09,345.32500000000005,
1997-09-08,340.645,
1997-09-04,338.46500000000003,
1997-09-03,337.33500000000004,
1997-09-02,336.865,
1997-09-01,335.895,
1997-08-28,335.19,
1997-08-27,335.16499999999996,
1997-08-26,334.875,
1997-08-25,334.555,
1997-08-21,334.555,
1997-08-20,334.555,
1997-08-19,334.555,
1997-08-18,334.555,
1997-08-15,334.555,
1997-08-14,334.555,
1997-08-13,334.555,
1997-08-12,334.89,
1997-08-11,335.20500000000004,
1997-08-08,,
1997-08-07,,
1997-08-06,,
1997-08-05,,
1997-08-04,,
1997-07-30,,
1997-07-29,,
1997-07-28,,
1997-07-24,,
1997-07-22,,
1997-07-21,,
1997-07-16,,
1997-07-15,,
1997-07-14,,
1997-07-10,,
1997-07-09,,
1997-07-08,,
1997-07-07,,
1997-07-03,,
1997-07-02,,
