Date,MMIN_10,MMIN_20
2012-05-10,588.06,546.76
2012-05-09,578.91,546.76
2012-05-08,578.91,546.76
2012-05-07,578.91,546.76
2012-05-03,547.74,546.76
2012-05-02,546.76,546.76
2012-04-30,546.76,546.76
2012-04-26,546.76,546.76
2012-04-24,546.76,546.76
2012-04-23,546.76,546.76
2012-04-19,546.76,546.76
2012-04-18,546.76,546.76
2012-04-17,546.76,546.76
2012-04-12,546.76,546.76
2012-04-11,546.76,546.76
2012-04-10,562.13,562.13
2012-04-09,625.25,625.25
2012-04-05,625.86,625.86
2012-04-04,645.25,645.25
2012-04-03,652.88,586.67
2012-04-02,656.6,577.94
2012-03-29,656.6,544.89
2012-03-28,656.6,525.61
2012-03-27,656.6,525.61
2012-03-26,703.22,525.61
2012-03-22,703.22,525.61
2012-03-21,703.22,525.61
2012-03-20,703.22,510.57
2012-03-19,709.86,425.41
2012-03-15,709.86,375.6
2012-03-14,709.86,375.6
2012-03-13,729.9,375.6
2012-03-12,690.78,365.77
2012-03-08,690.78,350.41
2012-03-07,690.78,347.04
2012-03-06,680.48,338.18
2012-03-05,680.48,312.38
2012-03-01,680.48,312.38
2012-02-29,680.48,312.38
2012-02-28,586.67,312.38
2012-02-27,577.94,312.38
2012-02-23,544.89,312.38
2012-02-22,525.61,298.12
2012-02-21,525.61,298.12
2012-02-20,525.61,298.12
2012-02-16,525.61,298.12
2012-02-15,525.61,298.12
2012-02-14,510.57,298.12
2012-02-13,425.41,298.12
2012-02-09,375.6,298.12
2012-02-08,375.6,298.12
2012-02-07,375.6,298.12
2012-02-06,365.77,298.12
2012-02-02,350.41,298.12
2012-02-01,347.04,298.12
2012-01-31,338.18,298.12
2012-01-30,312.38,298.12
2012-01-26,312.38,298.12
2012-01-24,312.38,298.12
2012-01-19,312.38,298.12
2012-01-18,312.38,298.12
2012-01-17,312.38,298.12
2012-01-16,298.12,298.12
2012-01-12,298.12,298.12
2012-01-11,298.12,298.12
2012-01-10,298.12,298.12
2012-01-09,298.12,298.12
2012-01-05,298.12,298.12
2012-01-04,298.12,298.12
2012-01-03,298.12,298.12
2012-01-02,298.12,298.12
2011-12-29,298.12,298.12
2011-12-28,310.82,304.51
2011-12-27,341.86,304.51
2011-12-21,345.64,304.51
2011-12-20,376.99,304.51
2011-12-19,399.92,304.51
2011-12-15,399.92,304.51
2011-12-14,345.25,304.51
2011-12-13,327.37,304.51
2011-12-12,304.51,304.51
2011-12-08,304.51,304.51
2011-12-07,304.51,304.51
2011-12-06,304.51,304.51
2011-12-05,304.51,304.51
2011-12-01,304.51,304.51
2011-11-30,304.51,304.51
2011-11-29,304.51,304.51
2011-11-24,304.51,304.51
2011-11-23,304.51,304.51
2011-11-22,365.42,365.42
2011-11-21,449.92,422.31
2011-11-17,460.24,422.31
2011-11-16,460.24,422.31
2011-11-15,460.24,422.31
2011-11-14,519.42,422.31
2011-11-10,503.95,422.31
2011-11-02,503.95,422.31
2011-11-01,487.23,422.31
2011-10-31,457.31,422.31
2011-10-27,448.68,422.31
2011-10-26,422.31,422.31
2011-10-25,422.31,422.31
2011-10-24,422.31,422.31
2011-10-20,422.31,422.31
2011-10-19,422.31,422.31
2011-10-18,422.31,422.31
2011-10-17,422.31,422.31
2011-10-13,422.31,422.31
2011-10-12,422.31,422.31
2011-10-11,422.31,422.31
2011-10-10,424.75,424.75
2011-10-05,448.55,448.55
2011-10-04,463.18,463.18
2011-10-03,463.18,463.18
2011-09-28,533.76,533.76
2011-09-26,549.82,549.82
2011-09-22,575.57,575.57
2011-09-21,575.57,575.57
2011-09-20,575.57,575.57
2011-09-19,575.57,575.57
2011-09-15,609.28,609.28
2011-09-14,626.04,626.04
2011-09-13,645.91,641.99
2011-09-12,646.3,641.99
2011-09-08,646.3,641.99
2011-09-07,641.99,641.99
2011-09-06,641.99,641.99
2011-09-05,641.99,641.99
2011-08-25,641.99,641.99
2011-08-24,641.99,641.99
2011-08-23,641.99,641.99
2011-08-22,641.99,641.99
2011-08-18,641.99,641.99
2011-08-17,641.99,641.99
2011-08-16,641.99,641.99
2011-08-11,659.66,659.66
2011-08-10,675.91,675.91
2011-08-08,743.12,737.84
2011-08-03,750.94,737.84
2011-08-02,760.97,737.84
2011-08-01,760.97,737.84
2011-07-28,737.84,737.84
2011-07-27,737.84,737.84
2011-07-26,737.84,737.84
2011-07-25,737.84,737.84
2011-07-21,737.84,737.84
2011-07-20,737.84,737.84
2011-07-19,737.84,737.84
2011-07-18,737.84,737.84
2011-07-14,737.84,737.84
2011-07-13,737.84,737.84
2011-07-12,760.97,760.97
2011-07-11,760.97,760.97
2011-07-07,760.97,760.97
2011-07-06,760.97,760.97
2011-07-05,760.97,760.97
2011-07-04,760.97,760.97
2011-06-30,760.97,760.97
2011-06-29,760.97,760.97
2011-06-28,760.97,760.97
2011-06-27,760.97,760.97
2011-06-23,760.97,760.21
2011-06-22,760.97,747.36
2011-06-21,760.97,747.36
2011-06-20,760.97,746.98
2011-06-15,760.97,738.09
2011-06-14,760.97,738.09
2011-06-13,760.97,728.65
2011-06-09,760.97,728.65
2011-06-08,760.97,728.65
2011-06-07,760.97,728.65
2011-06-06,760.97,728.65
2011-06-02,760.97,728.65
2011-06-01,760.97,728.65
2011-05-31,760.97,728.65
2011-05-26,760.97,728.65
2011-05-25,760.97,728.65
2011-05-24,760.97,728.65
2011-05-23,760.97,728.65
2011-05-19,760.97,728.65
2011-05-18,760.97,728.65
2011-05-17,760.21,728.65
2011-05-16,747.36,728.65
2011-05-12,747.36,728.65
2011-05-11,746.98,728.65
2011-05-10,738.09,728.65
2011-05-09,738.09,728.65
2011-05-05,728.65,728.65
2011-05-04,728.65,728.65
2011-05-03,728.65,728.65
2011-05-02,728.65,728.65
2011-04-28,728.65,728.65
2011-04-27,728.65,728.65
2011-04-26,728.65,728.65
2011-04-21,728.65,728.65
2011-04-20,728.65,728.65
2011-04-19,728.65,728.65
2011-04-18,760.97,760.97
2011-04-14,760.97,760.97
2011-04-13,760.97,760.97
2011-04-12,760.97,760.97
2011-04-11,760.97,760.97
2011-04-07,760.97,760.97
2011-04-06,760.97,760.97
2011-04-05,760.97,760.97
2011-04-04,760.97,760.97
2011-03-31,760.97,760.97
2011-03-30,1396.87,1396.87
2011-03-24,1396.87,1396.87
2011-01-20,1413.09,1413.09
2011-01-18,1482.2,1428.78
2011-01-17,1482.51,1428.78
2011-01-13,1472.32,1428.78
2011-01-12,1458.11,1428.78
2011-01-11,1458.11,1428.78
2011-01-10,1450.18,1419.11
2011-01-06,1450.18,1405.67
2011-01-05,1450.18,1401.29
2011-01-04,1450.18,1401.29
2011-01-03,1450.18,1401.29
2010-12-30,1450.18,1401.29
2010-12-29,1450.18,1401.29
2010-12-28,1450.18,1401.29
2010-12-27,1450.18,1401.29
2010-12-23,1428.78,1401.29
2010-12-22,1428.78,1401.29
2010-12-21,1428.78,1401.29
2010-12-20,1428.78,1401.29
2010-12-16,1428.78,1401.29
2010-12-15,1428.78,1401.29
2010-12-14,1428.78,1401.29
2010-12-13,1428.78,1401.29
2010-12-09,1428.78,1401.29
2010-12-08,1428.78,1401.29
2010-12-02,1431.78,1401.29
2010-12-01,1419.11,1401.29
2010-11-30,1405.67,1401.29
2010-11-29,1401.29,1401.29
2010-11-25,1401.29,1401.29
2010-11-24,1401.29,1401.29
2010-11-23,1401.29,1401.29
2010-11-22,1401.29,1401.29
2010-11-11,1401.29,1401.29
2010-11-10,1401.29,1401.29
2010-11-04,1401.29,1387.91
2010-11-03,1401.29,1377.41
2010-11-02,1401.29,1377.41
2010-11-01,1429.2,1377.41
2010-10-28,1429.2,1377.41
2010-10-27,1456.27,1368.13
2010-10-26,1456.27,1368.13
2010-10-25,1456.27,1368.13
2010-10-21,1445.13,1368.13
2010-10-20,1445.13,1368.13
2010-10-19,1445.13,1368.13
2010-10-18,1445.13,1368.13
2010-10-14,1445.13,1368.13
2010-10-13,1445.13,1363.67
2010-10-12,1441.9,1363.67
2010-10-11,1428.37,1363.67
2010-10-05,1411.14,1363.67
2010-10-04,1411.14,1363.67
2010-09-30,1411.14,1363.67
2010-09-29,1411.14,1363.67
2010-09-28,1387.91,1363.67
2010-09-27,1377.41,1363.67
2010-09-23,1377.41,1352.78
2010-09-22,1377.41,1346.89
2010-09-21,1377.41,1332.93
2010-09-20,1368.13,1315.13
2010-09-16,1368.13,1308.03
2010-09-15,1368.13,1300.05
2010-09-14,1368.13,1300.05
2010-09-13,1368.13,1300.05
2010-09-08,1368.13,1300.05
2010-09-07,1368.13,1300.05
2010-09-06,1368.13,1287.12
2010-09-02,1363.67,1287.12
2010-09-01,1363.67,1281.24
2010-08-31,1363.67,1281.24
2010-08-30,1363.67,1277.01
2010-08-26,1363.67,1277.01
2010-08-24,1363.67,1277.01
2010-08-23,1363.67,1277.01
2010-08-19,1363.67,1277.01
2010-08-18,1363.67,1277.01
2010-08-17,1352.78,1277.01
2010-08-16,1346.89,1277.01
2010-08-12,1332.93,1277.01
2010-08-11,1315.13,1277.01
2010-08-10,1308.03,1277.01
2010-08-09,1300.05,1277.01
2010-08-05,1300.05,1277.01
2010-08-04,1300.05,1277.01
2010-08-03,1300.05,1277.01
2010-08-02,1300.05,1277.01
2010-07-29,1287.12,1277.01
2010-07-27,1287.12,1277.01
2010-07-26,1281.24,1277.01
2010-07-22,1281.24,1277.01
2010-07-21,1277.01,1277.01
2010-07-20,1277.01,1277.01
2010-07-19,1277.01,1277.01
2010-07-15,1277.01,1277.01
2010-07-14,1277.01,1277.01
2010-07-13,1277.01,1277.01
2010-07-12,1277.01,1277.01
2010-07-08,1277.01,1277.01
2010-07-07,1277.01,1277.01
2010-07-06,1277.01,1277.01
2010-07-05,1328.95,1311.6
2010-06-30,1342.81,1311.6
2010-06-29,1365.97,1311.6
2010-06-28,1365.97,1311.6
2010-06-24,1365.97,1311.6
2010-06-23,1365.97,1311.6
2010-06-22,1365.97,1311.6
2010-06-21,1365.97,1311.6
2010-06-17,1365.97,1311.6
2010-06-16,1365.97,1311.6
2010-06-15,1365.97,1311.6
2010-06-14,1365.97,1311.6
2010-06-10,1311.6,1311.6
2010-06-09,1311.6,1311.6
2010-06-08,1311.6,1311.6
2010-06-07,1311.6,1311.6
2010-06-03,1311.6,1311.6
2010-06-02,1311.6,1311.6
2010-06-01,1311.6,1311.6
2010-05-31,1311.6,1311.6
2010-05-27,1311.6,1311.6
2010-05-26,1311.6,1311.6
2010-05-25,1388.58,1388.58
2010-05-24,1434.14,1434.14
2010-05-20,1448.67,1448.67
2010-05-19,1495.74,1495.74
2010-05-18,1495.74,1495.74
2010-05-17,1561.0,1522.69
2010-05-13,1562.32,1465.83
2010-05-12,1562.32,1465.83
2010-05-11,1569.24,1448.01
2010-05-10,1569.24,1438.65
2010-05-06,1569.24,1414.69
2010-05-05,1599.17,1414.69
2010-05-04,1603.52,1414.69
2010-05-03,1617.26,1414.69
2010-04-29,1617.26,1414.69
2010-04-28,1617.26,1414.69
2010-04-27,1617.26,1414.69
2010-04-26,1617.26,1414.69
2010-04-22,1627.89,1414.69
2010-04-21,1593.39,1414.69
2010-04-20,1562.62,1414.69
2010-04-19,1559.36,1414.69
2010-04-15,1559.36,1414.69
2010-04-14,1541.73,1414.69
2010-04-13,1523.65,1414.69
2010-04-12,1522.69,1414.69
2010-04-08,1465.83,1414.69
2010-04-07,1465.83,1414.69
2010-04-06,1448.01,1414.69
2010-04-01,1438.65,1414.69
2010-03-31,1414.69,1414.69
2010-03-30,1414.69,1414.69
2010-03-29,1414.69,1414.69
2010-03-25,1414.69,1414.69
2010-03-24,1414.69,1414.69
2010-03-23,1414.69,1414.69
2010-03-22,1414.69,1414.69
2010-03-18,1414.69,1414.69
2010-03-17,1414.69,1414.69
2010-03-16,1414.69,1414.69
2010-03-15,1518.17,1518.09
2010-03-11,1518.09,1518.09
2010-03-10,1518.09,1516.35
2010-03-09,1518.09,1516.35
2010-03-08,1518.09,1505.29
2010-03-04,1518.09,1471.26
2010-03-03,1518.09,1447.88
2010-03-02,1518.09,1400.5
2010-03-01,1518.09,1397.15
2010-02-25,1518.09,1397.01
2010-02-24,1518.09,1397.01
2010-02-23,1550.79,1397.01
2010-02-22,1584.51,1397.01
2010-02-18,1573.18,1397.01
2010-02-17,1558.87,1397.01
2010-02-16,1555.56,1397.01
2010-02-15,1531.59,1397.01
2010-02-11,1520.67,1397.01
2010-02-10,1520.67,1397.01
2010-02-09,1520.67,1397.01
2010-02-08,1520.67,1397.01
2010-02-04,1520.67,1397.01
2010-02-03,1516.35,1397.01
2010-02-02,1516.35,1397.01
2010-02-01,1505.29,1397.01
2010-01-28,1471.26,1397.01
2010-01-27,1447.88,1397.01
2010-01-26,1400.5,1397.01
2010-01-21,1397.15,1397.01
2010-01-20,1397.01,1397.01
2010-01-19,1397.01,1397.01
2010-01-18,1397.01,1397.01
2010-01-13,1397.01,1397.01
2010-01-12,1397.01,1397.01
2010-01-11,1397.01,1397.01
2010-01-06,1397.01,1397.01
2010-01-04,1397.01,1397.01
2009-12-31,1397.01,1397.01
2009-12-30,1397.01,1397.01
2009-12-29,1432.07,1419.15
2009-12-24,1432.07,1419.15
2009-12-23,1432.07,1419.15
2009-12-22,1432.07,1419.15
2009-12-21,1419.15,1419.15
2009-12-17,1419.15,1419.15
2009-12-16,1419.15,1419.15
2009-12-14,1419.15,1419.15
2009-12-10,1419.15,1419.15
2009-12-09,1419.15,1419.15
2009-12-08,1419.15,1419.15
2009-12-03,1419.15,1419.15
2009-12-02,1419.15,1419.15
2009-12-01,1419.15,1419.15
2009-11-30,1500.43,1500.43
2009-11-25,1500.43,1500.43
2009-11-24,1500.43,1500.43
2009-11-23,1500.43,1500.43
2009-11-19,1504.73,1504.73
2009-11-18,1543.97,1543.97
2009-11-17,1596.61,1596.61
2009-11-16,1596.61,1596.61
2009-11-12,1596.61,1596.61
2009-11-11,1596.61,1596.61
2009-11-10,1596.61,1596.61
2009-11-09,1596.61,1596.61
2009-11-05,1623.07,1623.07
2009-11-04,1623.07,1623.07
2009-11-03,1712.84,1690.71
2009-11-02,1734.09,1682.72
2009-10-29,1729.74,1682.72
2009-10-28,1729.74,1682.72
2009-10-27,1729.74,1682.72
2009-10-26,1729.74,1682.72
2009-10-22,1729.74,1681.3
2009-10-21,1729.74,1642.89
2009-10-20,1729.74,1610.57
2009-10-19,1729.74,1610.57
2009-10-15,1729.74,1610.57
2009-10-14,1729.74,1610.57
2009-10-13,1734.96,1610.57
2009-10-12,1734.96,1610.57
2009-10-08,1759.48,1610.57
2009-10-07,1754.46,1610.57
2009-10-05,1746.6,1610.57
2009-10-01,1746.6,1610.57
2009-09-29,1746.6,1610.57
2009-09-28,1720.04,1610.57
2009-09-24,1690.71,1610.57
2009-09-23,1682.72,1610.57
2009-09-17,1682.72,1607.66
2009-09-16,1682.72,1603.42
2009-09-15,1682.72,1603.42
2009-09-14,1682.72,1603.42
2009-09-10,1681.3,1569.42
2009-09-08,1642.89,1523.71
2009-09-07,1610.57,1506.02
2009-09-03,1610.57,1468.74
2009-09-02,1610.57,1468.74
2009-09-01,1610.57,1468.74
2009-08-31,1610.57,1468.74
2009-08-27,1610.57,1468.74
2009-08-26,1610.57,1468.74
2009-08-25,1610.57,1468.74
2009-08-24,1610.57,1468.74
2009-08-20,1610.57,1468.74
2009-08-19,1626.79,1468.74
2009-08-18,1626.79,1468.74
2009-08-17,1622.83,1468.74
2009-08-13,1614.14,1468.74
2009-08-12,1607.66,1468.74
2009-08-11,1603.42,1468.74
2009-08-10,1603.42,1468.74
2009-08-06,1603.42,1468.74
2009-08-05,1569.42,1468.74
2009-08-04,1523.71,1468.74
2009-08-03,1506.02,1468.74
2009-07-30,1468.74,1468.74
2009-07-29,1468.74,1468.74
2009-07-28,1468.74,1468.74
2009-07-27,1468.74,1468.74
2009-07-22,1468.74,1468.74
2009-07-21,1468.74,1468.74
2009-07-20,1468.74,1468.74
2009-07-16,1468.74,1468.74
2009-07-15,1468.74,1468.74
2009-07-14,1468.74,1468.74
2009-07-13,1495.69,1495.69
2009-07-09,1495.69,1495.69
2009-07-08,1495.69,1495.69
2009-07-07,1495.69,1495.69
2009-07-06,1495.69,1495.69
2009-07-02,1495.69,1495.69
2009-06-30,1495.69,1495.69
2009-06-29,1495.69,1495.69
2009-06-25,1526.67,1520.09
2009-06-24,1544.62,1511.19
2009-06-23,1608.56,1511.19
2009-06-22,1644.48,1506.83
2009-06-18,1644.48,1478.68
2009-06-17,1644.48,1478.68
2009-06-16,1558.44,1478.68
2009-06-15,1558.44,1478.68
2009-06-11,1558.44,1478.68
2009-06-10,1558.44,1453.96
2009-06-09,1558.44,1433.88
2009-06-08,1558.44,1433.88
2009-06-04,1558.44,1433.88
2009-06-03,1558.44,1433.88
2009-06-02,1558.44,1433.88
2009-06-01,1558.44,1433.88
2009-05-28,1584.1,1383.21
2009-05-27,1584.1,1383.21
2009-05-26,1566.83,1383.21
2009-05-25,1539.34,1383.21
2009-05-21,1520.09,1383.21
2009-05-20,1511.19,1383.21
2009-05-19,1511.19,1383.21
2009-05-18,1506.83,1351.98
2009-05-14,1478.68,1343.77
2009-05-13,1478.68,1330.15
2009-05-12,1478.68,1321.71
2009-05-11,1478.68,1321.71
2009-05-07,1478.68,1321.71
2009-05-06,1453.96,1321.71
2009-05-05,1433.88,1321.71
2009-05-04,1433.88,1321.71
2009-04-30,1433.88,1312.8
2009-04-29,1433.88,1312.8
2009-04-28,1433.88,1310.23
2009-04-27,1433.88,1299.16
2009-04-23,1383.21,1287.35
2009-04-22,1383.21,1287.35
2009-04-21,1383.21,1287.35
2009-04-16,1383.21,1286.04
2009-04-14,1383.21,1286.04
2009-04-13,1383.21,1286.04
2009-04-09,1383.21,1286.04
2009-04-08,1351.98,1286.04
2009-04-07,1343.77,1286.04
2009-04-06,1330.15,1278.7
2009-04-02,1321.71,1278.7
2009-04-01,1321.71,1278.7
2009-03-31,1321.71,1278.7
2009-03-30,1321.71,1278.7
2009-03-26,1321.71,1278.7
2009-03-25,1321.71,1278.7
2009-03-23,1312.8,1278.7
2009-03-19,1312.8,1278.7
2009-03-18,1310.23,1278.7
2009-03-17,1299.16,1278.7
2009-03-16,1287.35,1278.7
2009-03-12,1287.35,1278.7
2009-03-11,1287.35,1278.7
2009-03-10,1286.04,1278.7
2009-03-05,1286.04,1278.7
2009-03-04,1286.04,1278.7
2009-03-03,1286.04,1278.7
2009-03-02,1286.04,1278.7
2009-02-26,1286.04,1278.7
2009-02-25,1278.7,1278.7
2009-02-24,1278.7,1278.7
2009-02-23,1278.7,1278.7
2009-02-19,1278.7,1278.7
2009-02-18,1278.7,1278.7
2009-02-17,1278.7,1278.7
2009-02-16,1278.7,1278.7
2009-02-12,1278.7,1278.7
2009-02-11,1278.7,1278.7
2009-02-10,1278.7,1278.7
2009-02-09,1285.1,1285.1
2009-02-05,1334.68,1334.68
2009-02-04,1344.47,1344.47
2009-02-03,1394.74,1394.74
2009-01-29,1394.74,1394.74
2009-01-28,1394.74,1394.74
2009-01-27,1394.74,1394.74
2009-01-26,1414.77,1414.77
2009-01-22,1424.59,1424.59
2009-01-21,1489.22,1458.89
2009-01-20,1541.33,1458.89
2009-01-19,1515.15,1458.89
2009-01-15,1515.15,1458.89
2009-01-14,1515.15,1458.89
2009-01-13,1515.15,1458.89
2009-01-12,1515.15,1458.89
2009-01-08,1515.15,1458.89
2009-01-06,1515.15,1458.89
2009-01-05,1515.15,1458.89
2008-12-31,1515.15,1458.89
2008-12-30,1515.15,1458.89
2008-12-24,1526.03,1458.89
2008-12-23,1526.03,1458.89
2008-12-22,1526.03,1458.89
2008-12-18,1526.03,1458.89
2008-12-17,1504.36,1458.89
2008-12-16,1458.89,1458.89
2008-12-15,1458.89,1458.89
2008-12-11,1458.89,1458.89
2008-12-10,1458.89,1458.89
2008-12-04,1458.89,1458.89
2008-12-03,1458.89,1458.89
2008-12-01,1458.89,1458.89
2008-11-27,1458.89,1458.89
2008-11-26,1458.89,1458.89
2008-11-25,1458.89,1458.89
2008-11-24,1510.47,1510.47
2008-11-20,1567.15,1567.15
2008-11-19,1596.15,1596.15
2008-11-18,1713.64,1650.43
2008-11-17,1725.13,1650.43
2008-11-13,1650.43,1650.43
2008-11-12,1650.43,1650.43
2008-11-11,1650.43,1650.43
2008-11-10,1650.43,1650.43
2008-11-06,1650.43,1650.43
2008-11-05,1650.43,1650.43
2008-11-04,1650.43,1650.43
2008-11-03,1650.43,1650.43
2008-10-29,1650.43,1650.43
2008-10-28,1650.43,1650.43
2008-10-27,1757.8,1757.8
2008-10-23,1821.08,1821.08
2008-10-22,1993.78,1993.78
2008-10-20,1993.78,1993.78
2008-10-16,1993.78,1993.78
2008-10-15,1993.78,1993.78
2008-10-14,1993.78,1993.78
2008-10-13,1993.78,1993.78
2008-10-09,1993.78,1993.78
2008-10-08,2090.72,2090.72
2008-10-07,2325.24,2325.24
2008-09-29,2325.24,2325.24
2008-09-25,2336.61,2336.61
2008-09-24,2377.51,2377.51
2008-09-23,2377.51,2377.51
2008-09-22,2377.51,2377.51
2008-09-18,2447.61,2447.61
2008-09-17,2447.61,2447.61
2008-09-16,2544.16,2544.16
2008-09-15,2659.19,2553.91
2008-09-11,2620.83,2553.91
2008-09-10,2620.83,2553.91
2008-09-09,2597.48,2553.91
2008-09-08,2553.91,2553.91
2008-09-04,2553.91,2553.91
2008-09-03,2553.91,2553.91
2008-09-02,2553.91,2553.91
2008-09-01,2553.91,2553.91
2008-08-28,2553.91,2553.91
2008-08-27,2553.91,2553.91
2008-08-26,2553.91,2553.91
2008-08-25,2553.91,2553.91
2008-08-21,2553.91,2553.91
2008-08-20,2587.43,2587.43
2008-08-19,2587.43,2587.43
2008-08-18,2587.43,2587.43
2008-08-14,2587.43,2587.43
2008-08-13,2692.43,2692.43
2008-08-12,2771.73,2771.73
2008-08-11,2865.58,2865.58
2008-08-07,2865.58,2865.58
2008-08-06,2865.58,2865.58
2008-08-05,2887.45,2887.45
2008-08-04,2917.09,2917.09
2008-07-31,2959.41,2959.41
2008-07-30,2989.55,2989.55
2008-07-29,3000.32,3000.32
2008-07-28,3000.32,3000.32
2008-07-24,3000.32,3000.32
2008-07-22,3020.35,3020.35
2008-07-21,3020.35,3020.35
2008-07-17,3070.06,3070.06
2008-07-16,3174.07,3174.07
2008-07-15,3174.07,3174.07
2008-07-14,3174.07,3174.07
2008-07-10,3174.07,3174.07
2008-07-09,3174.07,3174.07
2008-07-08,3174.07,3174.07
2008-07-07,3329.67,3329.67
2008-07-03,3329.67,3329.67
2008-07-02,3329.67,3329.67
2008-06-30,3413.39,3351.03
2008-06-26,3454.72,3351.03
2008-06-25,3517.81,3351.03
2008-06-24,3517.81,3351.03
2008-06-23,3517.81,3351.03
2008-06-19,3601.8,3351.03
2008-06-18,3612.85,3351.03
2008-06-17,3612.85,3351.03
2008-06-16,3612.85,3351.03
2008-06-12,3612.85,3351.03
2008-06-11,3612.85,3351.03
2008-06-10,3539.32,3351.03
2008-06-09,3515.94,3351.03
2008-06-05,3515.94,3351.03
2008-06-04,3458.5,3351.03
2008-06-03,3351.03,3351.03
2008-06-02,3351.03,3351.03
2008-05-29,3351.03,3351.03
2008-05-28,3351.03,3351.03
2008-05-27,3351.03,3351.03
2008-05-26,3351.03,3351.03
2008-05-22,3351.03,3351.03
2008-05-21,3351.03,3351.03
2008-05-20,3351.03,3351.03
2008-05-19,3351.03,3351.03
2008-05-15,3501.29,3501.29
2008-05-14,3536.18,3536.18
2008-05-13,3639.33,3639.33
2008-05-12,3798.54,3683.86
2008-05-08,3818.71,3683.86
2008-05-07,3772.57,3683.86
2008-05-06,3772.57,3683.86
2008-05-05,3772.57,3683.86
2008-04-30,3772.57,3683.86
2008-04-29,3772.57,3683.86
2008-04-24,3772.57,3658.34
2008-04-23,3772.57,3658.34
2008-04-22,3772.57,3616.83
2008-04-21,3772.57,3616.83
2008-04-17,3772.57,3614.86
2008-04-16,3782.77,3522.04
2008-04-15,3744.23,3462.57
2008-04-14,3744.23,3338.37
2008-04-10,3742.05,3291.94
2008-04-09,3704.07,3241.44
2008-04-08,3704.07,3241.44
2008-04-07,3683.86,3241.44
2008-04-03,3683.86,3241.44
2008-04-02,3683.86,3241.44
2008-04-01,3683.86,3241.44
2008-03-31,3683.86,3241.44
2008-03-27,3683.86,3241.44
2008-03-26,3683.86,3241.44
2008-03-25,3683.86,3241.44
2008-03-24,3683.86,3241.44
2008-03-19,3658.34,3241.44
2008-03-18,3658.34,3192.69
2008-03-17,3616.83,3192.69
2008-03-13,3616.83,3192.69
2008-03-12,3614.86,3192.69
2008-03-11,3522.04,3192.69
2008-03-10,3462.57,3192.69
2008-03-06,3338.37,3192.69
2008-03-05,3291.94,3192.69
2008-03-04,3241.44,3192.69
2008-03-03,3241.44,3192.69
2008-02-28,3241.44,3192.69
2008-02-27,3241.44,3192.69
2008-02-26,3241.44,3192.69
2008-02-25,3241.44,3192.69
2008-02-21,3241.44,3192.69
2008-02-20,3241.44,3192.69
2008-02-14,3241.44,3192.69
2008-02-13,3241.44,3192.18
2008-02-12,3254.24,3192.18
2008-02-11,3258.5,3192.18
2008-02-07,3192.69,3192.18
2008-02-06,3192.69,3192.18
2008-02-05,3192.69,3192.18
2008-02-04,3192.69,3192.18
2008-01-31,3192.69,3192.18
2008-01-30,3192.69,3192.18
2008-01-29,3192.69,3192.18
2008-01-28,3192.69,3192.18
2008-01-24,3192.69,3192.18
2008-01-23,3192.69,3192.18
2008-01-22,3280.55,3192.18
2008-01-21,3386.5,3163.05
2008-01-17,3352.32,3150.79
2008-01-16,3352.32,3112.85
2008-01-15,3304.03,3112.85
2008-01-14,3260.11,3112.85
2008-01-10,3217.66,3112.85
2008-01-08,3192.18,3112.85
2008-01-03,3192.18,3112.85
2008-01-02,3192.18,3112.85
2007-12-31,3192.18,3112.85
2007-12-27,3192.18,3112.85
2007-12-26,3192.18,3112.85
2007-12-24,3192.18,3111.42
2007-12-17,3192.18,3091.73
2007-12-13,3192.18,3067.99
2007-12-12,3192.18,3045.88
2007-12-11,3193.19,3045.88
2007-12-10,3193.19,3045.88
2007-12-06,3193.19,3045.88
2007-12-05,3193.19,3028.05
2007-12-04,3163.05,3013.28
2007-12-03,3150.79,3003.55
2007-11-29,3112.85,2989.96
2007-11-28,3112.85,2959.39
2007-11-27,3112.85,2959.39
2007-11-26,3112.85,2959.39
2007-11-22,3112.85,2954.51
2007-11-21,3112.85,2929.41
2007-11-20,3112.85,2902.51
2007-11-19,3112.85,2876.77
2007-11-15,3112.85,2876.77
2007-11-14,3112.85,2876.77
2007-11-13,3111.42,2876.77
2007-11-12,3091.73,2876.77
2007-11-08,3067.99,2876.77
2007-11-07,3045.88,2875.32
2007-11-06,3045.88,2875.32
2007-11-05,3045.88,2867.09
2007-11-01,3045.88,2822.81
2007-10-31,3028.05,2822.81
2007-10-30,3013.28,2808.09
2007-10-29,3003.55,2803.15
2007-10-25,2989.96,2763.79
2007-10-24,2959.39,2691.59
2007-10-23,2959.39,2673.75
2007-10-22,2959.39,2673.75
2007-10-18,2954.51,2673.75
2007-10-17,2929.41,2643.44
2007-10-16,2902.51,2640.22
2007-10-11,2876.77,2622.22
2007-10-10,2876.77,2622.22
2007-10-09,2876.77,2622.22
2007-10-08,2876.77,2622.22
2007-10-04,2876.77,2622.22
2007-10-03,2876.77,2622.22
2007-10-02,2875.32,2622.22
2007-10-01,2875.32,2622.22
2007-09-27,2867.09,2622.22
2007-09-26,2822.81,2622.22
2007-09-25,2822.81,2622.22
2007-09-24,2808.09,2622.22
2007-09-20,2803.15,2622.22
2007-09-19,2763.79,2622.22
2007-09-18,2691.59,2622.22
2007-09-17,2673.75,2622.22
2007-09-13,2673.75,2622.22
2007-09-12,2673.75,2622.22
2007-09-11,2643.44,2622.22
2007-09-10,2640.22,2622.22
2007-09-06,2622.22,2622.22
2007-09-05,2622.22,2622.22
2007-09-04,2622.22,2622.22
2007-09-03,2622.22,2622.22
2007-08-30,2622.22,2622.22
2007-08-29,2622.22,2622.22
2007-08-28,2622.22,2622.22
2007-08-27,2622.22,2622.22
2007-08-23,2622.22,2622.22
2007-08-22,2622.22,2622.22
2007-08-21,2650.37,2650.37
2007-08-20,2686.27,2686.27
2007-08-16,2727.73,2725.22
2007-08-14,2758.7,2725.22
2007-08-13,2796.7,2725.22
2007-08-09,2796.7,2725.22
2007-08-08,2796.7,2723.17
2007-08-07,2796.7,2700.75
2007-08-06,2798.28,2700.75
2007-08-02,2798.43,2700.75
2007-08-01,2803.47,2700.75
2007-07-31,2803.47,2700.75
2007-07-30,2858.33,2700.75
2007-07-26,2858.33,2700.75
2007-07-25,2823.37,2700.75
2007-07-24,2814.35,2700.75
2007-07-19,2779.77,2700.75
2007-07-18,2733.69,2672.09
2007-07-17,2727.35,2654.36
2007-07-13,2727.35,2636.55
2007-07-12,2725.22,2616.16
2007-07-11,2725.22,2616.16
2007-07-10,2725.22,2606.05
2007-07-09,2725.22,2595.89
2007-07-04,2725.22,2595.89
2007-07-03,2725.22,2595.89
2007-07-02,2723.17,2595.89
2007-06-28,2700.75,2595.89
2007-06-27,2700.75,2595.89
2007-06-26,2700.75,2595.89
2007-06-25,2700.75,2580.33
2007-06-21,2700.75,2578.56
2007-06-20,2700.75,2557.35
2007-06-19,2700.75,2543.2
2007-06-18,2700.75,2505.33
2007-06-15,2700.75,2496.92
2007-06-14,2700.75,2496.92
2007-06-13,2672.09,2496.92
2007-06-12,2654.36,2496.92
2007-06-11,2636.55,2496.92
2007-06-07,2616.16,2496.92
2007-06-06,2616.16,2496.92
2007-06-05,2606.05,2496.92
2007-06-04,2595.89,2496.92
2007-05-31,2595.89,2492.37
2007-05-30,2595.89,2477.81
2007-05-29,2595.89,2477.81
2007-05-28,2595.89,2477.81
2007-05-24,2595.89,2477.81
2007-05-23,2595.89,2477.81
2007-05-22,2580.33,2477.81
2007-05-21,2578.56,2477.81
2007-05-17,2557.35,2477.81
2007-05-16,2543.2,2477.81
2007-05-15,2505.33,2477.81
2007-05-14,2496.92,2477.81
2007-05-10,2496.92,2477.48
2007-05-09,2496.92,2477.48
2007-05-08,2496.92,2471.06
2007-05-07,2496.92,2471.06
2007-05-03,2496.92,2451.33
2007-05-02,2496.92,2415.28
2007-04-30,2496.92,2396.83
2007-04-26,2496.92,2396.83
2007-04-24,2492.37,2396.83
2007-04-23,2477.81,2396.83
2007-04-19,2477.81,2396.83
2007-04-18,2477.81,2396.83
2007-04-17,2477.81,2396.83
2007-04-16,2477.81,2396.83
2007-04-12,2477.81,2396.83
2007-04-11,2477.81,2396.83
2007-04-10,2477.81,2396.83
2007-04-05,2477.81,2396.83
2007-04-04,2477.81,2383.94
2007-04-03,2477.85,2375.2
2007-04-02,2477.48,2362.0
2007-03-29,2477.48,2337.35
2007-03-28,2471.06,2299.66
2007-03-27,2471.06,2299.4
2007-03-26,2451.33,2280.1
2007-03-22,2415.28,2273.45
2007-03-21,2396.83,2243.94
2007-03-20,2396.83,2243.94
2007-03-19,2396.83,2243.94
2007-03-15,2396.83,2243.94
2007-03-14,2396.83,2243.94
2007-03-13,2396.83,2243.94
2007-03-12,2396.83,2243.94
2007-03-08,2396.83,2243.94
2007-03-07,2396.83,2243.94
2007-03-06,2396.83,2243.94
2007-03-05,2436.64,2243.94
2007-03-01,2402.14,2243.94
2007-02-28,2383.94,2243.94
2007-02-27,2375.2,2243.94
2007-02-26,2362.0,2243.94
2007-02-22,2337.35,2243.94
2007-02-21,2299.66,2243.94
2007-02-20,2299.4,2243.94
2007-02-19,2280.1,2243.94
2007-02-15,2273.45,2243.94
2007-02-14,2243.94,2243.94
2007-02-13,2243.94,2243.94
2007-02-12,2243.94,2243.94
2007-02-08,2243.94,2243.94
2007-02-07,2243.94,2243.94
2007-02-06,2243.94,2243.94
2007-02-05,2243.94,2243.94
2007-02-01,2243.94,2243.94
2007-01-31,2243.94,2243.94
2007-01-30,2243.94,2243.2
2007-01-29,2306.07,2243.2
2007-01-25,2343.93,2243.2
2007-01-24,2367.09,2243.2
2007-01-23,2367.67,2243.2
2007-01-22,2371.93,2243.2
2007-01-18,2380.84,2243.2
2007-01-17,2342.96,2243.2
2007-01-16,2308.49,2242.96
2007-01-15,2298.2,2213.21
2007-01-11,2298.2,1685.75
2007-01-10,2298.2,1685.75
2007-01-09,2298.2,1685.75
2007-01-08,2298.2,1685.75
2007-01-04,2298.2,1685.75
2007-01-03,2298.2,1685.75
2006-12-28,2298.2,1685.75
2006-12-27,2297.36,1685.75
2006-12-26,2289.71,1685.75
2006-12-25,2279.5,1685.75
2006-12-21,2243.2,1685.75
2006-12-20,2243.2,1685.75
2006-12-19,2243.2,1685.75
2006-12-18,2243.2,1685.75
2006-12-14,2243.2,1685.75
2006-12-13,2243.2,1685.75
2006-12-12,2243.2,1685.75
2006-12-11,2243.2,1685.75
2006-12-07,2242.96,1685.75
2006-12-06,2213.21,1685.75
2006-12-05,1685.75,1685.75
2006-12-04,1685.75,1685.75
2006-11-30,1685.75,1685.75
2006-11-29,1685.75,1685.75
2006-11-28,1685.75,1685.75
2006-11-27,1685.75,1685.75
2006-11-23,1685.75,1685.75
2006-11-22,1685.75,1685.75
2006-11-21,1685.75,1685.75
2006-11-20,1685.75,1685.75
2006-11-17,2203.51,2152.19
2006-11-16,2203.51,2134.24
2006-11-15,2203.51,2120.86
2006-11-14,2194.5,2093.42
2006-11-13,2191.87,2087.34
2006-11-09,2191.87,2075.8
2006-11-08,2191.87,2068.33
2006-11-07,2182.89,2068.33
2006-11-06,2154.9,2068.33
2006-11-02,2152.19,2068.33
2006-11-01,2152.19,2068.33
2006-10-31,2152.19,2068.33
2006-10-30,2152.19,2068.33
2006-10-19,2152.19,2068.33
2006-10-18,2152.19,2044.98
2006-10-17,2152.19,1998.79
2006-10-16,2152.19,1998.64
2006-10-12,2152.19,1998.6
2006-10-11,2152.19,1949.09
2006-10-10,2177.04,1949.09
2006-10-09,2193.27,1949.09
2006-10-04,2134.24,1949.09
2006-10-03,2120.86,1949.07
2006-10-02,2093.42,1949.07
2006-09-28,2087.34,1949.07
2006-09-27,2075.8,1949.07
2006-09-26,2068.33,1941.07
2006-09-25,2068.33,1941.07
2006-09-21,2068.33,1941.07
2006-09-20,2068.33,1922.2
2006-09-19,2068.33,1880.66
2006-09-18,2068.33,1838.21
2006-09-14,2068.33,1800.7
2006-09-13,2068.33,1775.62
2006-09-12,2044.98,1730.72
2006-09-11,1998.79,1729.73
2006-09-07,1998.64,1729.73
2006-09-06,1998.6,1710.68
2006-09-05,1949.09,1710.68
2006-09-04,1949.09,1710.68
2006-08-31,1949.09,1710.68
2006-08-30,1949.09,1710.68
2006-08-29,1949.07,1710.68
2006-08-28,1949.07,1710.68
2006-08-24,1949.07,1710.68
2006-08-23,1949.07,1710.68
2006-08-22,1941.07,1696.93
2006-08-21,1941.07,1681.23
2006-08-17,1941.07,1657.42
2006-08-16,1922.2,1657.42
2006-08-15,1880.66,1657.42
2006-08-14,1838.21,1657.42
2006-08-10,1800.7,1657.42
2006-08-09,1775.62,1657.42
2006-08-08,1730.72,1657.42
2006-08-07,1729.73,1657.42
2006-08-03,1729.73,1657.42
2006-08-02,1710.68,1657.42
2006-08-01,1710.68,1657.42
2006-07-31,1710.68,1657.42
2006-07-27,1710.68,1657.42
2006-07-26,1710.68,1657.42
2006-07-25,1710.68,1657.42
2006-07-24,1710.68,1657.42
2006-07-20,1710.68,1657.42
2006-07-19,1710.68,1657.42
2006-07-18,1696.93,1657.42
2006-07-17,1681.23,1657.42
2006-07-13,1657.42,1657.42
2006-07-12,1657.42,1657.42
2006-07-11,1657.42,1657.42
2006-07-10,1657.42,1657.42
2006-07-06,1657.42,1657.42
2006-07-05,1657.42,1657.42
2006-07-04,1657.42,1657.42
2006-07-03,1657.42,1657.42
2006-06-29,1657.42,1657.42
2006-06-28,1657.42,1657.42
2006-06-27,1667.27,1667.27
2006-06-26,1670.59,1670.59
2006-06-22,1670.59,1670.59
2006-06-21,1670.59,1670.59
2006-06-20,1670.59,1670.59
2006-06-19,1670.59,1670.59
2006-06-15,1670.59,1670.59
2006-06-14,1733.66,1733.66
2006-06-13,1770.23,1770.23
2006-06-12,1785.84,1785.84
2006-06-08,1785.84,1785.84
2006-06-07,1785.84,1785.84
2006-06-06,1785.84,1785.84
2006-06-05,1785.84,1785.84
2006-06-01,1785.84,1785.84
2006-05-31,1785.84,1785.84
2006-05-29,1785.84,1785.84
2006-05-25,1792.57,1792.57
2006-05-24,1792.57,1792.57
2006-05-23,1900.33,1900.33
2006-05-22,2008.45,2008.45
2006-05-18,2008.45,2008.45
2006-05-16,2008.45,2008.45
2006-05-15,2064.49,2064.49
2006-05-11,2064.49,2064.49
2006-05-10,2066.57,2066.57
2006-05-09,2110.43,2083.42
2006-05-08,2110.43,2083.42
2006-05-04,2110.43,2083.42
2006-05-03,2110.43,2083.42
2006-05-02,2110.43,2083.42
2006-04-27,2110.43,2083.42
2006-04-26,2110.43,2083.42
2006-04-20,2110.43,2083.42
2006-04-19,2110.43,2083.42
2006-04-18,2140.68,2083.42
2006-04-17,2178.89,2083.42
2006-04-13,2178.89,2083.42
2006-04-12,2178.89,2083.42
2006-04-11,2178.89,2083.42
2006-04-06,2174.43,2083.42
2006-04-05,2174.43,2083.42
2006-04-04,2155.15,2083.42
2006-04-03,2143.35,2083.42
2006-03-30,2083.42,2083.42
2006-03-29,2083.42,2083.42
2006-03-28,2083.42,2083.42
2006-03-27,2083.42,2083.42
2006-03-23,2083.42,2083.42
2006-03-22,2083.42,2083.42
2006-03-21,2083.42,2083.42
2006-03-20,2083.42,2083.42
2006-03-16,2083.42,2083.42
2006-03-15,2083.42,2083.42
2006-03-14,2154.48,2154.48
2006-03-13,2231.07,2231.07
2006-03-09,2231.07,2231.07
2006-03-08,2255.18,2255.18
2006-03-07,2286.23,2286.23
2006-03-06,2286.23,2286.23
2006-03-02,2286.23,2286.23
2006-03-01,2286.23,2238.93
2006-02-28,2286.23,2219.85
2006-02-27,2286.23,2182.64
2006-02-23,2286.23,2182.64
2006-02-22,2286.23,2155.07
2006-02-21,2286.23,2151.21
2006-02-20,2286.23,2138.02
2006-02-16,2399.3,2138.02
2006-02-15,2440.19,2138.02
2006-02-14,2440.19,2138.02
2006-02-13,2480.16,2138.02
2006-02-09,2480.16,2138.02
2006-02-08,2480.16,2138.02
2006-02-07,2480.16,2138.02
2006-02-06,2480.16,2122.25
2006-02-02,2480.16,2114.05
2006-02-01,2327.77,2102.65
2006-01-30,2316.14,2049.21
2006-01-26,2316.14,2031.64
2006-01-25,2301.28,2031.64
2006-01-24,2238.93,2031.64
2006-01-23,2219.85,2031.64
2006-01-19,2182.64,2031.64
2006-01-18,2182.64,2031.64
2006-01-17,2155.07,2031.64
2006-01-16,2151.21,2031.64
2006-01-05,2138.02,2031.64
2006-01-04,2138.02,2031.64
2006-01-03,2138.02,2031.64
2006-01-02,2138.02,2031.64
2005-12-29,2138.02,2031.64
2005-12-28,2138.02,2031.64
2005-12-27,2138.02,2031.64
2005-12-26,2138.02,2031.64
2005-12-22,2122.25,2031.64
2005-12-21,2114.05,2031.64
2005-12-20,2102.65,1981.49
2005-12-19,2049.21,1981.49
2005-12-15,2031.64,1981.49
2005-12-14,2031.64,1981.49
2005-12-13,2031.64,1981.49
2005-12-12,2031.64,1981.49
2005-12-08,2031.64,1981.49
2005-12-07,2031.64,1981.49
2005-12-06,2031.64,1981.49
2005-12-05,2031.64,1981.49
2005-12-02,2031.64,1981.49
2005-12-01,2031.64,1981.49
2005-11-30,2039.66,1981.49
2005-11-29,2039.66,1981.49
2005-11-28,2039.66,1981.49
2005-11-24,2039.66,1981.49
2005-11-23,2075.99,1981.49
2005-11-22,2085.81,1981.49
2005-11-21,2065.02,1968.06
2005-11-17,2034.47,1915.55
2005-11-16,1981.49,1874.98
2005-11-15,1981.49,1862.08
2005-11-14,1981.49,1862.08
2005-11-10,1981.49,1862.08
2005-11-09,1981.49,1862.08
2005-11-08,1981.49,1862.08
2005-11-07,1981.49,1861.04
2005-11-04,1981.49,1861.04
2005-11-01,1981.49,1861.04
2005-10-31,1981.49,1844.02
2005-10-27,1990.59,1844.02
2005-10-26,1990.59,1816.13
2005-10-25,1991.1,1793.12
2005-10-24,1990.03,1793.12
2005-10-20,1990.03,1793.12
2005-10-19,1990.03,1777.51
2005-10-18,1988.58,1766.12
2005-10-17,1988.58,1744.1
2005-10-13,1968.06,1731.47
2005-10-12,1915.55,1731.47
2005-10-11,1874.98,1731.47
2005-10-10,1862.08,1731.47
2005-10-05,1862.08,1731.47
2005-10-04,1862.08,1731.47
2005-10-03,1862.08,1731.47
2005-09-29,1862.08,1731.47
2005-09-28,1861.04,1731.47
2005-09-27,1861.04,1731.47
2005-09-26,1861.04,1731.47
2005-09-22,1844.02,1731.47
2005-09-21,1844.02,1731.47
2005-09-20,1816.13,1731.47
2005-09-19,1793.12,1731.47
2005-09-15,1793.12,1731.47
2005-09-14,1793.12,1731.47
2005-09-13,1777.51,1731.47
2005-09-12,1766.12,1731.47
2005-09-08,1744.1,1731.47
2005-09-07,1731.47,1731.47
2005-09-06,1731.47,1731.47
2005-09-05,1731.47,1731.47
2005-09-01,1731.47,1731.47
2005-08-31,1731.47,1731.47
2005-08-30,1731.47,1731.47
2005-08-29,1731.47,1731.47
2005-08-25,1731.47,1731.47
2005-08-24,1731.47,1731.47
2005-08-23,1731.47,1731.47
2005-08-22,1756.02,1753.22
2005-08-18,1757.38,1753.22
2005-08-17,1757.38,1753.22
2005-08-16,1757.38,1753.22
2005-08-15,1757.38,1753.22
2005-08-11,1753.22,1753.22
2005-08-10,1753.22,1753.22
2005-08-09,1753.22,1705.04
2005-08-08,1753.22,1681.62
2005-08-04,1753.22,1671.29
2005-08-03,1753.22,1657.75
2005-08-02,1753.22,1629.77
2005-08-01,1753.22,1629.77
2005-07-28,1753.22,1629.77
2005-07-27,1753.22,1629.77
2005-07-26,1769.58,1629.77
2005-07-25,1773.37,1603.22
2005-07-21,1773.37,1603.22
2005-07-20,1773.37,1603.22
2005-07-19,1763.41,1603.22
2005-07-18,1763.41,1603.22
2005-07-14,1763.41,1603.22
2005-07-13,1763.41,1603.22
2005-07-12,1763.41,1603.22
2005-07-11,1763.41,1603.22
2005-07-07,1763.41,1603.22
2005-07-06,1763.41,1603.22
2005-07-05,1705.04,1603.22
2005-07-04,1681.62,1603.22
2005-06-30,1671.29,1603.22
2005-06-29,1657.75,1603.22
2005-06-28,1629.77,1603.22
2005-06-27,1629.77,1603.22
2005-06-23,1629.77,1603.22
2005-06-22,1629.77,1559.37
2005-06-21,1629.77,1559.37
2005-06-20,1603.22,1559.37
2005-06-16,1603.22,1559.37
2005-06-15,1603.22,1559.37
2005-06-14,1603.22,1559.37
2005-06-13,1603.22,1559.37
2005-06-10,1603.22,1559.37
2005-06-09,1603.22,1559.37
2005-06-08,1603.22,1559.37
2005-06-07,1603.22,1559.37
2005-06-06,1603.22,1559.37
2005-06-02,1620.53,1559.37
2005-06-01,1620.53,1559.37
2005-05-31,1620.53,1559.37
2005-05-30,1620.53,1559.37
2005-05-26,1620.53,1559.37
2005-05-25,1617.9,1559.37
2005-05-24,1617.9,1559.37
2005-05-17,1617.9,1559.37
2005-05-16,1559.37,1559.37
2005-05-12,1559.37,1559.37
2005-05-11,1559.37,1559.37
2005-05-10,1559.37,1559.37
2005-05-09,1559.37,1522.69
2005-05-05,1559.37,1497.21
2005-05-04,1559.37,1479.15
2005-05-03,1559.37,1470.22
2005-04-28,1559.37,1470.21
2005-04-27,1559.37,1464.81
2005-04-20,1568.12,1452.04
2005-04-19,1567.0,1449.47
2005-04-18,1567.0,1420.32
2005-04-14,1567.0,1420.32
2005-04-13,1567.0,1420.32
2005-04-12,1567.0,1420.32
2005-04-07,1567.0,1420.32
2005-04-06,1567.0,1420.32
2005-04-05,1567.0,1420.32
2005-04-04,1567.0,1378.75
2005-03-31,1567.0,1356.76
2005-03-29,1575.05,1356.76
2005-03-28,1575.05,1292.54
2005-03-24,1575.05,1282.74
2005-03-23,1522.69,1274.6
2005-03-22,1497.21,1271.01
2005-03-21,1479.15,1267.98
2005-03-17,1470.22,1260.72
2005-03-16,1470.21,1260.72
2005-03-15,1464.81,1260.72
2005-03-10,1452.04,1260.72
2005-03-08,1449.47,1255.43
2005-03-03,1420.32,1221.17
2005-03-01,1420.32,1215.94
2005-02-24,1420.32,1209.43
2005-02-23,1420.32,1209.11
2005-02-22,1420.32,1209.02
2005-02-21,1420.32,1202.75
2005-02-17,1420.32,1202.75
2005-02-16,1378.75,1202.75
2005-02-15,1356.76,1202.75
2005-02-14,1356.76,1181.42
2005-02-09,1292.54,1179.87
2005-02-08,1282.74,1179.87
2005-02-07,1274.6,1179.87
2005-02-03,1271.01,1179.87
2005-02-02,1267.98,1174.68
2005-02-01,1260.72,1166.88
2005-01-31,1260.72,1166.88
2005-01-27,1260.72,1166.88
2005-01-26,1260.72,1166.88
2005-01-25,1255.43,1166.88
2005-01-18,1221.17,1166.88
2005-01-17,1215.94,1165.42
2005-01-13,1209.43,1155.65
2005-01-12,1209.11,1154.07
2005-01-11,1209.02,1150.17
2005-01-10,1202.75,1143.24
2005-01-06,1202.75,1134.24
2005-01-05,1202.75,1134.24
2005-01-04,1202.75,1122.08
2005-01-03,1181.42,1118.47
2004-12-30,1179.87,1115.43
2004-12-29,1179.87,1112.57
2004-12-28,1179.87,1107.12
2004-12-27,1179.87,1107.12
2004-12-22,1174.68,1107.12
2004-12-20,1166.88,1107.12
2004-12-16,1166.88,1095.62
2004-12-14,1166.88,1093.86
2004-12-13,1166.88,1091.61
2004-12-09,1166.88,1091.61
2004-12-08,1166.88,1077.35
2004-12-07,1165.42,1077.35
2004-12-06,1155.65,1063.16
2004-12-02,1154.07,1063.16
2004-12-01,1150.17,1063.16
2004-11-30,1143.24,1063.16
2004-11-29,1134.24,1063.16
2004-11-25,1134.24,1063.16
2004-11-24,1122.08,1059.26
2004-11-23,1118.47,1059.26
2004-11-22,1115.43,1053.32
2004-11-18,1112.57,1053.32
2004-11-17,1107.12,1053.32
2004-11-16,1107.12,1053.32
2004-11-11,1107.12,1053.32
2004-11-10,1107.12,1053.32
2004-11-09,1095.62,1046.72
2004-11-08,1093.86,1039.79
2004-11-04,1091.61,1023.66
2004-11-03,1091.61,1011.96
2004-11-02,1077.35,1000.93
2004-11-01,1077.35,1000.93
2004-10-28,1063.16,990.37
2004-10-27,1063.16,987.89
2004-10-26,1063.16,984.11
2004-10-25,1063.16,984.11
2004-10-21,1063.16,974.92
2004-10-20,1063.16,972.8
2004-10-19,1059.26,961.06
2004-10-18,1059.26,961.06
2004-10-14,1053.32,952.14
2004-10-13,1053.32,952.14
2004-10-11,1053.32,952.14
2004-10-07,1053.32,952.14
2004-10-05,1053.32,952.14
2004-10-04,1053.32,952.14
2004-09-30,1046.72,952.14
2004-09-29,1039.79,952.14
2004-09-28,1023.66,952.14
2004-09-27,1011.96,946.52
2004-09-23,1000.93,944.09
2004-09-22,1000.93,942.43
2004-09-21,990.37,936.84
2004-09-20,987.89,935.99
2004-09-16,984.11,935.12
2004-09-15,984.11,935.12
2004-09-14,974.92,935.12
2004-09-13,972.8,935.12
2004-09-09,961.06,935.12
2004-09-08,961.06,935.12
2004-09-07,952.14,934.59
2004-09-06,952.14,924.52
2004-09-02,952.14,917.42
2004-09-01,952.14,917.42
2004-08-31,952.14,904.9
2004-08-30,952.14,904.44
2004-08-26,952.14,900.36
2004-08-25,952.14,900.36
2004-08-24,952.14,900.36
2004-08-23,946.52,898.55
2004-08-19,944.09,898.55
2004-08-18,942.43,891.03
2004-08-17,936.84,884.52
2004-08-16,935.99,884.52
2004-08-12,935.12,884.52
2004-08-11,935.12,884.52
2004-08-10,935.12,884.52
2004-08-09,935.12,884.52
2004-08-05,935.12,884.52
2004-08-04,935.12,884.52
2004-08-03,934.59,884.52
2004-08-02,924.52,884.52
2004-07-29,917.42,884.52
2004-07-28,917.42,884.52
2004-07-27,904.9,884.52
2004-07-26,904.44,884.52
2004-07-22,900.36,884.52
2004-07-21,900.36,884.52
2004-07-20,900.36,884.52
2004-07-19,898.55,884.52
2004-07-15,898.55,884.52
2004-07-14,891.03,884.52
2004-07-13,884.52,884.52
2004-07-12,884.52,884.52
2004-07-08,884.52,884.52
2004-07-07,884.52,884.52
2004-07-06,884.52,884.52
2004-07-05,884.52,884.52
2004-06-30,884.52,884.52
2004-06-29,884.52,884.52
2004-06-28,884.52,884.52
2004-06-24,884.52,884.52
2004-06-23,894.24,889.91
2004-06-22,894.24,889.91
2004-06-21,894.24,889.91
2004-06-17,890.07,889.91
2004-06-16,890.07,889.91
2004-06-15,890.07,889.91
2004-06-14,890.07,889.91
2004-06-10,890.07,889.91
2004-06-09,889.91,889.91
2004-06-08,889.91,889.91
2004-06-07,889.91,889.91
2004-06-03,889.91,889.91
2004-06-02,889.91,889.91
2004-06-01,889.91,829.84
2004-05-31,889.91,829.84
2004-05-27,889.91,829.84
2004-05-26,889.91,829.84
2004-05-25,889.91,829.84
2004-05-24,893.27,829.84
2004-05-20,893.27,829.84
2004-05-19,898.28,829.84
2004-05-18,900.58,829.84
2004-05-17,910.99,829.84
2004-05-13,910.99,829.84
2004-05-12,912.14,829.84
2004-05-11,923.82,829.84
2004-05-10,918.11,829.84
2004-05-06,917.14,829.84
2004-05-05,917.14,829.84
2004-05-04,915.68,829.84
2004-05-03,911.76,829.84
2004-04-29,908.7,829.84
2004-04-28,897.92,829.84
2004-04-27,829.84,829.84
2004-04-26,829.84,829.84
2004-04-22,829.84,829.84
2004-04-21,829.84,829.84
2004-04-20,829.84,829.84
2004-04-19,829.84,829.84
2004-04-15,829.84,829.84
2004-04-14,829.84,829.84
2004-04-13,829.84,829.84
2004-04-08,829.84,829.84
2004-04-07,853.85,834.67
2004-04-06,853.85,834.67
2004-04-05,853.63,834.67
2004-04-01,853.63,834.67
2004-03-31,853.63,834.67
2004-03-30,853.63,834.67
2004-03-29,853.63,834.67
2004-03-25,853.63,834.67
2004-03-24,849.85,834.67
2004-03-23,849.85,834.67
2004-03-22,846.95,834.67
2004-03-18,842.71,834.67
2004-03-17,842.71,834.67
2004-03-16,842.71,834.67
2004-03-15,842.71,834.67
2004-03-10,836.75,834.14
2004-03-09,836.75,834.14
2004-03-08,834.67,830.76
2004-03-04,834.67,830.76
2004-03-03,834.67,824.17
2004-03-02,834.67,824.17
2004-03-01,834.67,824.17
2004-02-26,834.67,815.59
2004-02-25,834.67,803.18
2004-02-24,834.67,801.24
2004-02-23,834.67,797.24
2004-02-19,834.67,790.76
2004-02-18,844.7,790.76
2004-02-17,851.15,790.76
2004-02-16,844.38,790.76
2004-02-12,844.38,790.76
2004-02-11,844.38,790.76
2004-02-10,844.38,790.76
2004-02-09,844.38,786.52
2004-02-05,844.38,784.05
2004-02-04,834.14,783.09
2004-02-03,834.14,783.06
2004-01-29,830.76,783.06
2004-01-28,830.76,783.06
2004-01-27,824.17,783.06
2004-01-26,824.17,783.06
2004-01-22,824.17,783.06
2004-01-21,815.59,783.06
2004-01-20,803.18,783.06
2004-01-19,801.24,783.06
2004-01-15,797.24,783.06
2004-01-14,790.76,783.06
2004-01-13,790.76,783.06
2004-01-12,790.76,783.06
2004-01-08,790.76,783.06
2004-01-07,790.76,783.06
2004-01-06,790.76,783.06
2004-01-05,790.76,783.06
2003-12-31,786.52,779.87
2003-12-30,784.05,779.87
2003-12-29,783.09,779.87
2003-12-24,783.06,779.87
2003-12-23,783.06,779.87
2003-12-22,783.06,779.87
2003-12-18,783.06,779.87
2003-12-17,783.06,779.87
2003-12-16,783.06,779.87
2003-12-15,783.06,779.87
2003-12-11,783.06,779.87
2003-12-10,783.06,779.87
2003-12-09,783.06,777.39
2003-12-08,783.61,777.39
2003-12-04,784.34,777.39
2003-12-03,785.51,777.39
2003-12-02,785.51,760.55
2003-12-01,785.51,759.6
2003-11-24,785.51,759.6
2003-11-20,784.43,759.6
2003-11-19,779.87,759.51
2003-11-18,779.87,755.46
2003-11-17,779.87,755.46
2003-11-13,779.87,755.46
2003-11-12,779.87,752.89
2003-11-11,779.87,749.54
2003-11-10,779.87,743.79
2003-11-06,779.87,743.29
2003-11-05,779.87,741.74
2003-11-04,779.87,741.74
2003-11-03,786.83,741.74
2003-10-30,782.57,741.74
2003-10-29,777.39,736.98
2003-10-28,777.39,734.19
2003-10-27,777.39,734.19
2003-10-23,777.39,733.36
2003-10-22,760.55,730.65
2003-10-21,759.6,730.65
2003-10-20,759.6,727.67
2003-10-16,759.6,725.52
2003-10-15,759.51,724.91
2003-10-14,755.46,723.77
2003-10-13,755.46,720.16
2003-10-09,755.46,717.72
2003-10-08,752.89,717.72
2003-10-07,749.54,717.72
2003-10-02,743.79,717.72
2003-10-01,743.29,717.72
2003-09-30,741.74,713.33
2003-09-29,741.74,712.16
2003-09-25,741.74,712.16
2003-09-24,741.74,711.38
2003-09-23,736.98,710.52
2003-09-22,734.19,710.52
2003-09-18,734.19,708.1
2003-09-17,733.36,708.1
2003-09-16,730.65,708.1
2003-09-15,730.65,708.1
2003-09-11,727.67,708.1
2003-09-10,725.52,708.1
2003-09-09,724.91,708.1
2003-09-08,723.77,708.1
2003-09-04,720.16,708.1
2003-09-03,717.72,708.1
2003-09-02,717.72,708.1
2003-09-01,717.72,708.1
2003-08-28,717.72,708.1
2003-08-27,717.72,708.1
2003-08-26,713.33,708.1
2003-08-25,712.16,708.1
2003-08-21,712.16,708.1
2003-08-20,711.38,708.1
2003-08-19,710.52,708.1
2003-08-18,710.52,708.1
2003-08-14,708.1,705.55
2003-08-13,708.1,704.55
2003-08-12,708.1,702.44
2003-08-11,708.1,698.78
2003-08-07,708.1,698.78
2003-08-06,708.1,696.12
2003-08-05,708.1,693.93
2003-08-04,708.1,693.93
2003-07-31,708.1,693.93
2003-07-30,708.1,693.93
2003-07-29,708.6,693.93
2003-07-28,712.41,693.93
2003-07-24,717.11,693.93
2003-07-22,716.95,693.93
2003-07-21,714.24,693.93
2003-07-17,712.15,693.93
2003-07-16,712.15,693.93
2003-07-15,709.89,693.1
2003-07-14,708.84,691.74
2003-07-10,708.84,691.74
2003-07-09,705.55,686.68
2003-07-08,704.55,682.4
2003-07-07,702.44,678.97
2003-07-03,698.78,678.97
2003-07-02,698.78,678.97
2003-06-30,696.12,676.42
2003-06-26,693.93,676.42
2003-06-25,693.93,674.23
2003-06-24,693.93,671.99
2003-06-23,693.93,669.91
2003-06-19,693.93,666.42
2003-06-18,693.93,666.42
2003-06-17,693.93,666.42
2003-06-16,693.93,666.42
2003-06-12,693.93,666.42
2003-06-11,693.93,666.42
2003-06-10,695.51,666.42
2003-06-09,693.1,665.92
2003-06-05,691.74,665.45
2003-06-04,691.74,665.45
2003-06-03,686.68,663.73
2003-06-02,682.4,659.82
2003-05-29,678.97,659.14
2003-05-28,678.97,657.1
2003-05-27,678.97,653.43
2003-05-26,676.42,651.17
2003-05-22,676.42,647.89
2003-05-21,674.23,646.89
2003-05-20,671.99,646.28
2003-05-19,669.91,642.79
2003-05-15,666.42,637.61
2003-05-14,666.42,635.94
2003-05-12,666.42,635.94
2003-05-08,666.42,635.94
2003-05-07,666.42,635.94
2003-05-06,666.42,635.94
2003-05-05,666.42,635.94
2003-04-30,665.92,635.94
2003-04-29,665.45,635.94
2003-04-24,665.45,635.94
2003-04-23,663.73,635.94
2003-04-22,659.82,635.94
2003-04-21,659.14,635.94
2003-04-17,657.1,635.94
2003-04-16,653.43,635.94
2003-04-15,651.17,635.94
2003-04-14,647.89,635.94
2003-04-10,646.89,635.94
2003-04-09,646.28,635.94
2003-04-08,642.79,635.94
2003-04-07,637.61,635.94
2003-04-03,635.94,635.94
2003-04-02,635.94,635.94
2003-04-01,635.94,635.94
2003-03-31,635.94,635.94
2003-03-27,635.94,635.94
2003-03-26,635.94,635.94
2003-03-25,635.94,635.94
2003-03-24,635.94,635.94
2003-03-20,635.94,635.94
2003-03-19,635.94,635.94
2003-03-18,636.64,636.64
2003-03-17,643.0,636.55
2003-03-13,643.0,636.55
2003-03-12,643.0,636.55
2003-03-11,643.0,636.55
2003-03-10,647.38,636.55
2003-03-06,647.38,634.74
2003-03-05,647.38,634.74
2003-03-03,647.38,634.74
2003-02-27,649.61,634.74
2003-02-26,649.61,634.74
2003-02-25,649.61,634.74
2003-02-24,643.87,634.74
2003-02-20,638.21,632.78
2003-02-19,638.21,632.78
2003-02-18,638.17,632.78
2003-02-17,638.17,632.78
2003-02-06,637.64,632.78
2003-02-05,637.35,632.78
2003-02-04,637.06,632.78
2003-02-03,636.65,632.78
2003-01-30,636.55,632.78
2003-01-29,636.55,631.97
2003-01-28,636.55,630.37
2003-01-27,636.55,629.6
2003-01-23,636.55,628.49
2003-01-22,634.74,627.52
2003-01-21,634.74,626.48
2003-01-20,634.74,626.23
2003-01-16,634.74,626.23
2003-01-15,634.74,626.23
2003-01-14,634.74,626.23
2003-01-13,634.74,626.23
2003-01-09,632.78,626.23
2003-01-08,632.78,626.23
2003-01-06,632.78,626.23
2003-01-02,632.78,626.23
2002-12-31,632.78,626.23
2002-12-30,632.78,626.23
2002-12-26,632.78,626.23
2002-12-24,632.78,626.23
2002-12-23,632.78,626.23
2002-12-19,631.97,626.23
2002-12-18,630.37,626.23
2002-12-17,629.6,626.23
2002-12-16,628.49,626.23
2002-12-12,627.52,626.23
2002-12-11,626.48,626.23
2002-12-10,626.23,626.23
2002-12-09,626.23,626.23
2002-12-04,626.23,626.23
2002-12-03,626.23,626.23
2002-12-02,626.23,626.23
2002-11-28,626.23,626.23
2002-11-27,626.23,626.23
2002-11-26,626.23,626.23
2002-11-25,626.23,626.23
2002-11-21,626.23,626.23
2002-11-20,626.24,626.24
2002-11-19,626.7,626.7
2002-11-18,627.45,626.88
2002-11-14,627.45,626.88
2002-11-13,627.45,626.88
2002-11-12,627.45,626.88
2002-11-11,628.38,626.88
2002-11-07,628.38,626.88
2002-11-06,628.38,626.88
2002-11-05,628.08,626.88
2002-11-04,628.08,626.88
2002-10-31,628.08,626.88
2002-10-30,626.88,626.88
2002-10-29,626.88,626.88
2002-10-28,626.88,626.88
2002-10-24,626.88,626.88
2002-10-23,626.88,626.88
2002-10-22,626.88,626.88
2002-10-21,626.88,626.88
2002-10-17,626.88,626.88
2002-10-16,626.88,626.88
2002-10-15,626.88,626.88
2002-10-14,629.73,628.78
2002-10-10,629.73,628.78
2002-10-09,629.73,628.78
2002-10-08,629.73,628.78
2002-10-07,629.73,628.78
2002-10-03,629.73,628.78
2002-10-02,629.73,628.78
2002-10-01,629.73,628.78
2002-09-30,629.42,628.78
2002-09-26,629.07,628.78
2002-09-25,629.07,628.78
2002-09-24,628.78,628.78
2002-09-23,628.78,628.26
2002-09-19,628.78,628.26
2002-09-18,628.78,628.26
2002-09-17,628.78,628.26
2002-09-16,628.78,628.26
2002-09-12,628.78,628.26
2002-09-11,628.78,628.26
2002-09-10,628.78,628.26
2002-09-09,628.78,628.26
2002-09-05,628.98,628.26
2002-09-04,630.28,628.26
2002-09-03,630.5,628.26
2002-09-02,630.5,627.47
2002-08-29,630.5,627.27
2002-08-28,630.62,627.27
2002-08-27,630.62,627.27
2002-08-26,630.62,627.27
2002-08-22,630.62,627.27
2002-08-21,631.12,626.9
2002-08-20,630.33,625.68
2002-08-19,628.26,625.6
2002-08-15,628.26,625.6
2002-08-14,628.26,625.6
2002-08-13,628.26,625.6
2002-08-12,628.26,625.6
2002-08-08,628.26,625.6
2002-08-07,628.26,625.6
2002-08-06,628.26,625.6
2002-08-05,628.26,625.6
2002-08-01,628.26,625.56
2002-07-31,629.66,624.39
2002-07-30,628.3,624.12
2002-07-29,627.47,624.12
2002-07-25,627.27,623.73
2002-07-24,627.27,623.73
2002-07-22,627.27,623.73
2002-07-18,627.27,623.73
2002-07-17,627.27,623.73
2002-07-16,626.9,623.73
2002-07-15,625.68,623.73
2002-07-11,625.6,623.73
2002-07-10,625.6,623.73
2002-07-09,625.6,623.73
2002-07-08,625.6,623.73
2002-07-04,625.6,623.73
2002-07-03,625.6,623.73
2002-07-02,625.6,623.73
2002-07-01,625.6,623.73
2002-06-27,625.6,623.73
2002-06-26,625.56,623.1
2002-06-25,624.39,621.28
2002-06-24,624.12,620.78
2002-06-20,624.12,620.67
2002-06-19,623.73,619.64
2002-06-18,623.73,619.64
2002-06-17,623.73,619.64
2002-06-13,623.73,612.34
2002-06-12,623.73,612.34
2002-06-11,623.73,612.34
2002-06-10,623.73,612.34
2002-06-06,623.73,612.34
2002-06-05,623.73,612.34
2002-06-04,623.73,612.34
2002-06-03,624.53,612.34
2002-05-30,624.53,612.34
2002-05-29,624.53,612.34
2002-05-28,624.53,612.34
2002-05-27,624.53,612.34
2002-05-23,625.07,612.34
2002-05-22,623.1,612.34
2002-05-21,621.28,612.34
2002-05-20,620.78,612.34
2002-05-16,620.67,612.34
2002-05-15,619.64,612.34
2002-05-14,619.64,612.34
2002-05-13,619.64,612.34
2002-05-09,612.34,612.34
2002-05-08,612.34,612.34
2002-05-07,612.34,612.34
2002-05-02,612.34,612.34
2002-04-30,612.34,612.34
2002-04-29,612.34,612.34
2002-04-24,612.34,612.34
2002-04-23,612.34,612.34
2002-04-22,612.34,612.34
2002-04-18,612.34,612.34
2002-04-17,615.83,615.83
2002-04-16,615.83,615.83
2002-04-15,615.83,615.83
2002-04-11,615.83,614.49
2002-04-10,615.83,614.49
2002-04-09,615.83,614.49
2002-04-08,615.83,614.49
2002-04-04,615.83,613.64
2002-04-03,615.83,613.64
2002-04-02,617.31,612.32
2002-04-01,622.64,606.76
2002-03-28,622.64,605.9
2002-03-27,622.64,603.58
2002-03-26,623.65,602.51
2002-03-25,622.3,602.51
2002-03-21,621.67,602.51
2002-03-20,619.1,602.51
2002-03-19,618.04,602.51
2002-03-18,617.88,602.51
2002-03-14,617.88,602.51
2002-03-13,616.94,602.51
2002-03-12,616.94,602.51
2002-03-11,615.97,602.51
2002-03-07,614.49,602.51
2002-03-06,614.49,602.51
2002-03-05,614.49,602.51
2002-03-04,614.49,602.51
2002-02-28,613.64,602.51
2002-02-27,613.64,602.51
2002-02-26,612.32,602.51
2002-02-25,606.76,602.51
2002-02-20,605.9,602.51
2002-02-19,603.58,602.51
2002-02-18,602.51,602.51
2002-02-14,602.51,602.51
2002-02-13,602.51,602.51
2002-02-12,602.51,602.51
2002-02-11,602.51,602.51
2002-02-07,602.51,602.51
2002-02-06,602.51,602.51
2002-02-05,602.51,602.51
2002-02-04,602.51,601.29
2002-01-31,602.51,601.29
2002-01-30,603.08,601.29
2002-01-29,610.13,601.29
2002-01-24,613.41,601.29
2002-01-23,614.48,601.29
2002-01-22,613.0,601.29
2002-01-21,611.34,601.29
2002-01-17,610.73,601.29
2002-01-16,609.87,601.29
2002-01-15,608.76,601.29
2002-01-10,607.17,601.29
2002-01-09,607.17,601.29
2002-01-08,607.17,601.29
2002-01-07,606.88,601.29
2002-01-02,603.68,601.29
2001-12-31,603.68,601.29
2001-12-27,603.68,601.29
2001-12-26,603.68,601.29
2001-12-24,602.56,601.29
2001-12-20,601.29,601.29
2001-12-19,601.29,601.29
2001-12-13,601.29,601.29
2001-12-12,601.29,601.29
2001-12-11,601.29,601.29
2001-12-05,601.29,601.29
2001-12-04,601.29,601.29
2001-12-03,601.29,601.29
2001-11-29,601.29,601.29
2001-11-28,601.29,601.29
2001-11-27,601.71,601.71
2001-11-26,601.71,601.71
2001-11-22,602.13,602.13
2001-11-21,605.14,604.04
2001-11-20,605.46,604.04
2001-11-19,607.62,604.04
2001-11-15,609.46,604.04
2001-11-14,611.1,604.04
2001-11-13,611.59,604.04
2001-11-12,611.59,604.04
2001-11-08,611.59,604.04
2001-11-07,611.59,604.04
2001-11-06,611.59,604.04
2001-11-05,610.72,604.04
2001-11-01,610.72,604.04
2001-10-30,608.49,604.04
2001-10-29,607.26,599.84
2001-10-25,605.63,599.83
2001-10-24,604.04,594.96
2001-10-23,604.04,592.56
2001-10-22,604.04,592.56
2001-10-18,604.04,592.56
2001-10-17,604.04,592.56
2001-10-16,604.04,592.56
2001-10-15,604.04,592.56
2001-10-11,604.04,590.76
2001-10-10,604.04,588.88
2001-10-09,604.04,588.68
2001-10-08,604.63,586.67
2001-10-04,604.99,584.26
2001-10-03,606.24,583.78
2001-10-02,607.55,583.78
2001-10-01,607.55,583.78
2001-09-27,610.94,583.78
2001-09-26,610.94,583.78
2001-09-25,606.72,583.78
2001-09-20,599.84,583.78
2001-09-19,599.83,583.78
2001-09-18,594.96,583.78
2001-09-13,592.56,583.78
2001-09-12,592.56,583.78
2001-09-06,592.56,583.78
2001-09-05,592.56,583.78
2001-09-04,592.56,583.78
2001-09-03,592.56,583.78
2001-08-30,590.76,583.78
2001-08-29,588.88,583.78
2001-08-28,588.68,583.78
2001-08-23,586.67,583.78
2001-08-22,584.26,583.78
2001-08-21,583.78,583.78
2001-08-16,583.78,583.78
2001-08-15,583.78,583.78
2001-08-14,583.78,583.78
2001-08-13,583.78,583.78
2001-08-09,583.78,583.78
2001-08-08,583.78,583.78
2001-08-07,583.78,583.78
2001-08-06,583.78,583.78
2001-08-02,583.78,583.78
2001-08-01,585.53,585.53
2001-07-31,589.35,589.35
2001-07-30,590.48,590.48
2001-07-26,590.52,590.52
2001-07-25,590.52,590.52
2001-07-24,590.52,590.52
2001-07-19,591.86,591.86
2001-07-18,591.86,591.86
2001-07-17,597.33,597.33
2001-07-16,602.16,602.16
2001-07-12,602.16,602.16
2001-07-11,602.16,602.16
2001-07-10,602.16,602.16
2001-07-09,602.16,602.16
2001-07-05,602.16,602.16
2001-07-04,602.16,602.16
2001-07-03,602.16,602.16
2001-07-02,602.16,602.16
2001-06-28,602.16,602.16
2001-06-27,604.11,604.11
2001-06-26,604.11,604.11
2001-06-25,604.11,604.11
2001-06-21,604.11,604.11
2001-06-20,604.55,604.55
2001-06-19,606.8,603.97
2001-06-18,608.32,600.44
2001-06-14,608.32,600.44
2001-06-13,608.32,600.44
2001-06-12,608.32,600.44
2001-06-11,608.32,600.44
2001-06-07,608.32,600.44
2001-06-06,609.96,600.44
2001-06-05,618.37,600.42
2001-05-31,620.97,597.07
2001-05-30,620.47,593.2
2001-05-29,618.15,593.2
2001-05-28,618.15,593.2
2001-05-24,618.15,593.2
2001-05-23,614.48,593.2
2001-05-22,611.95,593.2
2001-05-17,607.38,593.2
2001-05-16,607.38,593.2
2001-05-15,607.38,593.2
2001-05-14,607.38,593.2
2001-05-10,603.97,593.2
2001-05-09,600.44,593.2
2001-05-08,600.44,593.2
2001-05-07,600.44,593.2
2001-05-03,600.44,593.2
2001-05-02,600.44,593.2
2001-04-30,600.44,593.2
2001-04-26,600.44,593.2
2001-04-24,600.42,593.2
2001-04-23,597.07,593.2
2001-04-19,593.2,593.2
2001-04-18,593.2,593.2
2001-04-17,593.2,593.2
2001-04-12,593.2,593.2
2001-04-11,593.2,593.2
2001-04-10,593.2,593.2
2001-04-09,593.2,593.2
2001-04-05,593.2,593.2
2001-04-04,593.2,593.2
2001-04-03,593.2,593.2
2001-04-02,596.66,596.66
2001-03-29,600.5,600.5
2001-03-28,602.88,602.88
2001-03-27,602.88,602.88
2001-03-22,604.91,604.91
2001-03-21,604.91,604.91
2001-03-20,604.91,604.91
2001-03-19,607.62,607.62
2001-03-15,608.46,608.46
2001-03-14,608.46,608.46
2001-03-13,608.46,608.46
2001-03-12,608.46,608.46
2001-03-08,608.46,608.46
2001-03-07,608.46,608.46
2001-03-05,608.46,608.46
2001-03-01,608.46,608.46
2001-02-28,608.46,608.46
2001-02-27,608.46,608.46
2001-02-26,619.06,619.06
2001-02-22,620.51,619.11
2001-02-21,620.51,619.11
2001-02-20,620.51,617.91
2001-02-19,623.57,617.91
2001-02-15,625.81,614.28
2001-02-14,625.81,614.28
2001-02-13,627.47,614.28
2001-02-12,623.3,614.28
2001-02-08,620.86,614.28
2001-02-07,620.86,614.28
2001-02-06,619.11,614.28
2001-02-05,619.11,614.28
2001-02-01,619.11,614.28
2001-01-31,619.11,614.28
2001-01-30,619.11,614.28
2001-01-29,619.11,614.28
2001-01-25,619.11,614.28
2001-01-24,619.11,614.28
2001-01-23,619.11,614.28
2001-01-22,619.11,614.28
2001-01-18,619.85,614.28
2001-01-17,619.85,614.28
2001-01-16,617.91,614.28
2001-01-15,617.91,614.28
2001-01-11,614.28,614.28
2001-01-10,614.28,614.28
2001-01-09,614.28,611.67
2001-01-08,614.28,607.94
2001-01-04,614.28,606.79
2001-01-03,614.28,606.79
2001-01-02,614.28,602.58
2000-12-26,614.28,601.04
2000-12-21,614.28,598.26
2000-12-20,614.28,593.48
2000-12-19,618.46,593.48
2000-12-18,621.18,593.48
2000-12-14,621.18,589.13
2000-12-13,621.18,589.13
2000-12-12,621.18,584.81
2000-12-11,618.79,584.17
2000-12-07,618.79,578.69
2000-12-06,618.79,572.01
2000-12-05,618.79,560.14
2000-12-04,618.79,560.14
2000-11-30,618.79,560.14
2000-11-29,618.79,560.14
2000-11-28,611.67,560.14
2000-11-27,607.94,560.14
2000-11-23,606.79,560.14
2000-11-22,606.79,560.14
2000-11-21,602.58,560.14
2000-11-20,601.04,560.14
2000-11-16,598.26,560.14
2000-11-15,593.48,560.14
2000-11-14,593.48,560.14
2000-11-13,593.48,560.14
2000-11-09,589.13,560.14
2000-11-08,589.13,560.14
2000-11-07,584.81,560.14
2000-11-06,584.17,560.14
2000-11-02,578.69,560.14
2000-11-01,572.01,560.14
2000-10-31,560.14,560.14
2000-10-30,560.14,560.14
2000-10-26,560.14,560.14
2000-10-25,560.14,560.14
2000-10-24,560.14,560.14
2000-10-23,560.14,560.14
2000-10-19,560.14,560.14
2000-10-18,560.14,560.14
2000-10-17,560.14,560.14
2000-10-16,560.14,560.14
2000-10-12,566.1,566.1
2000-10-11,572.43,572.43
2000-10-10,577.38,577.38
2000-10-09,585.39,585.39
2000-10-04,589.71,589.71
2000-10-03,594.78,589.0
2000-10-02,597.99,583.87
2000-09-28,602.28,583.87
2000-09-27,602.28,583.87
2000-09-26,602.28,583.87
2000-09-25,602.28,583.87
2000-09-21,602.28,583.87
2000-09-20,605.71,583.87
2000-09-19,606.35,583.87
2000-09-18,608.43,583.87
2000-09-14,608.43,583.87
2000-09-13,608.43,583.87
2000-09-12,608.43,583.87
2000-09-11,608.43,583.87
2000-09-07,608.43,583.87
2000-09-06,607.89,583.87
2000-09-05,599.01,583.87
2000-09-04,599.01,583.87
2000-08-31,590.71,583.87
2000-08-30,590.71,583.87
2000-08-24,589.0,583.87
2000-08-23,583.87,583.87
2000-08-22,583.87,583.87
2000-08-21,583.87,583.87
2000-08-17,583.87,583.87
2000-08-16,583.87,583.87
2000-08-15,583.87,583.87
2000-08-14,583.87,583.87
2000-08-11,583.87,583.87
2000-08-10,583.87,583.87
2000-08-09,583.87,583.87
2000-08-08,590.82,590.82
2000-08-07,597.79,597.79
2000-08-03,601.32,601.32
2000-08-02,606.34,601.67
2000-08-01,606.34,601.67
2000-07-31,606.34,601.67
2000-07-27,614.28,601.67
2000-07-26,614.57,601.67
2000-07-25,614.57,601.67
2000-07-24,618.79,601.67
2000-07-20,616.19,601.67
2000-07-19,616.19,601.67
2000-07-18,615.16,601.67
2000-07-17,613.5,601.67
2000-07-13,603.79,601.67
2000-07-12,601.67,601.67
2000-07-11,601.67,601.67
2000-07-10,601.67,601.67
2000-07-06,601.67,601.67
2000-07-05,601.67,601.67
2000-07-04,601.67,601.67
2000-07-03,601.67,601.67
2000-06-29,601.67,601.67
2000-06-28,601.67,601.67
2000-06-27,601.67,601.67
2000-06-26,614.82,614.82
2000-06-22,615.56,615.56
2000-06-21,615.56,615.56
2000-06-20,621.62,621.62
2000-06-19,624.06,624.06
2000-06-14,624.06,624.06
2000-06-13,624.06,624.06
2000-06-12,633.49,625.15
2000-06-08,634.07,625.15
2000-06-07,637.18,625.15
2000-06-06,641.06,625.15
2000-06-05,645.89,625.15
2000-06-01,645.89,625.15
2000-05-31,645.89,625.15
2000-05-30,645.89,625.15
2000-05-29,645.89,625.15
2000-05-25,651.73,625.15
2000-05-24,646.23,625.15
2000-05-23,645.1,625.15
2000-05-22,638.46,625.15
2000-05-18,638.46,625.15
2000-05-17,638.46,625.15
2000-05-16,637.13,625.15
2000-05-15,625.15,625.15
2000-05-11,625.15,625.15
2000-05-10,625.15,625.15
2000-05-09,625.15,625.15
2000-05-08,625.15,625.15
2000-05-04,625.15,625.15
2000-05-03,625.15,625.15
2000-05-02,625.15,625.15
2000-04-27,625.15,625.15
2000-04-26,625.15,625.15
2000-04-24,634.36,634.36
2000-04-20,643.05,643.05
2000-04-19,644.06,644.06
2000-04-18,644.06,644.06
2000-04-17,656.1,653.45
2000-04-13,656.1,653.45
2000-04-12,656.1,653.45
2000-04-11,656.1,653.45
2000-04-10,667.04,653.45
2000-04-06,667.04,653.45
2000-04-05,667.04,653.45
2000-04-04,666.37,653.45
2000-04-03,665.17,653.45
2000-03-30,665.17,653.45
2000-03-29,665.17,653.45
2000-03-28,664.66,653.45
2000-03-27,653.45,653.45
2000-03-23,653.45,653.45
2000-03-22,653.45,653.45
2000-03-21,653.45,653.45
2000-03-20,653.45,653.45
2000-03-14,653.45,653.45
2000-03-13,653.45,653.45
2000-03-09,653.45,653.45
2000-03-08,653.45,653.45
2000-03-07,653.45,645.73
2000-03-06,654.6,645.73
2000-03-02,654.6,645.73
2000-03-01,654.6,638.08
2000-02-29,654.6,635.97
2000-02-28,654.6,635.97
2000-02-24,666.69,635.97
2000-02-23,670.41,624.51
2000-02-22,670.41,619.47
2000-02-21,670.41,619.47
2000-02-17,670.41,615.82
2000-02-16,670.41,601.25
2000-02-15,663.25,601.25
2000-02-14,663.25,591.79
2000-02-10,663.25,590.83
2000-02-09,661.87,590.83
2000-02-08,661.87,590.83
2000-02-07,661.87,590.83
2000-02-03,657.32,590.83
2000-02-02,654.16,590.83
2000-02-01,645.73,590.83
2000-01-31,645.73,590.83
2000-01-27,645.73,581.59
2000-01-26,638.08,570.58
2000-01-25,635.97,567.32
2000-01-24,635.97,564.71
2000-01-20,635.97,563.78
2000-01-19,624.51,554.88
2000-01-18,619.47,553.51
2000-01-17,619.47,551.15
2000-01-13,615.82,548.93
2000-01-12,601.25,546.79
2000-01-11,601.25,546.79
2000-01-06,591.79,546.65
2000-01-05,590.83,546.65
2000-01-04,590.83,545.07
2000-01-03,590.83,543.84
1999-12-30,590.83,541.66
1999-12-29,590.83,541.01
1999-12-28,590.83,538.97
1999-12-27,590.83,538.97
1999-12-23,590.83,538.97
1999-12-22,581.59,538.17
1999-12-21,570.58,536.66
1999-12-20,567.32,533.69
1999-12-16,564.71,533.69
1999-12-15,563.78,530.11
1999-12-14,554.88,530.11
1999-12-13,553.51,530.11
1999-12-09,551.15,530.11
1999-12-08,548.93,530.11
1999-12-07,546.79,530.11
1999-12-06,546.79,530.11
1999-12-02,546.65,530.11
1999-12-01,546.65,530.11
1999-11-30,545.07,523.03
1999-11-29,543.84,519.05
1999-11-25,541.66,518.24
1999-11-24,541.01,512.61
1999-11-23,538.97,510.88
1999-11-22,538.97,510.88
1999-11-18,538.97,510.8
1999-11-17,538.17,510.59
1999-11-16,536.66,509.11
1999-11-15,533.69,507.43
1999-11-11,533.69,505.88
1999-11-10,530.11,503.88
1999-11-09,530.11,503.88
1999-11-08,530.11,503.88
1999-11-04,530.11,503.88
1999-11-03,530.11,498.95
1999-11-02,530.11,496.83
1999-11-01,530.11,496.32
1999-10-28,530.11,496.31
1999-10-27,530.11,496.31
1999-10-26,523.03,496.31
1999-10-25,519.05,496.31
1999-10-21,518.24,496.31
1999-10-20,512.61,496.31
1999-10-19,510.88,494.42
1999-10-18,510.88,492.77
1999-10-14,510.8,492.77
1999-10-13,510.59,492.77
1999-10-12,509.11,492.67
1999-10-11,507.43,487.56
1999-10-07,505.88,487.47
1999-10-05,503.88,487.47
1999-10-04,503.88,487.47
1999-09-30,503.88,487.47
1999-09-29,503.88,487.47
1999-09-28,498.95,487.47
1999-09-27,496.83,487.47
1999-09-23,496.32,487.47
1999-09-22,496.31,487.47
1999-09-21,496.31,487.47
1999-09-20,496.31,487.47
1999-09-16,496.31,487.47
1999-09-15,496.31,487.47
1999-09-14,496.31,487.47
1999-09-13,494.42,487.47
1999-09-09,492.77,487.47
1999-09-08,492.77,487.47
1999-09-07,492.77,487.47
1999-09-06,492.67,487.47
1999-09-02,487.56,487.47
1999-09-01,487.47,487.47
1999-08-31,487.47,484.9
1999-08-30,487.47,484.9
1999-08-26,487.47,483.28
1999-08-25,487.47,482.22
1999-08-24,487.47,482.22
1999-08-23,487.47,480.3
1999-08-19,487.47,476.54
1999-08-18,487.47,476.54
1999-08-17,487.47,476.54
1999-08-16,487.9,476.54
1999-08-12,487.9,474.09
1999-08-11,487.9,472.72
1999-08-10,487.9,468.52
1999-08-09,487.9,468.52
1999-08-05,487.9,468.52
1999-08-04,487.9,468.52
1999-08-03,488.23,468.52
1999-08-02,488.23,468.52
1999-07-29,488.23,467.45
1999-07-28,488.23,461.25
1999-07-27,484.9,460.6
1999-07-26,484.9,460.48
1999-07-22,483.28,460.48
1999-07-21,482.22,460.41
1999-07-20,482.22,460.41
1999-07-19,480.3,460.41
1999-07-15,476.54,460.41
1999-07-14,476.54,460.41
1999-07-13,476.54,460.41
1999-07-12,476.54,460.41
1999-07-09,474.09,460.41
1999-07-08,472.72,460.41
1999-07-07,468.52,460.41
1999-07-06,468.52,460.41
1999-07-05,468.52,460.25
1999-06-30,468.52,460.25
1999-06-29,468.52,460.25
1999-06-28,468.52,459.37
1999-06-24,467.45,459.37
1999-06-23,461.25,459.37
1999-06-22,460.6,458.74
1999-06-21,460.48,458.74
1999-06-17,460.48,458.74
1999-06-16,460.41,458.74
1999-06-15,460.41,458.74
1999-06-14,460.41,458.74
1999-06-10,460.41,458.54
1999-06-09,460.41,458.24
1999-06-08,460.41,457.84
1999-06-07,460.41,456.5
1999-06-03,460.41,456.08
1999-06-02,460.41,455.37
1999-06-01,460.41,454.85
1999-05-31,461.07,454.38
1999-05-27,460.25,453.6
1999-05-26,460.25,453.37
1999-05-25,460.25,451.57
1999-05-24,459.37,446.51
1999-05-20,459.37,446.04
1999-05-19,459.37,444.88
1999-05-18,458.74,444.88
1999-05-17,458.74,444.88
1999-05-13,458.74,444.88
1999-05-12,458.74,444.88
1999-05-11,458.74,444.88
1999-05-10,458.74,444.88
1999-05-06,458.54,444.88
1999-05-05,458.24,444.44
1999-05-04,457.84,440.06
1999-05-03,456.5,440.06
1999-04-29,456.08,440.06
1999-04-28,455.37,440.06
1999-04-27,454.85,440.06
1999-04-26,454.38,440.06
1999-04-22,453.6,440.06
1999-04-21,453.37,440.06
1999-04-20,451.57,440.06
1999-04-19,446.51,439.24
1999-04-15,446.04,439.24
1999-04-14,444.88,432.41
1999-04-13,444.88,431.15
1999-04-08,444.88,431.15
1999-04-07,444.88,431.15
1999-04-06,444.88,431.15
1999-04-01,444.88,431.15
1999-03-31,444.88,431.15
1999-03-25,444.88,431.15
1999-03-24,444.44,431.15
1999-03-23,440.06,427.0
1999-03-22,440.06,420.8
1999-03-18,440.06,420.56
1999-03-17,440.06,410.16
1999-03-16,440.06,403.87
1999-03-15,440.06,403.87
1999-03-11,440.06,401.08
1999-03-10,440.06,396.42
1999-03-09,440.06,396.42
1999-03-08,439.24,396.42
1999-03-04,439.24,391.92
1999-03-03,432.41,385.76
1999-03-02,431.15,382.77
1999-03-01,431.15,381.33
1999-02-25,431.15,380.43
1999-02-24,431.15,379.77
1999-02-23,431.15,378.57
1999-02-22,431.15,377.97
1999-02-18,431.15,377.28
1999-02-17,431.15,376.74
1999-02-15,427.0,374.95
1999-02-11,420.8,373.24
1999-02-10,420.56,371.42
1999-02-09,410.16,370.87
1999-02-08,403.87,369.83
1999-02-04,403.87,369.07
1999-02-03,401.08,368.97
1999-02-02,396.42,368.84
1999-02-01,396.42,368.84
1999-01-28,396.42,368.84
1999-01-27,391.92,368.71
1999-01-26,385.76,368.09
1999-01-25,382.77,366.78
1999-01-21,381.33,366.41
1999-01-14,380.43,366.41
1999-01-13,379.77,366.41
1999-01-12,378.57,366.41
1999-01-11,377.97,366.41
1999-01-07,377.28,365.85
1999-01-06,376.74,364.86
1999-01-05,374.95,364.86
1999-01-04,373.24,364.53
1998-12-31,371.42,364.5
1998-12-30,370.87,362.12
1998-12-29,369.83,362.12
1998-12-28,369.07,361.49
1998-12-24,368.97,359.68
1998-12-23,368.84,359.68
1998-12-22,368.84,359.68
1998-12-21,368.84,359.68
1998-12-17,368.71,359.68
1998-12-16,368.09,359.68
1998-12-15,366.78,359.68
1998-12-14,366.41,359.68
1998-12-10,366.41,359.68
1998-12-09,366.41,359.68
1998-12-08,366.41,359.68
1998-12-07,366.41,359.68
1998-12-03,365.85,359.68
1998-12-02,364.86,359.68
1998-12-01,364.86,359.68
1998-11-30,364.53,359.68
1998-11-26,364.5,359.68
1998-11-25,362.12,359.68
1998-11-24,362.12,359.68
1998-11-23,361.49,359.68
1998-11-19,359.68,359.68
1998-11-18,359.68,359.68
1998-11-17,359.68,359.68
1998-11-16,359.68,359.68
1998-11-12,359.68,359.68
1998-11-11,359.68,359.68
1998-11-09,359.68,359.68
1998-11-05,359.68,359.68
1998-11-04,359.68,359.68
1998-11-03,359.68,359.68
1998-11-02,360.73,360.73
1998-10-29,360.73,360.73
1998-10-28,361.97,357.24
1998-10-27,361.97,357.24
1998-10-26,361.97,351.92
1998-10-22,361.97,349.88
1998-10-21,362.85,349.88
1998-10-20,362.85,349.88
1998-10-19,362.85,349.88
1998-10-15,362.85,349.88
1998-10-14,362.85,349.88
1998-10-13,362.85,349.88
1998-10-12,362.85,349.88
1998-10-08,363.69,349.88
1998-10-07,363.7,349.88
1998-10-05,363.7,349.88
1998-10-01,363.43,349.88
1998-09-30,363.26,349.88
1998-09-29,362.67,349.88
1998-09-28,362.67,349.88
1998-09-24,362.67,349.88
1998-09-23,361.14,349.88
1998-09-22,357.24,349.88
1998-09-21,357.24,349.88
1998-09-17,351.92,349.88
1998-09-16,349.88,349.88
1998-09-15,349.88,349.88
1998-09-14,349.88,349.88
1998-09-10,349.88,349.88
1998-09-09,349.88,349.88
1998-09-08,349.88,349.88
1998-09-03,349.88,349.88
1998-09-02,349.88,349.88
1998-09-01,349.88,349.88
1998-08-31,349.88,349.88
1998-08-27,350.09,350.09
1998-08-26,353.2,352.65
1998-08-25,353.2,352.65
1998-08-24,355.05,352.65
1998-08-20,355.05,352.65
1998-08-19,355.41,352.65
1998-08-18,358.23,352.65
1998-08-17,361.33,352.65
1998-08-13,361.46,352.65
1998-08-12,361.46,352.65
1998-08-11,361.46,352.65
1998-08-10,360.42,352.65
1998-08-06,360.42,352.65
1998-08-05,355.42,352.65
1998-08-04,352.65,352.65
1998-08-03,352.65,352.65
1998-07-31,352.65,352.65
1998-07-30,352.65,352.65
1998-07-29,352.65,352.65
1998-07-28,352.65,352.65
1998-07-27,352.65,352.65
1998-07-23,352.65,352.65
1998-07-22,352.65,352.65
1998-07-21,352.65,352.65
1998-07-20,355.92,355.92
1998-07-16,356.65,356.65
1998-07-15,356.74,356.74
1998-07-14,357.05,357.05
1998-07-13,358.2,358.2
1998-07-09,359.3,359.3
1998-07-08,359.43,359.43
1998-07-07,359.43,359.43
1998-07-02,359.43,359.43
1998-06-30,359.43,359.43
1998-06-29,359.43,359.43
1998-06-26,359.43,359.43
1998-06-25,359.43,359.43
1998-06-24,359.43,359.43
1998-06-23,359.43,359.43
1998-06-22,364.0,364.0
1998-06-18,364.0,364.0
1998-06-17,364.0,364.0
1998-06-16,364.0,364.0
1998-06-15,364.0,364.0
1998-06-11,364.0,364.0
1998-06-10,364.0,364.0
1998-06-09,364.0,364.0
1998-06-08,364.0,364.0
1998-06-04,364.0,364.0
1998-06-03,365.28,365.28
1998-06-02,369.37,369.37
1998-06-01,374.16,374.16
1998-05-28,374.32,374.32
1998-05-27,376.28,376.28
1998-05-26,377.24,377.24
1998-05-25,379.2,379.2
1998-05-21,380.87,380.87
1998-05-20,381.72,381.34
1998-05-19,381.72,379.5
1998-05-18,381.86,378.36
1998-05-14,386.12,377.02
1998-05-13,386.12,375.21
1998-05-12,386.12,374.44
1998-05-11,386.12,373.07
1998-05-07,386.12,370.8
1998-05-06,386.12,370.31
1998-05-05,386.12,370.31
1998-05-04,390.84,370.31
1998-04-30,390.64,367.61
1998-04-29,388.59,363.55
1998-04-28,388.59,359.3
1998-04-23,388.5,358.39
1998-04-22,388.5,355.55
1998-04-21,387.22,354.93
1998-04-16,386.66,354.93
1998-04-15,386.66,353.01
1998-04-14,386.66,352.87
1998-04-13,381.34,352.87
1998-04-09,379.5,352.87
1998-04-02,378.36,352.78
1998-04-01,377.02,352.78
1998-03-31,375.21,352.78
1998-03-30,374.44,352.78
1998-03-26,373.07,349.88
1998-03-25,370.8,347.64
1998-03-24,370.31,345.4
1998-03-23,370.31,345.4
1998-03-19,370.31,345.4
1998-03-18,367.61,345.4
1998-03-17,363.55,345.4
1998-03-16,359.3,345.4
1998-03-13,358.39,345.4
1998-03-12,355.55,345.4
1998-03-11,354.93,345.4
1998-03-10,354.93,345.4
1998-03-09,353.01,345.4
1998-03-05,352.87,345.4
1998-03-04,352.87,345.4
1998-03-03,352.87,345.4
1998-03-02,352.78,345.4
1998-02-26,352.78,345.4
1998-02-25,352.78,345.4
1998-02-24,352.78,345.4
1998-02-23,349.88,345.4
1998-02-19,347.64,345.4
1998-02-18,345.4,345.4
1998-02-17,345.4,345.4
1998-02-16,345.4,345.4
1998-02-12,345.4,345.4
1998-02-11,345.4,345.4
1998-02-10,345.4,345.4
1998-02-09,345.4,345.4
1998-02-05,345.4,345.4
1998-02-04,345.4,335.56
1998-02-03,345.4,326.72
1998-02-02,352.59,326.72
1998-01-27,354.65,326.72
1998-01-26,356.77,326.72
1998-01-22,356.77,326.72
1998-01-21,357.04,326.72
1998-01-20,357.04,326.72
1998-01-19,357.04,326.72
1998-01-15,357.04,326.72
1998-01-14,357.36,326.72
1998-01-13,354.24,326.72
1998-01-12,353.6,326.72
1998-01-08,352.54,326.72
1998-01-07,350.2,326.72
1998-01-06,349.18,326.72
1998-01-05,349.04,326.72
1998-01-01,349.04,326.72
1997-12-31,349.04,326.72
1997-12-30,347.85,326.72
1997-12-29,335.56,326.72
1997-12-25,326.72,326.72
1997-12-24,326.72,326.72
1997-12-23,326.72,326.72
1997-12-22,326.72,326.72
1997-12-18,326.72,326.72
1997-12-17,326.72,326.72
1997-12-16,326.72,326.72
1997-12-15,326.72,326.72
1997-12-11,326.72,326.72
1997-12-10,326.72,326.72
1997-12-09,333.93,333.93
1997-12-08,338.85,338.85
1997-12-04,338.85,338.85
1997-12-03,342.54,342.54
1997-12-02,342.64,342.64
1997-12-01,342.64,342.64
1997-11-27,342.64,342.64
1997-11-26,342.64,342.64
1997-11-25,342.64,342.64
1997-11-24,342.64,342.64
1997-11-20,342.64,342.64
1997-11-19,346.92,346.92
1997-11-18,352.59,352.59
1997-11-17,353.19,353.19
1997-11-14,353.78,353.78
1997-11-13,354.36,354.36
1997-11-12,355.67,355.67
1997-11-11,355.67,355.67
1997-11-10,355.67,355.67
1997-11-06,355.67,355.67
1997-11-05,355.67,355.67
1997-11-04,355.67,355.67
1997-11-03,355.67,355.67
1997-10-30,355.67,355.67
1997-10-29,355.67,355.67
1997-10-28,365.09,364.65
1997-10-27,366.12,363.08
1997-10-24,366.12,360.43
1997-10-23,366.12,358.61
1997-10-22,366.12,358.61
1997-10-21,366.12,358.61
1997-10-20,366.12,358.61
1997-10-16,366.12,358.61
1997-10-15,366.12,348.79
1997-10-14,369.16,341.86
1997-10-13,373.69,339.43
1997-10-09,374.49,337.5
1997-10-08,375.19,337.17
1997-10-07,373.09,336.56
1997-10-02,370.31,335.15
1997-10-01,369.55,333.53
1997-09-30,369.55,333.53
1997-09-29,369.55,333.53
1997-09-25,369.55,333.53
1997-09-24,369.36,333.53
1997-09-23,364.65,333.29
1997-09-22,363.08,331.3
1997-09-18,360.43,331.3
1997-09-17,358.61,331.3
1997-09-16,358.61,331.3
1997-09-15,358.61,331.3
1997-09-11,358.61,331.3
1997-09-10,358.61,331.3
1997-09-09,348.79,331.3
1997-09-08,341.86,331.3
1997-09-04,339.43,331.3
1997-09-03,337.5,331.3
1997-09-02,337.17,331.3
1997-09-01,336.56,331.3
1997-08-28,335.15,331.3
1997-08-27,333.53,331.3
1997-08-26,333.53,331.3
1997-08-25,333.53,331.3
1997-08-21,333.53,331.3
1997-08-20,333.53,331.3
1997-08-19,333.29,331.3
1997-08-18,331.3,331.3
1997-08-15,331.3,331.3
1997-08-14,331.3,331.3
1997-08-13,331.3,331.3
1997-08-12,331.3,331.3
1997-08-11,331.3,331.3
1997-08-08,331.3,
1997-08-07,331.3,
1997-08-06,331.3,
1997-08-05,331.3,
1997-08-04,333.11,
1997-07-30,333.11,
1997-07-29,333.11,
1997-07-28,333.11,
1997-07-24,333.11,
1997-07-22,334.51,
1997-07-21,,
1997-07-16,,
1997-07-15,,
1997-07-14,,
1997-07-10,,
1997-07-09,,
1997-07-08,,
1997-07-07,,
1997-07-03,,
1997-07-02,,
